tanggal,prcp_mm,tmax_c,tmin_c,tavg_c
1942-11-21,,,,24.400000000000002
1942-11-22,,,,27.700000000000003
1942-11-23,,,,28.200000000000003
1942-11-24,,,,28.200000000000003
1942-11-25,,,,28.400000000000002
1942-11-26,,,,27.6
1942-11-27,,,,27.1
1942-11-28,,,,28.400000000000002
1942-11-29,,,,26.700000000000003
1942-11-30,,,,28.200000000000003
1942-12-01,,,,28.200000000000003
1942-12-02,,,,28.6
1942-12-03,,,,27.700000000000003
1942-12-04,,,,27.700000000000003
1942-12-05,,,,28.200000000000003
1942-12-06,,,,27.400000000000002
1942-12-07,,,,28.3
1942-12-08,,,,27.3
1942-12-09,,,,26.700000000000003
1942-12-10,,,,27.6
1942-12-11,,,,25.700000000000003
1942-12-12,,,,26.6
1942-12-13,,,,25.8
1942-12-14,,,,28.3
1942-12-15,,,,26.200000000000003
1942-12-16,,,,28.6
1942-12-17,,,,26.0
1942-12-18,,,,26.200000000000003
1942-12-19,,,,27.8
1942-12-20,,,,24.400000000000002
1942-12-21,,,,27.3
1942-12-22,,,,27.0
1942-12-23,,,,27.8
1942-12-24,,,,26.3
1942-12-25,,,,26.1
1942-12-26,,,,26.200000000000003
1942-12-27,,,,28.200000000000003
1942-12-28,,,,26.6
1942-12-29,,,,27.200000000000003
1942-12-30,,,,28.0
1942-12-31,,,,25.700000000000003
1943-01-01,,,,28.1
1943-01-02,,,,27.700000000000003
1943-01-03,,,,27.700000000000003
1943-01-04,,,,27.200000000000003
1943-01-05,,,,27.3
1943-01-06,,,,26.6
1943-01-07,,,,27.200000000000003
1943-01-08,,,,27.200000000000003
1943-01-09,,,,27.6
1943-01-10,,,,24.400000000000002
1943-01-11,,,,27.5
1943-01-12,,,,26.1
1943-01-13,,,,27.6
1943-01-14,,,,28.400000000000002
1943-01-15,,,,26.8
1943-01-16,,,,27.700000000000003
1943-01-17,,,,28.1
1943-01-18,,,,26.400000000000002
1943-01-19,,,,27.900000000000002
1943-01-20,,,,23.900000000000002
1943-01-21,,,,26.6
1943-01-22,,,,26.6
1943-01-23,,,,27.700000000000003
1943-01-24,,,,27.1
1943-01-25,,,,28.1
1943-01-26,,,,27.900000000000002
1943-01-27,,,,26.400000000000002
1943-01-28,,,,25.900000000000002
1943-01-29,,,,27.6
1943-01-30,,,,27.6
1943-01-31,,,,27.400000000000002
1943-02-01,,,,24.8
1943-02-02,,,,27.3
1943-02-03,,,,28.400000000000002
1943-02-04,,,,26.400000000000002
1943-02-05,,,,27.6
1943-02-06,,,,26.900000000000002
1943-02-07,,,,26.8
1943-02-08,,,,27.700000000000003
1943-02-09,,,,26.400000000000002
1943-02-10,,,,25.400000000000002
1943-02-11,,,,26.3
1943-02-12,,,,26.1
1943-02-13,,,,25.900000000000002
1943-02-14,,,,27.5
1943-02-15,,,,26.3
1943-02-16,,,,25.5
1943-02-17,,,,26.8
1943-02-18,,,,26.6
1943-02-19,,,,26.8
1943-02-20,,,,25.700000000000003
1943-02-21,,,,26.700000000000003
1943-02-22,,,,26.400000000000002
1943-02-23,,,,26.3
1943-02-24,,,,26.8
1943-02-25,,,,25.6
1943-02-26,,,,25.900000000000002
1943-02-27,,,,27.5
1943-02-28,,,,25.400000000000002
1943-03-01,,,,26.8
1943-03-02,,,,26.3
1943-03-03,,,,25.700000000000003
1943-03-04,,,,26.8
1943-03-05,,,,26.5
1943-03-06,,,,26.900000000000002
1943-03-07,,,,27.400000000000002
1943-03-08,,,,27.6
1943-03-09,,,,26.900000000000002
1943-03-10,,,,24.8
1943-03-11,,,,25.400000000000002
1943-03-12,,,,24.700000000000003
1943-03-13,,,,25.900000000000002
1943-03-14,,,,26.200000000000003
1943-03-15,,,,26.3
1943-03-16,,,,26.1
1943-03-17,,,,26.700000000000003
1943-03-18,,,,27.200000000000003
1943-03-19,,,,26.900000000000002
1943-03-20,,,,26.3
1943-03-21,,,,26.6
1943-03-22,,,,25.400000000000002
1943-03-23,,,,25.8
1943-03-24,,,,26.900000000000002
1943-03-25,,,,26.700000000000003
1943-03-26,,,,26.400000000000002
1943-03-27,,,,27.6
1943-03-28,,,,27.1
1943-03-29,,,,25.700000000000003
1943-03-30,,,,26.400000000000002
1943-03-31,,,,26.3
1943-04-01,,,,26.8
1943-04-02,,,,26.200000000000003
1943-04-03,,,,26.900000000000002
1943-04-04,,,,26.8
1943-04-05,,,,26.900000000000002
1943-04-06,,,,27.400000000000002
1943-04-07,,,,26.200000000000003
1943-04-08,,,,25.1
1943-04-09,,,,26.1
1943-04-10,,,,27.3
1943-04-11,,,,27.400000000000002
1943-04-12,,,,24.700000000000003
1943-04-13,,,,26.200000000000003
1943-04-14,,,,26.700000000000003
1943-04-15,,,,27.0
1943-04-16,,,,26.700000000000003
1943-04-17,,,,25.6
1943-04-18,,,,26.6
1943-04-19,,,,25.8
1943-04-20,,,,26.200000000000003
1943-04-21,,,,26.3
1943-04-22,,,,25.1
1943-04-23,,,,25.8
1943-04-24,,,,27.0
1943-04-25,,,,26.3
1943-04-26,,,,25.900000000000002
1943-04-27,,,,25.900000000000002
1943-04-28,,,,26.400000000000002
1943-04-29,,,,27.0
1943-04-30,,,,26.6
1943-05-01,,,,26.6
1943-05-02,,,,26.1
1943-05-03,,,,25.0
1943-05-04,,,,25.900000000000002
1943-05-05,,,,25.1
1943-05-06,,,,25.400000000000002
1943-05-07,,,,26.3
1943-05-08,,,,26.1
1943-05-09,,,,25.400000000000002
1943-05-10,,,,26.6
1943-05-11,,,,26.6
1943-05-12,,,,26.700000000000003
1943-05-13,,,,26.8
1943-05-14,,,,26.200000000000003
1943-05-15,,,,26.400000000000002
1943-05-16,,,,26.8
1943-05-17,,,,26.1
1943-05-18,,,,25.900000000000002
1943-05-19,,,,25.400000000000002
1943-05-20,,,,25.6
1943-05-21,,,,24.200000000000003
1943-05-22,,,,26.3
1943-05-23,,,,26.900000000000002
1943-05-24,,,,25.8
1943-05-25,,,,25.5
1943-05-26,,,,26.200000000000003
1943-05-27,,,,26.3
1943-05-28,,,,26.3
1943-05-29,,,,26.0
1943-05-30,,,,25.200000000000003
1943-05-31,,,,26.1
1943-06-01,,,,26.1
1943-06-02,,,,26.0
1943-06-03,,,,25.700000000000003
1943-06-04,,,,26.900000000000002
1943-06-05,,,,25.8
1943-06-06,,,,25.1
1943-06-07,,,,25.400000000000002
1943-06-08,,,,25.1
1943-06-09,,,,25.8
1943-06-10,,,,25.900000000000002
1943-06-11,,,,25.700000000000003
1943-06-12,,,,25.900000000000002
1943-06-13,,,,24.8
1943-06-14,,,,26.200000000000003
1943-06-15,,,,25.3
1943-06-16,,,,25.700000000000003
1943-06-17,,,,25.1
1943-06-18,,,,25.0
1943-06-19,,,,25.400000000000002
1943-06-20,,,,25.5
1943-06-21,,,,24.200000000000003
1943-06-22,,,,24.700000000000003
1943-06-23,,,,23.8
1943-06-24,,,,24.1
1943-06-25,,,,23.8
1943-06-26,,,,24.400000000000002
1943-06-27,,,,24.5
1943-06-28,,,,24.200000000000003
1943-06-29,,,,23.3
1943-06-30,,,,23.700000000000003
1943-07-01,,,,23.3
1943-07-02,,,,24.3
1943-07-03,,,,24.3
1943-07-04,,,,24.8
1943-07-05,,,,25.200000000000003
1943-07-06,,,,24.8
1943-07-07,,,,25.8
1943-07-08,,,,24.8
1943-07-09,,,,25.6
1943-07-10,,,,25.3
1943-07-11,,,,25.400000000000002
1943-07-12,,,,25.200000000000003
1943-07-13,,,,24.8
1943-07-14,,,,24.200000000000003
1943-07-15,,,,23.900000000000002
1943-07-16,,,,24.400000000000002
1943-07-17,,,,23.700000000000003
1943-07-18,,,,25.3
1943-07-19,,,,25.200000000000003
1943-07-20,,,,25.8
1943-07-21,,,,24.200000000000003
1943-07-22,,,,24.3
1943-07-23,,,,24.6
1943-07-24,,,,24.700000000000003
1943-07-25,,,,24.400000000000002
1943-07-26,,,,22.3
1943-07-27,,,,25.1
1943-07-28,,,,24.900000000000002
1943-07-29,,,,25.1
1943-07-30,,,,25.5
1943-07-31,,,,25.0
1943-08-01,,,,25.400000000000002
1943-08-02,,,,24.900000000000002
1943-08-03,,,,25.1
1943-08-04,,,,25.1
1943-08-05,,,,25.0
1943-08-06,,,,25.0
1943-08-07,,,,25.200000000000003
1943-08-08,,,,25.1
1943-08-09,,,,24.400000000000002
1943-08-10,,,,25.3
1943-08-11,,,,25.200000000000003
1943-08-12,,,,24.400000000000002
1943-08-13,,,,24.400000000000002
1943-08-14,,,,24.900000000000002
1943-08-15,,,,25.700000000000003
1943-08-16,,,,25.3
1943-08-17,,,,25.400000000000002
1943-08-18,,,,25.1
1943-08-19,,,,25.400000000000002
1943-08-20,,,,25.400000000000002
1943-08-21,,,,24.8
1943-08-22,,,,25.400000000000002
1943-08-23,,,,25.3
1943-08-24,,,,26.200000000000003
1943-08-25,,,,24.900000000000002
1943-08-26,,,,25.5
1943-08-27,,,,25.3
1943-08-28,,,,25.6
1943-08-29,,,,25.6
1943-08-30,,,,25.200000000000003
1943-08-31,,,,24.8
1943-09-01,,,,24.900000000000002
1943-09-02,,,,25.1
1943-09-03,,,,25.900000000000002
1943-09-04,,,,26.400000000000002
1943-09-05,,,,25.8
1943-09-06,,,,25.3
1943-09-07,,,,25.6
1943-09-08,,,,25.8
1943-09-09,,,,26.1
1943-09-10,,,,25.3
1943-09-11,,,,24.8
1943-09-12,,,,25.200000000000003
1943-09-13,,,,25.3
1943-09-14,,,,25.1
1943-09-15,,,,25.0
1943-09-16,,,,25.400000000000002
1943-09-17,,,,25.200000000000003
1943-09-18,,,,26.700000000000003
1943-09-19,,,,24.6
1943-09-20,,,,26.200000000000003
1943-09-21,,,,27.1
1943-09-22,,,,26.200000000000003
1943-09-23,,,,27.200000000000003
1943-09-24,,,,27.400000000000002
1943-09-25,,,,27.1
1943-09-26,,,,26.8
1943-09-27,,,,26.8
1943-09-28,,,,27.3
1943-09-29,,,,25.5
1943-09-30,,,,26.700000000000003
1943-10-01,,,,25.3
1943-10-02,,,,25.200000000000003
1943-10-03,,,,26.1
1943-10-04,,,,27.1
1943-10-05,,,,26.400000000000002
1943-10-06,,,,23.700000000000003
1943-10-07,,,,26.0
1943-10-08,,,,26.400000000000002
1943-10-09,,,,26.400000000000002
1943-10-10,,,,26.6
1943-10-11,,,,27.400000000000002
1943-10-12,,,,26.700000000000003
1943-10-13,,,,27.1
1943-10-14,,,,26.5
1943-10-15,,,,26.700000000000003
1943-10-16,,,,26.400000000000002
1943-10-17,,,,27.200000000000003
1943-10-18,,,,27.6
1943-10-19,,,,27.3
1943-10-20,,,,27.400000000000002
1943-10-21,,,,26.5
1943-10-22,,,,27.0
1943-10-23,,,,26.200000000000003
1943-10-24,,,,26.400000000000002
1943-10-25,,,,27.200000000000003
1943-10-26,,,,27.8
1943-10-27,,,,25.3
1943-10-28,,,,25.1
1943-10-29,,,,25.900000000000002
1943-10-30,,,,27.6
1943-10-31,,,,26.3
1943-11-01,,,,27.400000000000002
1943-11-02,,,,27.900000000000002
1943-11-03,,,,26.200000000000003
1943-11-04,,,,26.6
1943-11-05,,,,27.1
1943-11-06,,,,27.900000000000002
1943-11-07,,,,27.6
1943-11-08,,,,26.8
1943-11-09,,,,26.8
1943-11-10,,,,25.700000000000003
1943-11-11,,,,24.8
1943-11-12,,,,26.0
1943-11-13,,,,26.200000000000003
1943-11-14,,,,26.1
1943-11-15,,,,24.3
1943-11-16,,,,28.0
1943-11-17,,,,27.6
1943-11-18,,,,26.200000000000003
1943-11-19,,,,26.3
1943-11-20,,,,26.400000000000002
1943-11-21,,,,27.3
1943-11-22,,,,25.5
1943-11-23,,,,27.8
1943-11-24,,,,26.900000000000002
1943-11-25,,,,26.8
1943-11-26,,,,26.400000000000002
1943-11-27,,,,25.8
1943-11-28,,,,26.200000000000003
1943-11-29,,,,24.3
1943-11-30,,,,26.400000000000002
1943-12-01,,,,27.700000000000003
1943-12-02,,,,27.1
1943-12-03,,,,27.200000000000003
1943-12-04,,,,27.6
1943-12-05,,,,26.1
1943-12-06,,,,25.200000000000003
1943-12-07,,,,28.3
1943-12-08,,,,28.400000000000002
1943-12-09,,,,26.8
1943-12-10,,,,26.6
1943-12-11,,,,25.200000000000003
1943-12-12,,,,26.5
1943-12-13,,,,26.6
1943-12-14,,,,27.5
1943-12-15,,,,28.0
1943-12-16,,,,27.6
1943-12-17,,,,26.5
1943-12-18,,,,27.8
1943-12-19,,,,28.3
1943-12-20,,,,28.1
1943-12-21,,,,28.400000000000002
1943-12-22,,,,28.400000000000002
1943-12-23,,,,27.900000000000002
1943-12-24,,,,26.3
1943-12-25,,,,27.6
1943-12-26,,,,26.900000000000002
1943-12-27,,,,26.400000000000002
1943-12-28,,,,27.700000000000003
1943-12-29,,,,26.900000000000002
1943-12-30,,,,28.1
1943-12-31,,,,28.1
1944-01-01,,,,27.6
1944-01-02,,,,28.400000000000002
1944-01-03,,,,27.900000000000002
1944-01-04,,,,25.400000000000002
1944-01-05,,,,26.8
1944-01-06,,,,26.900000000000002
1944-01-07,,,,25.900000000000002
1944-01-08,,,,26.700000000000003
1944-01-09,,,,26.6
1944-01-10,,,,27.8
1944-01-11,,,,27.6
1944-01-12,,,,27.400000000000002
1944-01-13,,,,27.700000000000003
1944-01-14,,,,26.200000000000003
1944-01-15,,,,25.3
1944-01-16,,,,27.700000000000003
1944-01-17,,,,28.1
1944-01-18,,,,28.8
1944-01-19,,,,28.3
1944-01-20,,,,26.900000000000002
1944-01-21,,,,27.400000000000002
1944-01-22,,,,28.200000000000003
1944-01-23,,,,27.8
1944-01-24,,,,25.3
1944-01-25,,,,27.400000000000002
1944-01-26,,,,26.900000000000002
1944-01-27,,,,27.200000000000003
1944-01-28,,,,26.6
1944-01-29,,,,24.8
1944-01-30,,,,26.5
1944-01-31,,,,28.1
1944-02-01,,,,26.8
1944-02-02,,,,26.200000000000003
1944-02-03,,,,27.3
1944-02-04,,,,26.400000000000002
1944-02-05,,,,26.200000000000003
1944-02-06,,,,27.1
1944-02-07,,,,26.700000000000003
1944-02-08,,,,26.200000000000003
1944-02-09,,,,26.400000000000002
1944-02-10,,,,27.8
1944-02-11,,,,27.8
1944-02-12,,,,26.400000000000002
1944-02-13,,,,26.8
1944-02-14,,,,27.700000000000003
1944-02-15,,,,26.6
1944-02-16,,,,28.200000000000003
1944-02-17,,,,28.3
1944-02-18,,,,27.8
1944-02-19,,,,28.5
1944-02-20,,,,27.700000000000003
1944-02-21,,,,25.8
1944-02-22,,,,27.200000000000003
1944-02-23,,,,27.900000000000002
1944-02-24,,,,26.1
1944-02-25,,,,26.1
1944-02-26,,,,26.700000000000003
1944-02-27,,,,26.3
1944-02-28,,,,26.900000000000002
1944-02-29,,32.9,23.0,27.700000000000003
1944-03-01,,,,26.6
1944-03-02,,,,25.0
1944-03-03,,,,26.400000000000002
1944-03-04,,,,28.1
1944-03-05,,,,26.6
1944-03-06,,,,25.0
1944-03-07,,,,26.6
1944-03-08,,,,25.1
1944-03-09,,,,27.400000000000002
1944-03-10,,,,27.3
1944-03-11,,,,26.900000000000002
1944-03-12,,,,25.900000000000002
1944-03-13,,,,26.6
1944-03-14,,,,25.6
1944-03-15,,,,27.1
1944-03-16,,,,26.200000000000003
1944-03-17,,,,27.200000000000003
1944-03-18,,,,25.5
1944-03-19,,,,28.200000000000003
1944-03-20,,,,26.700000000000003
1944-03-21,,,,25.1
1944-03-22,,,,26.1
1944-03-23,,,,26.8
1944-03-24,,,,26.900000000000002
1944-03-25,,,,26.200000000000003
1944-03-26,,,,26.1
1944-03-27,,,,26.3
1944-03-28,,,,26.8
1944-03-29,,,,27.6
1944-03-30,,,,27.6
1944-03-31,,,,27.3
1944-04-01,,,,27.3
1944-04-02,,,,26.6
1944-04-03,,,,25.900000000000002
1944-04-04,,,,26.700000000000003
1944-04-05,,,,26.8
1944-04-06,,,,26.1
1944-04-07,,,,27.1
1944-04-08,,,,25.8
1944-04-09,,,,25.900000000000002
1944-04-10,,,,25.900000000000002
1944-04-11,,,,27.1
1944-04-12,,,,26.8
1944-04-13,,,,26.400000000000002
1944-04-14,,,,26.8
1944-04-15,,,,26.400000000000002
1944-04-16,,,,25.8
1944-04-17,,,,26.6
1944-04-18,,,,27.200000000000003
1944-04-19,,,,27.3
1944-04-20,,,,27.1
1944-04-21,,,,27.1
1944-04-22,,,,26.8
1944-04-23,,,,26.8
1944-04-24,,,,26.6
1944-04-25,,,,25.8
1944-04-26,,,,26.3
1944-04-27,,,,26.900000000000002
1944-04-28,,,,27.200000000000003
1944-04-29,,,,26.1
1944-04-30,,,,25.400000000000002
1944-05-01,,,,26.3
1944-05-02,,,,25.5
1944-05-03,,,,25.400000000000002
1944-05-04,,,,25.900000000000002
1944-05-05,,,,25.900000000000002
1944-05-06,,,,26.3
1944-05-07,,,,25.200000000000003
1944-05-08,,,,25.3
1944-05-09,,,,25.200000000000003
1944-05-10,,,,25.8
1944-05-11,,,,25.3
1944-05-12,,,,26.200000000000003
1944-05-13,,,,26.6
1944-05-14,,,,26.700000000000003
1944-05-15,,,,26.900000000000002
1944-05-16,,,,26.400000000000002
1944-05-17,,,,27.200000000000003
1944-05-18,,,,27.200000000000003
1944-05-19,,,,27.200000000000003
1944-05-20,,,,26.700000000000003
1944-05-21,,,,26.400000000000002
1944-05-22,,,,26.3
1944-05-23,,,,24.8
1944-05-24,,,,26.200000000000003
1944-05-25,,,,26.3
1944-05-26,,,,26.3
1944-05-27,,,,26.3
1944-05-28,,,,25.900000000000002
1944-05-29,,,,25.200000000000003
1944-05-30,,,,25.8
1944-05-31,,,,25.0
1944-06-01,,,,23.5
1944-06-02,,,,25.6
1944-06-03,,,,26.1
1944-06-04,,,,26.3
1944-06-05,,,,24.900000000000002
1944-06-06,,,,24.1
1944-06-07,,,,24.1
1944-06-08,,,,23.900000000000002
1944-06-09,,,,23.200000000000003
1944-06-10,,,,24.1
1944-06-11,,,,24.400000000000002
1944-06-12,,,,25.3
1944-06-13,,,,25.400000000000002
1944-06-14,,,,25.200000000000003
1944-06-15,,,,25.200000000000003
1944-06-16,,,,25.8
1944-06-17,,,,24.700000000000003
1944-06-18,,,,25.3
1944-06-19,,,,25.8
1944-06-20,,,,25.1
1944-06-21,,,,25.200000000000003
1944-06-22,,,,24.6
1944-06-23,,,,25.400000000000002
1944-06-24,,,,25.3
1944-06-25,,,,24.8
1944-06-26,,,,25.1
1944-06-27,,,,25.1
1944-06-28,,,,25.3
1944-06-29,,,,24.6
1944-06-30,,,,24.900000000000002
1944-07-01,,,,25.3
1944-07-02,,,,25.3
1944-07-03,,,,25.1
1944-07-04,,,,23.900000000000002
1944-07-05,,,,24.3
1944-07-06,,,,24.400000000000002
1944-07-07,,,,24.400000000000002
1944-07-08,,,,24.3
1944-07-09,,,,25.6
1944-07-10,,,,25.3
1944-07-11,,,,25.1
1944-07-12,,,,24.8
1944-07-13,,,,24.3
1944-07-14,,,,24.400000000000002
1944-07-15,,,,24.1
1944-07-16,,,,23.8
1944-07-17,,,,24.3
1944-07-18,,,,24.6
1944-07-19,,,,23.8
1944-07-20,,,,23.6
1944-07-21,,,,23.6
1944-07-22,,,,23.6
1944-07-23,,,,24.700000000000003
1944-07-24,,,,24.700000000000003
1944-07-25,,,,25.0
1944-07-26,,,,24.900000000000002
1944-07-27,,,,25.3
1944-07-28,,,,23.700000000000003
1944-07-29,,,,23.900000000000002
1944-07-30,,,,24.1
1944-07-31,,,,24.5
1944-08-01,,,,24.900000000000002
1944-08-02,,,,24.5
1944-08-03,,,,25.0
1944-08-04,,,,24.1
1944-08-05,,,,23.6
1944-08-06,,,,24.5
1944-08-07,,,,24.1
1944-08-08,,,,24.400000000000002
1944-08-09,,,,23.900000000000002
1944-08-10,,,,24.6
1944-08-11,,,,24.400000000000002
1944-08-12,,,,24.8
1944-08-13,,,,23.5
1944-08-14,,,,24.0
1944-08-15,,,,23.3
1944-08-16,,,,23.6
1944-08-17,,,,24.400000000000002
1944-08-18,,,,24.700000000000003
1944-08-19,,,,24.5
1944-08-20,,,,25.0
1944-08-21,,,,25.1
1944-08-22,,,,25.400000000000002
1944-08-23,,,,25.1
1944-08-24,,,,25.200000000000003
1944-08-25,,,,25.200000000000003
1944-08-26,,,,25.0
1944-08-27,,,,24.8
1944-08-28,,,,24.3
1944-08-29,,,,23.900000000000002
1944-08-30,,,,24.6
1944-08-31,,,,24.700000000000003
1944-09-01,,,,24.200000000000003
1944-09-02,,,,24.400000000000002
1944-09-03,,,,25.6
1944-09-04,,,,24.400000000000002
1944-09-05,,,,24.6
1944-09-06,,,,24.6
1944-09-07,,,,25.1
1944-09-08,,,,24.3
1944-09-09,,,,25.0
1944-09-10,,,,25.200000000000003
1944-09-11,,,,25.3
1944-09-12,,,,25.400000000000002
1944-09-13,,,,25.3
1944-09-14,,,,24.900000000000002
1944-09-15,,,,25.5
1944-09-16,,,,25.400000000000002
1944-09-17,,,,26.200000000000003
1944-09-18,,,,25.6
1944-09-19,,,,25.400000000000002
1944-09-20,,,,25.200000000000003
1944-09-21,,,,26.3
1944-09-22,,,,24.900000000000002
1944-09-23,,,,25.8
1944-09-24,,,,24.900000000000002
1944-09-25,,,,25.400000000000002
1944-09-26,,,,24.400000000000002
1944-09-27,,,,24.1
1944-09-28,,,,23.900000000000002
1944-09-29,,,,24.700000000000003
1944-09-30,,,,25.200000000000003
1944-10-01,,,,24.900000000000002
1944-10-02,,,,25.0
1944-10-03,,,,24.700000000000003
1944-10-04,,,,25.400000000000002
1944-10-05,,,,26.1
1944-10-06,,,,26.6
1944-10-07,,,,24.900000000000002
1944-10-08,,,,25.3
1944-10-09,,,,25.6
1944-10-10,,,,25.400000000000002
1944-10-11,,,,25.3
1944-10-12,,,,25.6
1944-10-13,,,,25.400000000000002
1944-10-14,,,,25.700000000000003
1944-10-15,,,,26.3
1944-10-16,,,,26.3
1944-10-17,,,,27.200000000000003
1944-10-18,,,,26.3
1944-10-19,,,,27.0
1944-10-20,,,,26.3
1944-10-21,,,,25.3
1944-10-22,,,,25.200000000000003
1944-10-23,,,,26.1
1944-10-24,,,,26.5
1944-10-25,,,,26.6
1944-10-26,,,,26.400000000000002
1944-10-27,,,,26.1
1944-10-28,,,,26.8
1944-10-29,,,,26.6
1944-10-30,,,,27.200000000000003
1944-10-31,,,,28.3
1944-11-01,,,,26.400000000000002
1944-11-02,,,,26.3
1944-11-03,,,,26.6
1944-11-04,,,,26.700000000000003
1944-11-05,,,,26.200000000000003
1944-11-06,,,,25.6
1944-11-07,,,,25.1
1944-11-08,,,,25.900000000000002
1944-11-09,,,,26.400000000000002
1944-11-10,,,,27.6
1944-11-11,,,,27.700000000000003
1944-11-12,,,,27.200000000000003
1944-11-13,,,,27.1
1944-11-14,,,,27.0
1944-11-15,,,,27.0
1944-11-16,,,,26.8
1944-11-17,,,,27.1
1944-11-18,,,,27.5
1944-11-19,,,,28.1
1944-11-20,,,,28.3
1944-11-21,,,,27.8
1944-11-22,,,,27.5
1944-11-23,,,,27.900000000000002
1944-11-24,,,,27.700000000000003
1944-11-25,,,,27.8
1944-11-26,,,,28.200000000000003
1944-11-27,,,,28.1
1944-11-28,,,,28.200000000000003
1944-11-29,,,,28.6
1944-11-30,,,,28.400000000000002
1944-12-01,,,,28.6
1944-12-02,,,,28.0
1944-12-03,,,,27.400000000000002
1944-12-04,,,,28.3
1944-12-05,,,,26.900000000000002
1944-12-06,,,,26.5
1944-12-07,,,,26.200000000000003
1944-12-08,,,,27.400000000000002
1944-12-09,,,,27.5
1944-12-10,,,,28.3
1944-12-11,,,,28.3
1944-12-12,,,,28.1
1944-12-13,,,,28.200000000000003
1944-12-14,,,,28.200000000000003
1944-12-15,,,,28.8
1944-12-16,,,,24.3
1944-12-17,,,,27.900000000000002
1944-12-18,,,,28.5
1944-12-19,,,,27.6
1944-12-20,,,,27.5
1944-12-21,,,,26.8
1944-12-22,,,,26.6
1944-12-23,,,,26.700000000000003
1944-12-24,,,,27.0
1944-12-25,,,,27.3
1944-12-26,,,,27.8
1944-12-27,,,,28.0
1944-12-28,,,,26.6
1944-12-29,,,,27.6
1944-12-30,,,,26.5
1944-12-31,,,,25.6
1945-01-01,,,,27.0
1945-01-02,,,,27.1
1945-01-03,,,,25.900000000000002
1945-01-04,,,,27.1
1945-01-05,,,,26.1
1945-01-06,,,,25.900000000000002
1945-01-07,,,,27.900000000000002
1945-01-08,,,,28.3
1945-01-09,,,,27.400000000000002
1945-01-10,,,,26.1
1945-01-11,,,,28.400000000000002
1945-01-12,,,,28.6
1945-01-13,,,,27.200000000000003
1945-01-14,,,,26.0
1945-01-15,,,,27.200000000000003
1945-01-16,,,,28.1
1945-01-17,,,,26.900000000000002
1945-01-18,,,,27.1
1945-01-19,,,,25.900000000000002
1945-01-20,,,,26.700000000000003
1945-01-21,,,,27.400000000000002
1945-01-22,,,,26.6
1945-01-23,,,,27.200000000000003
1945-01-24,,,,27.400000000000002
1945-01-25,,,,26.400000000000002
1945-01-26,,,,26.3
1945-01-27,,,,26.400000000000002
1945-01-28,,,,26.8
1945-01-29,,,,27.6
1945-01-30,,,,27.8
1945-01-31,,,,28.3
1945-02-01,,,,27.400000000000002
1945-02-02,,,,27.5
1945-02-03,,,,27.3
1945-02-04,,,,26.900000000000002
1945-02-05,,,,26.5
1945-02-06,,,,26.3
1945-02-07,,,,27.200000000000003
1945-02-08,,,,28.400000000000002
1945-02-09,,,,26.200000000000003
1945-02-10,,,,27.900000000000002
1945-02-11,,,,26.900000000000002
1945-02-12,,,,24.6
1945-02-13,,,,28.400000000000002
1945-02-14,,,,26.700000000000003
1945-02-15,,,,28.6
1945-02-16,,,,28.3
1945-02-17,,,,27.3
1945-02-18,,,,28.0
1945-02-19,,,,28.400000000000002
1945-02-20,,,,27.400000000000002
1945-02-21,,,,27.8
1945-02-22,,,,27.700000000000003
1945-02-23,,,,26.8
1945-02-24,,,,27.0
1945-02-25,,,,25.8
1945-02-26,,,,27.5
1945-02-27,,,,27.3
1945-02-28,,,,25.700000000000003
1945-03-01,,,,25.900000000000002
1945-03-02,,,,25.3
1945-03-03,,,,25.8
1945-03-04,,,,27.0
1945-03-05,,,,27.200000000000003
1945-03-06,,,,26.6
1945-03-07,,,,26.6
1945-03-08,,,,26.8
1945-03-09,,,,25.8
1945-03-10,,,,27.700000000000003
1945-03-11,,,,26.3
1945-03-12,,,,26.8
1945-03-13,,,,27.1
1945-03-14,,,,26.8
1945-03-15,,,,25.700000000000003
1945-03-16,,,,25.900000000000002
1945-03-17,,,,26.8
1945-03-18,,,,26.8
1945-03-19,,,,27.6
1945-03-20,,,,27.8
1945-03-21,,,,27.5
1945-03-22,,,,26.6
1945-03-23,,,,27.1
1945-03-24,,,,27.3
1945-03-25,,,,26.8
1945-03-26,,,,25.900000000000002
1945-03-27,,,,26.6
1945-03-28,,,,27.200000000000003
1945-03-29,,,,26.400000000000002
1945-03-30,,,,26.6
1945-03-31,,,,27.8
1945-04-01,,,,26.900000000000002
1945-04-02,,,,25.6
1945-04-03,,,,25.700000000000003
1945-04-04,,,,25.8
1945-04-05,,,,26.0
1945-04-06,,,,26.900000000000002
1945-04-07,,,,26.400000000000002
1945-04-08,,,,25.700000000000003
1945-04-09,,,,27.200000000000003
1945-04-10,,,,24.900000000000002
1945-04-11,,,,25.8
1945-04-12,,,,25.1
1945-04-13,,,,25.8
1945-04-14,,,,26.1
1945-04-15,,,,26.6
1945-04-16,,,,26.1
1945-04-17,,,,27.400000000000002
1945-04-18,,,,26.6
1945-04-19,,,,25.700000000000003
1945-04-20,,,,26.3
1945-04-21,,,,25.900000000000002
1945-04-22,,,,26.5
1945-04-23,,,,26.400000000000002
1945-04-24,,,,27.700000000000003
1945-04-25,,,,26.900000000000002
1945-04-26,,,,27.3
1945-04-27,,,,26.8
1945-04-28,,,,26.5
1945-04-29,,,,27.1
1945-04-30,,,,26.0
1945-05-01,,,,26.900000000000002
1945-05-02,,,,26.200000000000003
1945-05-03,,,,24.700000000000003
1945-05-04,,,,25.0
1945-05-05,,,,26.3
1945-05-06,,,,26.700000000000003
1945-05-07,,,,27.0
1945-05-08,,,,26.6
1945-05-09,,,,27.1
1945-05-10,,,,26.900000000000002
1945-05-11,,,,26.3
1945-05-12,,,,26.3
1945-05-13,,,,26.900000000000002
1945-05-14,,,,26.200000000000003
1945-05-15,,,,25.6
1945-05-16,,,,26.1
1945-05-17,,,,26.1
1945-05-18,,,,25.5
1945-05-19,,,,25.3
1945-05-20,,,,26.200000000000003
1945-05-21,,,,25.8
1945-05-22,,,,26.200000000000003
1945-05-23,,,,25.200000000000003
1945-05-24,,,,25.8
1945-05-25,,,,24.3
1945-05-26,,,,25.1
1945-05-27,,,,25.8
1945-05-28,,,,26.400000000000002
1945-05-29,,,,25.700000000000003
1945-05-30,,,,26.3
1945-05-31,,,,26.200000000000003
1945-06-01,,,,26.200000000000003
1945-06-02,,,,26.3
1945-06-03,,,,26.200000000000003
1945-06-04,,,,26.200000000000003
1945-06-05,,,,24.900000000000002
1945-06-06,,,,25.1
1945-06-07,,,,25.5
1945-06-08,,,,26.1
1945-06-09,,,,26.200000000000003
1945-06-10,,,,24.900000000000002
1945-06-11,,,,24.6
1945-06-12,,,,24.700000000000003
1945-06-13,,,,24.900000000000002
1945-06-14,,,,25.3
1945-06-15,,,,24.1
1945-06-16,,,,24.3
1945-06-17,,,,24.400000000000002
1945-06-18,,,,25.0
1945-06-19,,,,25.900000000000002
1945-06-20,,,,24.1
1945-06-21,,,,26.6
1945-06-22,,,,25.5
1945-06-23,,,,25.3
1945-06-24,,,,24.6
1945-06-25,,,,24.900000000000002
1945-06-26,,,,25.5
1945-06-27,,,,24.900000000000002
1945-06-28,,,,24.400000000000002
1945-06-29,,,,24.700000000000003
1945-06-30,,,,24.1
1945-07-01,,,,24.900000000000002
1945-07-02,,,,24.6
1945-07-03,,,,25.200000000000003
1945-07-04,,,,24.400000000000002
1945-07-05,,,,23.8
1945-07-06,,,,24.700000000000003
1945-07-07,,,,24.3
1945-07-08,,,,24.900000000000002
1945-07-09,,,,24.8
1945-07-10,,,,25.200000000000003
1945-07-11,,,,24.8
1945-07-12,,,,24.8
1945-07-13,,,,24.8
1945-07-14,,,,23.5
1945-07-15,,,,23.400000000000002
1945-07-16,,,,23.8
1945-07-17,,,,23.700000000000003
1945-07-18,,,,23.400000000000002
1945-07-19,,,,23.6
1945-07-20,,,,23.400000000000002
1945-07-21,,,,23.8
1945-07-22,,,,24.1
1945-07-23,,,,24.200000000000003
1945-07-24,,,,23.8
1945-07-25,,,,24.900000000000002
1945-07-26,,,,24.6
1945-07-27,,,,25.200000000000003
1945-07-28,,,,24.200000000000003
1945-07-29,,,,24.700000000000003
1945-07-30,,,,24.900000000000002
1945-07-31,,,,25.200000000000003
1945-08-01,,,,24.6
1945-08-02,,,,24.6
1945-08-03,,,,23.900000000000002
1945-08-04,,,,23.700000000000003
1945-08-05,,,,25.0
1945-08-06,,,,25.3
1945-08-07,,,,24.700000000000003
1945-08-08,,,,25.700000000000003
1945-08-09,,,,25.700000000000003
1945-08-10,,,,25.700000000000003
1945-08-11,,,,25.8
1945-08-12,,,,25.5
1945-08-13,,,,24.8
1945-08-14,,,,25.200000000000003
1945-08-15,,,,25.3
1945-08-16,,,,24.400000000000002
1945-08-17,,,,24.700000000000003
1945-08-18,,,,25.200000000000003
1945-08-19,,,,25.0
1945-08-20,,,,24.6
1945-08-21,,,,24.6
1945-08-22,,,,25.0
1945-08-23,,,,24.6
1945-08-24,,,,25.3
1945-08-25,,,,24.6
1945-08-26,,,,26.1
1945-08-27,,,,25.6
1945-08-28,,,,25.700000000000003
1945-08-29,,,,24.8
1945-08-30,,,,25.8
1945-08-31,,,,25.900000000000002
1945-09-01,,,,25.3
1945-09-02,,,,25.700000000000003
1945-09-03,,,,25.1
1945-09-04,,,,24.400000000000002
1945-09-05,,,,24.400000000000002
1945-09-06,,,,24.900000000000002
1945-09-07,,,,25.1
1945-09-08,,,,25.1
1945-09-09,,,,25.400000000000002
1945-09-10,,,,25.400000000000002
1945-09-11,,,,25.8
1945-09-12,,,,25.700000000000003
1945-09-13,,,,25.1
1945-09-14,,,,25.5
1945-09-15,,,,26.200000000000003
1957-06-30,2.0,31.1,,24.3
1957-07-01,3.0,28.900000000000002,20.0,25.400000000000002
1957-07-02,7.1000000000000005,27.8,22.8,24.400000000000002
1957-07-03,2.0,30.0,22.200000000000003,25.200000000000003
1957-07-04,0.0,30.0,,24.6
1957-07-05,0.5,30.0,20.0,24.3
1957-07-06,0.0,28.900000000000002,21.1,24.900000000000002
1957-07-07,0.5,28.900000000000002,,24.3
1957-07-08,0.0,30.0,20.0,24.400000000000002
1957-07-09,0.5,27.8,18.900000000000002,25.0
1957-07-10,0.5,27.8,,24.0
1957-07-11,2.0,27.8,20.0,25.0
1957-07-12,0.5,28.900000000000002,,23.900000000000002
1957-07-13,0.5,28.900000000000002,18.900000000000002,25.400000000000002
1957-07-14,0.5,27.8,21.1,25.0
1957-07-15,0.0,27.8,22.200000000000003,25.0
1957-07-16,0.5,27.200000000000003,22.200000000000003,24.6
1957-07-17,0.5,28.900000000000002,18.900000000000002,24.6
1957-07-18,0.0,27.8,21.1,24.6
1957-07-19,0.5,28.900000000000002,21.1,25.1
1957-07-20,0.5,32.2,22.200000000000003,25.6
1957-07-21,0.0,30.0,18.900000000000002,24.6
1957-07-22,,30.0,18.900000000000002,24.3
1957-07-23,,28.900000000000002,18.900000000000002,24.900000000000002
1957-07-24,0.5,28.900000000000002,22.200000000000003,26.0
1957-07-25,0.5,27.8,22.200000000000003,25.3
1957-07-26,0.0,27.8,,24.3
1957-07-27,,30.0,21.1,26.1
1957-07-28,,28.900000000000002,22.8,25.3
1957-07-29,,28.900000000000002,22.200000000000003,25.3
1957-07-30,5.1000000000000005,26.1,22.200000000000003,24.200000000000003
1957-07-31,7.9,28.900000000000002,22.200000000000003,25.3
1957-08-01,0.5,28.900000000000002,22.8,25.6
1957-08-02,0.5,30.0,22.200000000000003,25.3
1957-08-03,0.5,31.1,23.900000000000002,26.0
1957-08-04,0.0,28.900000000000002,22.200000000000003,26.5
1957-08-05,0.5,30.0,22.8,26.200000000000003
1957-08-06,0.5,27.8,,25.1
1957-08-07,0.0,30.0,18.900000000000002,24.0
1957-08-08,,30.0,17.8,23.900000000000002
1957-08-09,,31.1,17.2,22.3
1957-08-10,,27.8,16.1,22.1
1957-08-11,,28.900000000000002,15.0,23.900000000000002
1957-08-12,,30.0,15.0,24.3
1957-08-13,,30.0,18.900000000000002,23.900000000000002
1957-08-15,,26.1,22.200000000000003,24.700000000000003
1957-08-16,2.0,26.1,22.200000000000003,24.200000000000003
1957-08-17,0.30000000000000004,26.1,22.8,24.400000000000002
1957-08-18,0.0,27.8,22.200000000000003,25.0
1957-08-19,0.5,28.900000000000002,22.8,25.200000000000003
1957-08-20,0.5,31.1,21.1,25.400000000000002
1957-08-22,,30.0,18.900000000000002,23.6
1957-08-23,,28.900000000000002,17.2,25.3
1957-08-24,,30.0,22.200000000000003,25.700000000000003
1957-08-25,,30.0,21.1,25.6
1957-08-26,0.5,31.1,22.200000000000003,25.8
1957-08-27,0.0,31.1,22.200000000000003,25.700000000000003
1957-08-28,,30.0,18.900000000000002,26.1
1957-08-29,,31.1,,24.700000000000003
1957-08-30,,31.1,17.8,24.6
1957-08-31,,30.0,20.0,24.900000000000002
1957-09-01,,32.800000000000004,18.900000000000002,24.900000000000002
1957-09-02,,31.1,18.900000000000002,24.400000000000002
1957-09-03,,31.1,18.900000000000002,24.6
1957-09-04,,31.1,17.8,24.0
1957-09-05,,31.1,17.2,24.3
1957-09-06,,31.1,17.2,23.6
1957-09-07,,31.1,16.1,23.5
1957-09-08,,31.1,16.1,22.6
1957-09-09,,31.1,15.0,23.6
1957-09-10,,31.1,15.0,23.900000000000002
1957-09-11,,31.1,15.0,24.0
1957-09-12,,32.2,17.2,25.0
1957-09-13,,32.2,18.900000000000002,24.8
1957-09-14,,31.1,20.0,24.700000000000003
1957-09-15,,31.1,17.2,24.3
1957-09-16,,27.8,17.2,23.5
1957-09-17,,27.8,16.1,23.200000000000003
1957-09-18,,30.0,16.1,24.8
1957-09-19,,28.900000000000002,16.1,25.6
1957-09-20,,28.900000000000002,20.0,25.0
1957-09-21,,30.0,18.900000000000002,26.0
1957-09-22,,28.900000000000002,,23.900000000000002
1957-09-23,,30.0,16.1,24.1
1957-09-24,,30.0,17.8,25.400000000000002
1957-09-25,,30.0,20.0,24.900000000000002
1957-09-26,,30.0,17.8,25.6
1957-09-27,0.5,28.900000000000002,,25.6
1957-09-28,0.0,30.0,20.0,25.3
1957-09-29,,30.0,22.200000000000003,25.700000000000003
1957-09-30,,30.0,,25.400000000000002
1957-10-01,,31.1,22.200000000000003,26.0
1957-10-02,,31.1,18.900000000000002,25.3
1957-10-03,,31.1,18.900000000000002,26.200000000000003
1957-10-04,,32.800000000000004,21.1,26.0
1957-10-05,,32.800000000000004,,24.3
1957-10-06,,31.1,17.2,24.6
1957-10-07,,32.2,17.2,24.400000000000002
1957-10-08,,30.0,18.900000000000002,25.700000000000003
1957-10-10,,32.2,18.900000000000002,26.1
1957-10-11,,30.0,,24.900000000000002
1957-10-12,,32.2,18.900000000000002,25.0
1957-10-13,,32.2,18.900000000000002,25.200000000000003
1957-10-14,,32.2,20.0,26.400000000000002
1957-10-15,,32.2,22.200000000000003,26.900000000000002
1957-10-16,,31.1,22.8,26.1
1957-10-17,,31.1,,26.400000000000002
1957-10-18,,32.2,22.8,26.700000000000003
1957-10-19,,32.800000000000004,21.1,27.200000000000003
1957-10-20,,32.800000000000004,21.1,27.200000000000003
1957-10-21,,35.0,22.200000000000003,27.8
1957-10-22,,32.2,21.1,26.8
1957-10-23,,32.800000000000004,22.200000000000003,27.8
1957-10-24,,32.800000000000004,22.8,28.1
1957-10-25,,32.800000000000004,22.200000000000003,27.5
1957-10-26,,32.800000000000004,22.200000000000003,28.3
1957-10-27,,33.9,21.1,28.6
1957-10-28,,32.800000000000004,25.0,28.8
1957-10-29,0.5,28.900000000000002,,25.0
1957-10-30,0.5,36.1,22.200000000000003,28.6
1957-10-31,1.0,32.2,,27.5
1957-11-01,0.0,32.2,22.8,27.200000000000003
1957-11-02,,35.0,22.8,28.5
1957-11-03,14.0,32.2,22.200000000000003,25.400000000000002
1957-11-04,0.30000000000000004,32.2,22.200000000000003,28.1
1957-11-05,0.0,32.800000000000004,22.8,27.8
1957-11-06,,32.2,22.200000000000003,27.8
1957-11-07,,33.9,22.200000000000003,29.700000000000003
1957-11-08,,32.800000000000004,,27.8
1957-11-09,,32.2,22.8,26.900000000000002
1957-11-10,,32.800000000000004,22.200000000000003,29.3
1957-11-11,0.5,33.9,25.0,29.6
1957-11-12,0.0,36.1,,27.1
1957-11-13,,32.800000000000004,18.900000000000002,26.8
1957-11-14,,32.2,17.2,26.200000000000003
1957-11-15,,32.2,20.0,26.8
1957-11-16,,32.800000000000004,20.0,27.3
1957-11-17,,32.2,,26.0
1957-11-18,,33.9,17.2,26.200000000000003
1957-11-19,,32.2,17.8,26.5
1957-11-20,,32.2,20.0,28.1
1957-11-21,,32.800000000000004,21.1,27.6
1957-11-22,,33.9,20.0,27.1
1957-11-23,,32.800000000000004,18.900000000000002,27.5
1957-11-24,,33.9,22.200000000000003,28.1
1957-11-25,,33.9,22.200000000000003,27.8
1957-11-26,,33.9,22.8,28.900000000000002
1957-11-27,,32.800000000000004,,27.900000000000002
1957-11-28,,32.800000000000004,21.1,28.8
1957-11-29,,32.800000000000004,22.8,28.6
1957-11-30,3.0,33.9,25.0,29.200000000000003
1957-12-01,0.0,33.9,22.8,28.1
1957-12-02,2.0,32.800000000000004,,27.1
1957-12-03,0.5,33.9,22.200000000000003,28.3
1957-12-04,0.5,33.9,22.8,29.0
1957-12-05,0.5,32.2,23.900000000000002,28.1
1957-12-06,6.1000000000000005,32.2,23.900000000000002,27.6
1957-12-07,1.0,31.1,,26.400000000000002
1957-12-08,1.0,35.0,,28.1
1957-12-09,3.0,32.800000000000004,22.200000000000003,28.6
1957-12-10,5.1000000000000005,32.800000000000004,23.900000000000002,27.200000000000003
1957-12-11,17.0,31.1,,26.0
1957-12-12,0.0,32.2,22.200000000000003,28.3
1957-12-13,,32.800000000000004,23.900000000000002,28.8
1957-12-14,,33.9,23.900000000000002,28.900000000000002
1957-12-16,1.0,32.2,23.900000000000002,27.900000000000002
1957-12-17,0.30000000000000004,32.800000000000004,23.900000000000002,28.8
1957-12-18,0.0,32.800000000000004,,27.200000000000003
1957-12-19,10.9,31.1,23.900000000000002,27.8
1957-12-20,0.0,32.2,23.900000000000002,26.700000000000003
1957-12-21,0.5,32.2,23.900000000000002,28.3
1957-12-22,0.0,32.2,23.900000000000002,28.1
1957-12-23,47.0,30.0,22.8,26.0
1957-12-24,6.1000000000000005,31.1,23.900000000000002,27.8
1957-12-25,17.0,30.0,23.900000000000002,25.700000000000003
1957-12-26,9.9,32.2,23.900000000000002,26.5
1957-12-27,0.5,32.2,22.8,28.3
1957-12-28,0.5,32.2,25.0,28.8
1957-12-29,6.1000000000000005,31.1,22.8,26.200000000000003
1957-12-30,160.0,30.0,22.8,25.700000000000003
1958-01-01,9.9,30.0,23.900000000000002,27.1
1958-01-02,2.0,30.0,23.900000000000002,26.0
1958-01-03,2.0,31.1,23.900000000000002,26.900000000000002
1958-01-04,0.0,32.2,23.900000000000002,27.8
1958-01-05,3.0,31.1,23.900000000000002,27.900000000000002
1958-01-06,4.1000000000000005,31.1,23.900000000000002,27.400000000000002
1958-01-07,9.9,31.1,22.8,27.8
1958-01-08,35.1,31.1,23.900000000000002,26.200000000000003
1958-01-09,6.1000000000000005,32.2,23.900000000000002,26.900000000000002
1958-01-10,0.0,31.1,23.900000000000002,26.900000000000002
1958-01-11,19.1,32.2,23.900000000000002,26.200000000000003
1958-01-12,0.5,32.800000000000004,23.900000000000002,28.1
1958-01-13,0.5,32.800000000000004,23.900000000000002,28.6
1958-01-14,0.30000000000000004,32.800000000000004,23.900000000000002,27.8
1958-01-16,16.0,30.0,23.900000000000002,26.200000000000003
1958-01-17,0.5,32.2,23.900000000000002,27.5
1958-01-18,4.1000000000000005,30.0,22.8,26.200000000000003
1958-01-19,14.0,31.1,22.8,27.900000000000002
1958-01-20,0.0,32.2,23.900000000000002,28.1
1958-01-21,1.0,32.2,23.900000000000002,29.0
1958-01-22,0.30000000000000004,32.2,25.0,27.8
1958-01-23,16.0,31.1,22.8,26.0
1958-01-24,0.5,32.2,22.200000000000003,27.200000000000003
1958-01-25,0.0,31.1,22.8,27.8
1958-01-26,2.0,31.1,23.900000000000002,27.200000000000003
1958-01-27,0.5,32.2,23.900000000000002,27.5
1958-01-28,8.9,31.1,23.900000000000002,26.700000000000003
1958-01-29,16.0,31.1,23.900000000000002,27.200000000000003
1958-01-30,7.9,32.2,23.900000000000002,27.8
1958-01-31,6.1000000000000005,32.800000000000004,,27.5
1958-02-01,7.1000000000000005,28.900000000000002,23.900000000000002,25.400000000000002
1958-02-02,0.5,32.2,23.900000000000002,28.1
1958-02-03,0.0,32.2,25.0,27.5
1958-02-04,21.1,30.0,23.900000000000002,25.700000000000003
1958-02-05,3.0,31.1,23.900000000000002,27.5
1958-02-06,0.5,31.1,23.900000000000002,26.700000000000003
1958-02-07,0.5,32.2,22.8,27.1
1958-02-08,0.0,32.2,22.8,27.8
1958-02-09,0.5,32.2,23.900000000000002,29.200000000000003
1958-02-10,1.0,32.2,22.8,27.5
1958-02-11,7.1000000000000005,32.2,25.0,28.5
1958-02-12,1.0,31.1,23.900000000000002,26.200000000000003
1958-02-13,7.9,30.0,23.900000000000002,26.8
1958-02-14,3.0,27.8,23.900000000000002,25.700000000000003
1958-02-15,7.1000000000000005,32.2,22.8,26.8
1958-02-16,23.1,32.2,23.900000000000002,27.900000000000002
1958-02-17,0.0,31.1,23.900000000000002,26.700000000000003
1958-02-19,80.0,31.1,22.8,27.5
1958-02-20,0.5,32.2,23.900000000000002,26.900000000000002
1958-02-21,2.0,31.1,23.900000000000002,27.200000000000003
1958-02-22,1.0,28.900000000000002,,25.6
1958-02-23,25.900000000000002,30.0,22.8,26.0
1958-02-24,16.0,32.2,22.8,26.900000000000002
1958-02-25,0.5,30.0,23.900000000000002,26.900000000000002
1958-02-26,0.30000000000000004,32.2,23.900000000000002,27.400000000000002
1958-02-27,1.0,32.2,23.900000000000002,26.200000000000003
1958-02-28,7.9,28.900000000000002,22.200000000000003,24.6
1958-03-01,35.1,31.1,22.8,26.8
1958-03-02,0.5,32.2,23.900000000000002,27.8
1958-03-03,0.0,32.2,23.900000000000002,27.1
1958-03-05,9.9,31.1,23.900000000000002,26.8
1958-03-06,2.0,30.0,23.900000000000002,26.5
1958-03-07,0.0,32.2,23.900000000000002,27.200000000000003
1958-03-08,,32.2,23.900000000000002,28.900000000000002
1958-03-09,0.5,32.2,26.1,28.5
1958-03-10,0.5,32.2,25.0,27.200000000000003
1958-03-11,1.0,32.2,25.0,28.5
1958-03-13,4.1000000000000005,31.1,22.8,28.1
1958-03-14,0.0,32.2,23.900000000000002,27.8
1958-03-15,1.0,32.2,22.200000000000003,27.5
1958-03-16,1.0,32.2,22.8,27.8
1958-03-17,9.9,31.1,22.8,26.8
1958-03-18,0.5,31.1,23.900000000000002,26.400000000000002
1958-03-19,0.0,32.2,23.900000000000002,27.5
1958-03-20,0.5,30.0,23.900000000000002,26.1
1958-03-21,2.0,32.2,22.8,28.1
1958-03-22,0.30000000000000004,31.1,23.900000000000002,27.5
1958-03-23,18.0,32.2,23.900000000000002,26.900000000000002
1958-03-24,7.1000000000000005,32.2,22.8,26.900000000000002
1958-03-25,10.9,30.0,23.900000000000002,26.200000000000003
1958-03-26,7.1000000000000005,28.900000000000002,23.900000000000002,25.6
1958-03-27,2.0,31.1,22.8,26.5
1958-03-28,26.900000000000002,30.0,23.900000000000002,26.200000000000003
1958-03-29,0.0,31.1,23.900000000000002,26.1
1958-03-30,1.0,32.2,22.8,27.8
1958-03-31,3.0,31.1,23.900000000000002,26.8
1958-04-01,0.0,32.2,23.900000000000002,25.700000000000003
1958-04-02,6.1000000000000005,32.2,23.900000000000002,26.900000000000002
1958-04-03,0.0,31.1,22.8,26.900000000000002
1958-04-04,0.5,31.1,23.900000000000002,27.5
1958-04-05,0.5,32.2,23.900000000000002,27.200000000000003
1958-04-06,0.5,32.2,22.8,27.5
1958-04-07,0.5,32.2,23.900000000000002,28.1
1958-04-08,11.9,31.1,23.900000000000002,26.8
1958-04-09,5.1000000000000005,32.2,22.8,26.5
1958-04-10,24.900000000000002,31.1,23.900000000000002,27.1
1958-04-11,8.9,32.2,23.900000000000002,26.0
1958-04-12,16.0,27.8,23.900000000000002,25.3
1958-04-13,33.0,31.1,23.900000000000002,26.5
1958-04-14,8.9,31.1,23.900000000000002,26.400000000000002
1958-04-15,15.0,31.1,22.8,26.5
1958-04-16,0.5,31.1,23.900000000000002,28.1
1958-04-17,0.0,32.2,25.0,27.8
1958-04-18,0.30000000000000004,28.900000000000002,,26.1
1958-04-19,39.900000000000006,30.0,22.8,25.400000000000002
1958-04-20,1.0,32.2,22.8,27.200000000000003
1958-04-21,2.0,31.1,22.200000000000003,27.200000000000003
1958-04-22,0.0,32.2,22.8,27.200000000000003
1958-04-23,,32.800000000000004,23.900000000000002,28.3
1958-04-24,,32.2,23.900000000000002,27.8
1958-04-25,0.5,32.800000000000004,,26.400000000000002
1958-04-26,0.5,32.2,22.8,27.5
1958-04-28,0.5,31.1,23.900000000000002,27.5
1958-04-29,0.5,31.1,,26.900000000000002
1958-04-30,48.0,32.2,23.900000000000002,26.8
1958-05-01,0.0,31.1,23.900000000000002,28.1
1958-05-02,0.5,33.9,23.900000000000002,28.1
1958-05-03,4.1000000000000005,31.1,,26.0
1958-05-04,4.1000000000000005,32.2,22.8,28.1
1958-05-05,3.0,32.2,23.900000000000002,26.700000000000003
1958-05-06,2.0,32.2,22.8,27.5
1958-05-07,0.0,31.1,23.900000000000002,26.700000000000003
1958-05-08,2.0,31.1,23.900000000000002,27.8
1958-05-09,6.1000000000000005,30.0,25.0,26.900000000000002
1958-05-10,0.5,32.2,23.900000000000002,28.1
1958-05-11,3.0,32.2,,25.700000000000003
1958-05-12,11.9,30.0,23.900000000000002,26.200000000000003
1958-05-13,1.0,32.2,22.8,26.700000000000003
1958-05-14,0.0,32.2,22.8,27.5
1958-05-15,,32.2,22.8,27.5
1958-05-16,,30.0,23.900000000000002,26.700000000000003
1958-05-17,,30.0,23.900000000000002,25.6
1958-05-18,0.5,30.0,23.900000000000002,25.400000000000002
1958-05-20,0.5,32.2,21.1,26.5
1958-05-21,0.0,33.9,21.1,26.200000000000003
1958-05-22,,32.2,21.1,26.0
1958-05-23,,31.1,21.1,25.700000000000003
1958-05-24,1.0,32.2,21.1,26.700000000000003
1958-05-25,0.0,31.1,22.200000000000003,25.700000000000003
1958-05-26,5.1000000000000005,30.0,,26.400000000000002
1958-05-27,0.0,30.0,21.1,26.1
1958-05-28,0.5,30.0,22.8,26.0
1958-05-29,7.9,31.1,22.8,26.200000000000003
1958-05-30,13.0,32.2,,26.700000000000003
1958-05-31,11.9,31.1,23.900000000000002,25.400000000000002
1958-06-01,0.0,31.1,23.900000000000002,26.900000000000002
1958-06-02,0.5,32.2,23.900000000000002,25.400000000000002
1958-06-03,17.0,27.8,23.900000000000002,25.0
1958-06-04,0.5,30.0,23.900000000000002,26.400000000000002
1958-06-05,0.0,30.0,21.1,25.400000000000002
1958-06-06,,30.0,21.1,25.3
1958-06-07,0.5,31.1,20.0,25.200000000000003
1958-06-08,0.0,30.0,,24.0
1958-06-09,,30.0,17.8,25.400000000000002
1958-06-10,,30.0,22.200000000000003,25.3
1958-06-11,,28.900000000000002,22.200000000000003,25.200000000000003
1958-06-12,,28.900000000000002,20.0,24.900000000000002
1958-06-13,,30.0,20.0,24.700000000000003
1958-06-14,,30.0,20.0,25.400000000000002
1958-06-15,,30.0,20.0,26.0
1958-06-16,,28.900000000000002,22.200000000000003,26.0
1958-06-17,0.30000000000000004,30.0,22.8,26.400000000000002
1958-06-19,3.0,28.900000000000002,22.8,25.700000000000003
1958-06-20,3.0,27.8,23.900000000000002,25.8
1958-06-21,7.1000000000000005,30.0,23.900000000000002,26.5
1958-06-22,1.0,32.2,23.900000000000002,26.900000000000002
1958-06-24,5.1000000000000005,32.2,22.8,26.1
1958-06-25,7.1000000000000005,31.1,,26.200000000000003
1958-06-26,2.0,30.0,22.200000000000003,25.3
1958-06-27,7.1000000000000005,30.0,22.200000000000003,25.6
1958-06-28,0.0,27.8,21.1,24.400000000000002
1958-06-30,,27.8,21.1,25.3
1958-07-01,,27.200000000000003,,24.700000000000003
1958-07-02,,27.8,20.0,25.400000000000002
1958-07-03,,30.0,,25.3
1958-07-04,0.5,30.0,20.0,24.0
1958-07-05,0.5,30.0,18.900000000000002,25.3
1958-07-06,0.0,30.0,21.1,24.6
1958-07-07,,30.0,,24.200000000000003
1958-07-08,,30.0,17.8,24.200000000000003
1958-07-09,,31.1,17.8,25.3
1958-07-10,,28.900000000000002,18.900000000000002,24.400000000000002
1958-07-11,0.5,28.900000000000002,20.0,24.6
1958-07-12,2.0,28.900000000000002,,24.400000000000002
1958-07-13,2.0,30.0,18.900000000000002,24.200000000000003
1958-07-14,0.0,31.1,17.8,23.900000000000002
1958-07-15,,28.900000000000002,17.2,24.3
1958-07-16,,28.900000000000002,18.900000000000002,25.200000000000003
1958-07-17,,28.900000000000002,21.1,25.6
1958-07-18,,30.0,21.1,25.0
1958-07-19,0.5,30.0,18.900000000000002,24.700000000000003
1958-07-20,0.0,30.0,18.900000000000002,25.0
1958-07-21,,28.900000000000002,20.0,24.200000000000003
1958-07-22,,30.0,18.900000000000002,24.700000000000003
1958-07-23,,31.1,17.8,24.400000000000002
1958-07-24,0.5,32.2,18.900000000000002,26.200000000000003
1958-07-25,0.5,30.0,22.200000000000003,25.3
1958-07-26,0.5,27.8,21.1,24.400000000000002
1958-07-27,6.1000000000000005,28.900000000000002,22.8,25.3
1958-07-28,1.0,30.0,22.200000000000003,25.200000000000003
1958-07-29,0.5,28.900000000000002,,24.6
1958-07-30,0.5,30.0,18.900000000000002,25.3
1958-07-31,0.5,28.900000000000002,21.1,25.0
1958-08-01,0.5,30.0,17.8,24.700000000000003
1958-08-02,0.0,30.0,17.8,24.700000000000003
1958-08-03,0.5,30.0,20.0,25.6
1958-08-04,0.30000000000000004,30.0,,24.0
1958-08-05,0.5,30.0,20.0,25.3
1958-08-06,0.0,30.0,20.0,25.400000000000002
1958-08-07,,31.1,22.200000000000003,26.0
1958-08-08,,30.0,,24.700000000000003
1958-08-09,0.5,32.800000000000004,21.1,26.400000000000002
1958-08-10,0.0,31.1,21.1,26.200000000000003
1958-08-11,,31.1,21.1,25.8
1958-08-12,0.5,32.2,22.8,27.200000000000003
1958-08-13,0.30000000000000004,30.0,21.1,25.400000000000002
1958-08-14,1.0,32.2,22.200000000000003,26.1
1958-08-15,0.0,27.8,,23.8
1958-08-16,0.5,30.0,17.2,24.400000000000002
1958-08-17,0.0,30.0,17.2,24.200000000000003
1958-08-18,,32.2,17.8,24.400000000000002
1958-08-19,,32.2,16.1,23.900000000000002
1958-08-20,,32.2,17.8,25.700000000000003
1958-08-21,,31.1,22.200000000000003,25.3
1958-08-22,,32.2,22.8,26.700000000000003
1958-08-23,0.5,30.0,22.8,25.3
1958-08-24,1.0,28.900000000000002,22.200000000000003,24.8
1958-08-25,1.0,30.0,21.1,25.700000000000003
1958-08-26,0.5,30.0,22.8,25.400000000000002
1958-08-27,3.0,30.0,22.200000000000003,25.8
1958-08-28,0.5,30.0,,25.0
1958-08-29,0.0,31.1,20.0,25.3
1958-08-30,0.5,31.1,22.200000000000003,25.400000000000002
1958-08-31,0.0,30.0,21.1,25.3
1958-09-01,9.9,31.1,22.8,26.400000000000002
1958-09-02,0.5,31.1,22.200000000000003,26.0
1958-09-03,0.0,30.0,22.200000000000003,25.8
1958-09-04,0.5,28.900000000000002,22.8,26.0
1958-09-05,0.0,30.0,21.1,26.5
1958-09-06,,30.0,21.1,25.700000000000003
1958-09-07,,30.0,22.200000000000003,26.200000000000003
1958-09-08,,30.0,22.8,25.8
1958-09-09,0.5,31.1,22.200000000000003,26.400000000000002
1958-09-10,0.5,32.800000000000004,22.8,26.700000000000003
1958-09-11,0.5,32.2,22.8,26.200000000000003
1958-09-12,0.0,31.1,22.200000000000003,26.900000000000002
1958-09-13,,31.1,22.8,27.8
1958-09-14,,31.1,22.200000000000003,26.400000000000002
1958-09-15,,32.800000000000004,22.200000000000003,26.700000000000003
1958-09-16,,31.1,21.1,26.400000000000002
1958-09-17,,31.1,,25.200000000000003
1958-09-18,0.5,31.1,17.8,25.200000000000003
1958-09-19,0.0,31.1,17.8,25.400000000000002
1958-09-20,,32.800000000000004,17.8,25.400000000000002
1958-09-21,,30.0,18.900000000000002,25.700000000000003
1958-09-22,,31.1,18.900000000000002,26.0
1958-09-23,,32.800000000000004,21.1,26.200000000000003
1958-09-24,,32.2,21.1,26.900000000000002
1958-09-26,,31.1,21.1,25.700000000000003
1958-09-27,0.5,31.1,21.1,26.200000000000003
1958-09-28,1.0,31.1,22.200000000000003,26.1
1958-09-29,2.0,31.1,22.200000000000003,26.5
1958-09-30,0.0,31.1,21.1,27.5
1958-10-02,5.1000000000000005,30.0,22.8,25.6
1958-10-03,0.5,32.2,22.200000000000003,26.0
1958-10-04,0.5,31.1,22.8,26.700000000000003
1958-10-05,0.5,31.1,22.8,27.200000000000003
1958-10-06,0.0,32.800000000000004,22.8,27.8
1958-10-07,,33.9,23.900000000000002,28.1
1958-10-08,,33.9,22.8,28.1
1958-10-09,,33.9,21.1,26.5
1958-10-10,,31.1,21.1,27.200000000000003
1958-10-11,,33.9,23.900000000000002,26.0
1958-10-12,1.0,30.0,,25.400000000000002
1958-10-13,2.0,32.2,18.900000000000002,26.0
1958-10-14,0.0,32.2,18.900000000000002,26.900000000000002
1958-10-15,,33.9,,25.700000000000003
1958-10-16,,32.2,20.0,26.200000000000003
1958-10-17,,31.1,20.0,25.400000000000002
1958-10-18,,31.1,20.0,27.8
1958-10-19,,35.0,20.0,27.200000000000003
1958-10-20,,32.800000000000004,,25.700000000000003
1958-10-21,,31.1,18.900000000000002,25.3
1958-10-22,,32.800000000000004,,25.700000000000003
1958-10-23,,32.2,17.8,26.200000000000003
1958-10-24,,32.2,22.200000000000003,26.0
1958-10-25,,32.2,,25.400000000000002
1958-10-26,,33.9,18.900000000000002,27.3
1958-10-27,,36.1,,26.8
1958-10-28,,32.800000000000004,17.8,27.200000000000003
1958-10-29,,32.800000000000004,,26.8
1958-10-30,,32.800000000000004,20.0,28.1
1958-10-31,,32.2,22.8,27.200000000000003
1958-11-01,,32.2,22.200000000000003,26.700000000000003
1958-11-02,0.5,31.1,23.900000000000002,26.700000000000003
1958-11-03,0.0,32.2,23.900000000000002,27.8
1958-11-04,16.0,27.8,22.200000000000003,24.400000000000002
1958-11-05,3.0,32.2,,26.3
1958-11-06,0.0,35.0,20.0,26.200000000000003
1958-11-07,,33.9,20.0,26.8
1958-11-08,,32.800000000000004,22.200000000000003,27.8
1958-11-09,,32.2,21.1,27.1
1958-11-10,,32.800000000000004,20.0,27.200000000000003
1958-11-11,,32.2,21.1,26.700000000000003
1958-11-12,,32.800000000000004,22.8,27.5
1958-11-13,,33.9,22.200000000000003,27.3
1958-11-14,,33.9,21.1,28.3
1958-11-15,,32.800000000000004,23.900000000000002,27.5
1958-11-16,,32.800000000000004,23.900000000000002,28.3
1958-11-17,,32.2,22.8,28.3
1958-11-18,,32.2,22.8,26.0
1958-11-19,59.900000000000006,32.2,23.900000000000002,27.8
1958-11-20,2.0,33.9,23.900000000000002,28.200000000000003
1958-11-21,1.0,31.1,23.900000000000002,26.900000000000002
1958-11-22,24.900000000000002,32.2,23.900000000000002,27.200000000000003
1958-11-23,0.5,32.2,22.8,26.900000000000002
1958-11-24,0.5,32.2,23.900000000000002,26.900000000000002
1958-11-25,2.0,32.800000000000004,22.8,26.1
1958-11-26,0.0,30.0,22.8,26.0
1958-11-27,,32.2,22.8,27.200000000000003
1958-11-28,,32.800000000000004,22.200000000000003,27.200000000000003
1958-11-29,,32.800000000000004,22.200000000000003,27.5
1958-11-30,,32.800000000000004,,27.1
1958-12-01,,32.2,22.200000000000003,27.1
1958-12-02,,32.800000000000004,22.200000000000003,27.5
1958-12-03,,32.800000000000004,22.8,27.5
1958-12-04,0.5,32.2,22.8,27.200000000000003
1958-12-05,0.5,32.2,22.8,26.900000000000002
1958-12-06,0.0,32.800000000000004,22.200000000000003,27.3
1958-12-07,,32.2,22.200000000000003,28.3
1958-12-08,,33.9,23.900000000000002,28.6
1958-12-09,,32.800000000000004,23.900000000000002,28.6
1958-12-10,,32.800000000000004,22.8,27.8
1958-12-11,,32.800000000000004,22.200000000000003,28.3
1958-12-12,,32.800000000000004,23.900000000000002,27.5
1958-12-13,,32.800000000000004,22.8,28.6
1958-12-14,,32.2,22.8,26.700000000000003
1958-12-15,0.5,32.800000000000004,22.8,28.6
1958-12-16,0.0,32.800000000000004,22.8,28.900000000000002
1958-12-17,0.5,32.800000000000004,23.900000000000002,27.900000000000002
1958-12-19,,32.2,22.8,27.8
1958-12-20,,32.800000000000004,22.8,28.1
1958-12-21,19.1,32.2,22.8,28.3
1958-12-22,0.0,31.1,23.900000000000002,26.700000000000003
1958-12-23,4.1000000000000005,32.2,22.8,27.8
1958-12-24,0.0,32.2,23.900000000000002,26.200000000000003
1958-12-25,25.900000000000002,31.1,,27.1
1958-12-26,0.0,32.2,22.200000000000003,27.5
1958-12-27,,32.2,22.200000000000003,27.200000000000003
1958-12-28,,32.2,22.8,27.200000000000003
1958-12-29,0.5,32.2,23.900000000000002,27.8
1958-12-30,14.0,32.2,,25.8
1958-12-31,70.10000000000001,31.1,22.8,26.200000000000003
1978-01-16,0.0,,,26.8
1978-01-18,0.0,,,29.3
1978-02-15,0.0,,,27.0
1978-04-14,0.0,,,27.0
1978-04-25,0.0,,,27.0
1978-04-28,,,,24.3
1978-06-12,0.0,,,25.200000000000003
1978-07-20,0.0,,,23.8
1978-08-03,0.0,,,21.5
1978-08-09,0.0,,,24.5
1978-08-29,0.0,,,25.400000000000002
1980-10-20,,31.0,,25.200000000000003
1980-10-27,0.0,33.0,,28.8
1980-10-29,0.0,32.0,,23.8
1980-10-31,,,,25.8
1980-11-03,0.0,,,30.5
1980-11-11,0.0,32.0,,28.5
1980-11-12,0.0,35.0,,27.3
1980-11-19,,35.0,,26.0
1980-11-26,0.0,33.0,,27.5
1980-11-30,0.0,33.0,,26.400000000000002
1980-12-01,0.0,33.0,,28.0
1980-12-03,,33.0,,26.0
1980-12-04,0.0,,,25.200000000000003
1980-12-05,0.0,33.0,,28.200000000000003
1980-12-08,,32.0,,24.5
1980-12-14,0.0,,,27.200000000000003
1980-12-15,,,,24.0
1980-12-16,80.0,,,26.5
1980-12-18,59.900000000000006,,,26.400000000000002
1980-12-22,,,,25.0
1980-12-23,,31.0,,26.0
1980-12-27,0.0,,,27.5
1980-12-28,,31.0,,26.400000000000002
1980-12-29,0.0,31.0,,28.400000000000002
1981-01-10,,32.0,,27.3
1981-01-25,0.0,30.0,,25.8
1981-01-27,4.1000000000000005,31.0,,25.3
1981-01-28,36.1,,21.0,24.400000000000002
1981-01-30,4.1000000000000005,30.0,,26.8
1981-01-31,10.9,31.0,,26.0
1981-02-01,16.0,31.0,,26.8
1981-02-03,1.0,,,24.5
1981-02-04,0.0,29.0,,24.0
1981-02-05,0.0,30.0,,27.3
1981-02-06,,30.0,,26.5
1981-02-07,0.0,,,26.6
1981-02-08,3.0,,,28.5
1981-02-12,,28.0,,24.0
1981-02-18,,31.0,,27.0
1981-02-20,,,,26.200000000000003
1981-02-23,,,,26.200000000000003
1981-02-25,0.0,31.0,,27.8
1981-02-26,6.1000000000000005,31.0,,25.400000000000002
1981-02-27,0.0,30.0,,26.5
1981-02-28,,,,25.700000000000003
1981-03-01,7.1000000000000005,,,25.6
1981-03-02,0.0,,,27.3
1981-03-08,6.1000000000000005,30.0,21.0,25.400000000000002
1981-03-09,0.0,,,26.8
1981-03-10,0.0,30.0,23.0,27.3
1981-03-11,3.0,,,26.8
1981-03-13,0.0,,23.0,28.400000000000002
1981-03-15,,,,27.3
1981-03-17,0.0,32.0,22.0,27.3
1981-03-18,,33.0,,27.6
1981-03-24,0.0,,22.0,28.5
1981-03-27,0.0,33.0,23.0,28.5
1981-03-28,0.0,,23.0,28.0
1981-04-10,0.0,,24.0,27.700000000000003
1981-04-12,7.1000000000000005,32.0,23.0,27.8
1981-04-15,0.0,,23.0,29.200000000000003
1981-04-17,0.0,32.0,23.0,28.200000000000003
1981-04-22,38.1,30.0,22.0,25.200000000000003
1981-04-23,0.0,,,24.200000000000003
1981-04-24,70.10000000000001,,23.0,25.8
1981-04-27,0.0,31.0,21.0,27.0
1981-05-01,0.0,32.0,22.0,28.3
1981-05-03,0.0,,22.0,27.6
1981-05-13,1.0,32.0,24.0,27.200000000000003
1981-05-19,0.0,,22.0,25.700000000000003
1981-05-23,,29.0,,25.5
1981-05-27,3.0,30.0,24.0,27.3
1981-05-31,0.0,31.0,23.0,26.700000000000003
1981-06-05,,31.0,,26.200000000000003
1981-06-06,,31.0,,27.200000000000003
1981-06-08,0.0,,22.0,26.6
1981-06-12,,,,26.200000000000003
1981-06-16,,,,26.5
1981-06-17,0.0,,22.0,26.400000000000002
1981-06-19,0.0,,24.0,26.0
1981-06-20,9.9,,22.0,25.200000000000003
1981-06-22,0.0,29.0,23.0,24.8
1981-06-24,0.0,,21.0,25.0
1981-06-26,0.0,30.0,19.0,24.8
1981-06-30,0.0,30.0,22.0,25.8
1981-07-14,10.9,28.0,22.0,25.0
1981-07-20,1.0,,21.0,25.700000000000003
1981-07-21,4.1000000000000005,,22.0,25.200000000000003
1981-07-23,0.0,30.0,23.0,27.5
1981-07-24,,30.0,,24.6
1981-07-28,0.0,29.0,19.0,25.400000000000002
1981-07-31,3.0,29.0,21.0,25.3
1981-08-01,0.0,30.0,,26.8
1981-08-04,0.0,29.0,19.0,22.8
1981-08-06,0.0,,19.0,24.3
1981-08-07,0.0,,21.0,25.200000000000003
1981-08-10,0.0,,17.0,25.0
1981-08-11,0.0,,18.0,23.0
1981-08-17,0.0,,19.0,25.0
1981-08-19,0.0,,,24.0
1981-08-20,,31.0,,22.700000000000003
1981-08-21,0.0,32.0,18.0,24.400000000000002
1981-08-25,0.0,,21.0,26.5
1981-08-26,0.0,,,25.5
1981-08-27,0.0,,20.0,25.0
1981-08-28,,30.0,,24.8
1981-08-31,0.0,31.0,,25.3
1981-09-02,,30.0,,25.400000000000002
1981-09-05,0.0,,22.0,26.200000000000003
1981-09-07,0.0,,22.0,27.700000000000003
1981-09-08,2.0,,22.0,24.200000000000003
1981-09-09,2.0,30.0,22.0,25.5
1981-09-14,0.0,31.0,,26.0
1981-09-26,0.0,32.0,21.0,26.5
1981-09-28,0.0,31.0,,24.5
1981-09-30,0.0,,12.0,27.3
1981-10-01,2.0,,,26.200000000000003
1981-10-03,1.0,31.0,20.0,26.5
1981-10-06,,,,25.400000000000002
1981-10-08,,37.0,,25.8
1981-10-14,,32.0,,25.8
1981-10-16,0.0,32.0,21.0,25.6
1981-10-18,0.0,,21.0,26.6
1981-10-21,0.0,,20.0,26.700000000000003
1981-10-26,,,,26.0
1981-10-27,0.0,31.0,22.0,27.0
1981-10-28,,33.0,,26.8
1981-11-01,,,,25.8
1981-11-03,,,,26.200000000000003
1981-11-09,0.0,,21.0,28.0
1981-11-10,,,,28.5
1981-11-13,,32.0,,23.8
1981-11-14,,,22.0,27.0
1981-11-18,0.0,,23.0,27.0
1981-11-19,,,,28.0
1981-11-20,,31.0,,24.200000000000003
1981-11-22,0.0,,21.0,27.400000000000002
1981-11-28,1.0,,25.0,26.8
1981-11-30,,,,26.700000000000003
1981-12-02,,,,26.700000000000003
1981-12-04,,,,26.700000000000003
1981-12-05,0.0,31.0,23.0,27.5
1981-12-06,53.1,,,25.0
1981-12-08,0.0,,25.0,28.200000000000003
1981-12-11,0.0,,23.0,25.700000000000003
1981-12-14,0.0,,18.0,26.8
1981-12-16,13.0,31.0,23.0,26.200000000000003
1981-12-17,13.0,,23.0,25.200000000000003
1981-12-18,0.0,31.0,,26.8
1981-12-20,9.9,31.0,21.0,26.400000000000002
1981-12-21,0.0,,23.0,27.5
1981-12-24,0.0,,24.0,27.3
1981-12-25,,,,26.200000000000003
1981-12-27,,31.0,,26.6
1981-12-30,,,,26.400000000000002
1982-01-10,,,,26.200000000000003
1982-01-15,,,,24.700000000000003
1982-01-20,,,,28.0
1982-01-21,,,,26.8
1982-01-23,,,,25.5
1982-01-27,,,,25.8
1982-01-29,,,,26.3
1982-02-01,,,,25.0
1982-02-17,,,,28.400000000000002
1982-02-18,0.0,,,26.3
1982-02-25,,,,26.6
1982-03-05,,,,26.8
1982-03-11,,,,27.700000000000003
1982-03-13,,,,25.3
1982-03-16,,,,27.6
1982-03-18,,,,29.400000000000002
1982-03-21,0.0,,,27.400000000000002
1982-03-23,,,,29.0
1982-03-24,,,,26.3
1982-03-28,0.0,,,26.5
1982-03-31,,,,26.200000000000003
1982-04-01,,,,27.8
1982-04-04,,,,27.3
1982-04-05,0.0,,,26.700000000000003
1982-04-06,,,,27.3
1982-04-10,0.0,,,26.8
1982-04-13,0.0,,,28.3
1982-04-15,0.0,,,28.3
1982-04-16,,,,27.900000000000002
1982-04-18,4.1000000000000005,,,26.700000000000003
1982-04-20,,,,25.1
1982-04-24,,,,27.3
1982-04-26,0.0,,,26.8
1982-04-28,0.0,,,26.6
1982-05-03,,,,25.5
1982-05-05,,,,24.700000000000003
1982-05-06,,,,25.200000000000003
1982-05-08,0.0,,,26.200000000000003
1982-05-10,0.0,,,26.200000000000003
1982-05-11,,,,27.8
1982-05-15,,,,26.700000000000003
1982-05-17,,,,25.400000000000002
1982-05-21,0.0,,,24.700000000000003
1982-05-25,97.0,,,26.6
1982-05-27,,,,28.900000000000002
1982-05-28,0.0,,,27.1
1982-05-30,0.0,,,26.200000000000003
1982-06-03,,,,23.8
1982-06-04,,,,26.200000000000003
1982-06-05,,,,25.900000000000002
1982-06-06,7.1000000000000005,,,26.3
1982-06-07,0.0,,,26.900000000000002
1982-06-09,,,,27.6
1982-06-12,0.0,,,25.200000000000003
1982-06-14,0.0,,,23.5
1982-06-15,,,,25.6
1982-06-17,0.0,,,23.1
1982-06-19,,,,23.700000000000003
1982-06-20,,,,25.1
1982-06-23,,,,23.700000000000003
1982-06-24,,,,24.400000000000002
1982-06-25,,,,25.5
1982-06-26,0.0,,,24.200000000000003
1982-06-27,,,,25.8
1982-06-29,,,,22.6
1982-07-01,,,,23.6
1982-07-02,,,,24.5
1982-07-03,,,,25.8
1982-07-04,0.0,,,23.3
1982-07-05,0.0,,,25.5
1982-07-06,0.0,,,23.3
1982-07-07,,,,25.1
1982-07-08,,,,23.6
1982-07-10,0.0,,,22.400000000000002
1982-07-12,,,,25.3
1982-07-14,0.0,,,22.900000000000002
1982-07-17,0.0,,,24.900000000000002
1982-07-19,,,,23.8
1982-07-20,0.0,,,22.8
1982-07-22,,,,26.700000000000003
1982-07-23,,,,22.400000000000002
1982-07-24,0.0,,,23.400000000000002
1982-07-25,0.0,,,23.700000000000003
1982-07-27,,,,25.3
1982-07-28,,,,24.8
1982-07-29,0.0,,,24.1
1982-07-31,,,,25.1
1982-08-01,0.0,,,23.6
1982-08-02,,,,24.400000000000002
1982-08-03,0.0,,,24.900000000000002
1982-08-04,,,,24.400000000000002
1982-08-06,,,,23.6
1982-08-07,,,,23.200000000000003
1982-08-09,7.1000000000000005,,,23.200000000000003
1982-08-11,0.0,,,24.900000000000002
1982-08-14,,,,25.3
1982-08-16,,,,25.6
1982-08-18,,,,25.400000000000002
1982-08-20,,,,26.200000000000003
1982-08-21,,,,26.8
1982-08-23,,,,22.700000000000003
1982-08-26,,,,25.700000000000003
1982-08-27,0.0,,,22.3
1982-08-29,0.0,,,24.6
1982-08-30,,,,25.8
1982-08-31,0.0,,,24.8
1982-09-02,0.0,,,25.400000000000002
1982-09-03,,,,24.6
1982-09-05,,,,23.700000000000003
1982-09-06,,,,25.8
1982-09-09,,,,27.200000000000003
1982-09-10,,,,24.6
1982-09-11,,,,25.900000000000002
1982-09-12,,,,26.200000000000003
1982-09-16,,,,26.8
1982-09-18,,,,26.200000000000003
1982-09-19,,,,24.8
1982-09-20,0.0,,,22.8
1982-09-21,0.0,,,24.1
1982-09-22,,,,26.8
1982-09-24,0.0,,,25.400000000000002
1982-09-26,,,,26.1
1982-09-28,0.0,,,23.6
1982-09-29,0.0,,,24.3
1982-09-30,,,,25.900000000000002
1982-10-01,,,,25.8
1982-10-03,0.0,,,24.1
1982-10-04,,,,25.8
1982-10-05,,,,26.900000000000002
1982-10-06,,,,26.1
1982-10-07,,,,26.5
1982-10-08,0.0,,,26.700000000000003
1982-10-09,,,,28.8
1982-10-11,,,,26.6
1982-10-12,,,,25.3
1982-10-14,0.0,,,26.1
1982-10-15,,,,26.8
1982-10-16,,,,27.0
1982-10-18,0.0,,,24.700000000000003
1982-10-22,,,,27.400000000000002
1982-10-23,0.0,,,24.700000000000003
1982-10-24,,,,27.1
1982-10-25,,,,28.8
1982-10-27,,,,26.6
1982-10-28,,,,27.3
1982-10-29,0.0,,,26.400000000000002
1982-10-30,0.0,,,26.8
1982-10-31,,,,26.3
1982-11-01,0.0,,,24.8
1982-11-02,,,,27.8
1982-11-03,0.0,,,26.1
1982-11-04,0.0,,,25.700000000000003
1982-11-07,,,,25.900000000000002
1982-11-08,,,,28.900000000000002
1982-11-10,,,,23.8
1982-11-11,0.0,,,26.200000000000003
1982-11-14,,,,27.0
1982-11-15,0.0,,,26.200000000000003
1982-11-16,,,,26.5
1982-11-17,0.0,,,27.3
1982-11-18,0.0,,,26.200000000000003
1982-11-19,0.0,,,26.200000000000003
1982-11-20,,,,27.6
1982-11-21,,,,28.1
1982-11-22,,,,29.400000000000002
1982-11-24,0.0,,,28.8
1982-11-25,0.0,,,27.900000000000002
1982-11-27,,,,25.900000000000002
1982-11-28,,,,29.1
1982-11-29,,,,27.8
1982-11-30,,,,27.400000000000002
1982-12-01,0.0,,,26.900000000000002
1982-12-02,,,,27.400000000000002
1982-12-03,,,,27.3
1982-12-05,,,,27.3
1982-12-06,,,,28.8
1982-12-07,0.0,,,28.400000000000002
1982-12-08,,,,30.200000000000003
1982-12-09,,,,27.200000000000003
1982-12-10,0.0,,,28.900000000000002
1982-12-11,,,,28.900000000000002
1982-12-12,,,,28.8
1982-12-14,0.0,,,27.700000000000003
1982-12-16,0.0,,,27.900000000000002
1982-12-17,0.0,,,28.1
1982-12-18,,,,29.1
1982-12-20,,,,30.3
1982-12-21,,,,28.900000000000002
1982-12-22,20.1,,,27.700000000000003
1982-12-23,0.0,,,28.6
1982-12-25,,,,27.900000000000002
1982-12-27,,,,30.1
1982-12-28,0.0,,,28.8
1982-12-29,,,,30.400000000000002
1982-12-30,0.0,,,28.6
1982-12-31,,,,29.3
1983-01-01,0.0,,,27.6
1983-01-02,,,,27.700000000000003
1983-01-03,,,,26.8
1983-01-05,,,,27.200000000000003
1983-01-09,,,,30.3
1983-01-10,,,,29.1
1983-01-11,0.0,,,28.3
1983-01-12,0.0,,,28.400000000000002
1983-01-13,,,,28.400000000000002
1983-01-14,0.0,,,28.700000000000003
1983-01-15,,,,27.8
1983-01-16,0.0,,,28.900000000000002
1983-01-17,,,,27.5
1983-01-18,,,,30.200000000000003
1983-01-19,,,,27.3
1983-01-21,0.0,,,28.8
1983-01-22,,,,29.6
1983-01-24,,,,29.1
1983-01-25,0.0,,,27.6
1983-01-26,0.0,,,28.8
1983-01-27,0.0,,,28.3
1983-01-28,,,,29.8
1983-01-29,,,,29.700000000000003
1983-01-30,,,,30.700000000000003
1983-02-02,,,,28.900000000000002
1983-02-04,,,,28.900000000000002
1983-02-05,,,,27.8
1983-02-06,,,,26.1
1983-07-28,0.0,,,25.6
1983-07-30,,,,26.3
1983-07-31,,,,25.700000000000003
1983-08-01,,,,24.3
1983-08-02,,,,27.1
1983-08-03,,,,25.5
1983-08-04,,,,25.0
1983-08-05,,,,24.400000000000002
1983-08-06,0.0,,,25.1
1983-08-07,,,,24.200000000000003
1983-08-08,0.5,,,25.1
1983-08-09,,,,24.8
1983-08-11,,,,24.700000000000003
1983-08-16,,,,25.900000000000002
1983-08-17,0.0,,,25.400000000000002
1983-08-18,0.0,,,25.900000000000002
1983-08-19,,,,25.700000000000003
1983-08-20,,,,27.8
1983-08-21,,,,25.700000000000003
1983-08-24,,,,24.6
1983-08-25,,,,26.700000000000003
1983-08-26,0.0,,,24.900000000000002
1983-08-27,,,,24.6
1983-08-28,,,,25.1
1983-08-29,0.0,,,24.1
1983-08-30,,,,26.200000000000003
1983-09-01,,,,24.200000000000003
1983-09-02,,,,24.400000000000002
1983-09-03,,,,25.3
1983-09-05,,,,25.400000000000002
1983-09-06,,,,26.6
1983-09-14,,,,27.3
1983-09-16,,,,25.400000000000002
1983-09-17,,,,26.400000000000002
1983-09-19,,,,26.6
1983-09-20,0.0,,,26.700000000000003
1983-09-23,,,,25.8
1983-09-24,0.0,,,26.200000000000003
1983-09-25,,,,24.5
1983-09-26,,,,23.900000000000002
1983-09-27,,,,25.700000000000003
1983-09-29,,,,26.5
1983-10-02,,,,27.3
1983-10-06,,,,26.400000000000002
1983-10-07,,,,26.1
1983-10-09,,,,26.1
1983-10-10,,,,25.8
1983-10-11,,,,25.5
1983-10-12,,,,27.1
1983-10-13,,,,26.0
1983-10-14,,,,27.6
1983-10-15,,,,27.8
1983-10-16,0.0,,,27.700000000000003
1983-10-20,11.9,,,26.900000000000002
1983-10-24,,,,27.6
1983-10-26,,,,24.0
1983-10-30,,,,27.700000000000003
1983-10-31,,,,26.5
1983-11-03,,,,27.900000000000002
1983-11-04,,,,28.400000000000002
1983-11-05,,,,26.900000000000002
1983-11-06,,,,29.1
1983-11-07,,,,27.0
1983-11-08,,,,27.700000000000003
1983-11-09,,,,28.8
1983-11-10,,,,27.200000000000003
1983-11-11,0.0,,,27.1
1983-11-12,,,,28.700000000000003
1983-11-16,,,,28.8
1983-11-18,,,,28.0
1983-11-19,,,,29.8
1983-11-21,,,,28.700000000000003
1983-11-22,,,,30.400000000000002
1983-11-23,,,,28.200000000000003
1983-11-25,0.0,,,28.6
1983-11-27,0.0,,,26.900000000000002
1983-11-28,,,,26.8
1983-11-30,,,,26.8
1983-12-01,,,,27.3
1983-12-02,,,,26.700000000000003
1983-12-03,,,,28.400000000000002
1983-12-05,,,,26.3
1983-12-06,,,,26.3
1983-12-08,,,,29.200000000000003
1983-12-09,,,,27.1
1983-12-10,,,,25.6
1983-12-11,,,,26.3
1983-12-12,0.0,,,27.3
1983-12-13,,,,26.6
1983-12-14,,,,26.5
1983-12-17,,,,26.900000000000002
1983-12-21,,,,27.900000000000002
1983-12-22,,,,27.700000000000003
1983-12-25,,,,29.400000000000002
1983-12-26,,,,27.700000000000003
1983-12-27,,,,28.900000000000002
1983-12-29,,,,29.900000000000002
1983-12-30,,,,27.200000000000003
1983-12-31,,,,27.200000000000003
1984-01-03,,,,28.5
1984-01-04,,,,28.200000000000003
1984-01-05,,,,26.900000000000002
1984-01-06,,,,27.5
1984-01-08,,,,28.5
1984-01-09,,,,28.700000000000003
1984-01-10,,,,28.0
1984-01-11,,,,29.200000000000003
1984-01-12,0.0,,,28.3
1984-01-15,,,,28.8
1984-01-16,,,,28.3
1984-01-25,,,,26.700000000000003
1984-01-30,,,,25.900000000000002
1984-02-03,,,,27.1
1984-02-05,,,,28.6
1984-02-06,,,,28.0
1984-02-07,,,,25.3
1984-02-13,,30.8,23.8,27.400000000000002
1984-02-15,,,23.8,25.0
1984-02-16,,,23.6,27.8
1984-02-17,,,23.0,26.1
1984-02-18,,31.400000000000002,,26.400000000000002
1984-02-22,,,,26.0
1984-02-23,,31.200000000000003,24.0,26.3
1984-02-24,,,23.400000000000002,29.400000000000002
1984-02-27,,32.300000000000004,,27.400000000000002
1984-02-28,,32.0,24.0,27.400000000000002
1984-02-29,,29.200000000000003,23.200000000000003,25.900000000000002
1984-03-06,,,,26.400000000000002
1984-03-07,,,,27.3
1984-03-09,,,,28.3
1984-03-10,,31.3,,28.3
1984-03-11,,,,26.3
1984-03-12,,,24.8,27.5
1984-03-13,,,21.900000000000002,25.200000000000003
1984-03-14,,,,27.8
1984-03-15,,,23.6,27.1
1984-03-16,,,23.200000000000003,26.5
1984-03-17,,,23.400000000000002,28.1
1984-03-18,,31.0,22.200000000000003,26.6
1984-03-19,,29.6,24.0,27.3
1984-03-20,,,21.400000000000002,26.900000000000002
1984-03-21,,,24.0,27.200000000000003
1984-03-22,,,23.6,25.700000000000003
1984-03-24,,,24.0,25.3
1984-03-25,,,,27.3
1984-03-27,,,20.400000000000002,24.0
1984-03-28,,,23.0,27.200000000000003
1984-03-30,,31.8,,26.900000000000002
1984-04-02,,,22.8,27.1
1984-04-04,,29.8,,24.900000000000002
1984-04-05,,,23.8,26.700000000000003
1984-04-06,,32.4,23.400000000000002,27.1
1984-04-07,,,,26.400000000000002
1984-04-08,,,23.400000000000002,26.400000000000002
1984-04-09,,,,25.700000000000003
1984-04-10,,31.8,,25.700000000000003
1984-04-11,,,22.8,26.700000000000003
1984-04-12,,31.400000000000002,22.200000000000003,27.0
1984-04-13,,,23.6,27.400000000000002
1984-04-14,,31.8,22.6,26.8
1984-04-15,,29.0,23.200000000000003,26.6
1984-04-16,,,24.400000000000002,27.200000000000003
1984-04-17,,31.0,,25.6
1984-04-20,,29.6,23.6,26.200000000000003
1984-04-21,0.0,,23.400000000000002,27.400000000000002
1984-04-22,,,23.400000000000002,27.700000000000003
1984-04-23,,,,24.900000000000002
1984-04-25,,31.8,23.3,27.700000000000003
1984-04-26,,31.8,,25.8
1984-04-27,,31.8,24.0,27.1
1984-04-28,,31.8,,27.5
1984-04-29,,,23.8,27.1
1984-04-30,,,23.700000000000003,26.6
1984-05-01,,31.8,,26.6
1984-05-02,,,,26.3
1984-05-03,,31.400000000000002,23.6,26.200000000000003
1984-05-04,,,23.200000000000003,26.0
1984-05-05,,30.8,23.400000000000002,27.200000000000003
1984-05-06,,31.8,24.200000000000003,26.8
1984-05-11,,,,27.6
1984-05-17,,,24.200000000000003,27.5
1984-05-18,,,,26.0
1984-05-20,,,,25.6
1984-05-22,,,,25.200000000000003
1984-05-23,,,21.0,26.1
1984-05-25,,,,26.400000000000002
1984-05-26,,,23.1,26.6
1984-05-27,,31.0,23.200000000000003,26.3
1984-05-29,,,,27.6
1984-05-30,,,,27.400000000000002
1984-05-31,,30.0,23.200000000000003,26.8
1984-06-01,,,22.8,27.900000000000002
1984-06-02,,,20.700000000000003,25.5
1984-06-03,,,22.200000000000003,23.3
1984-06-04,,,,25.8
1984-06-07,,30.400000000000002,22.400000000000002,26.1
1984-06-08,,,21.6,24.3
1984-06-11,,28.8,,23.900000000000002
1984-06-12,,30.200000000000003,22.700000000000003,24.6
1984-06-14,,29.0,,25.700000000000003
1984-06-15,,,,26.3
1984-06-16,,30.400000000000002,22.0,24.900000000000002
1984-06-17,,30.200000000000003,18.900000000000002,25.6
1984-06-19,,,,25.8
1984-06-20,,,22.400000000000002,26.8
1984-06-21,,,,22.6
1984-06-22,,,,25.700000000000003
1984-06-23,,,,24.3
1984-06-24,,,20.200000000000003,24.3
1984-06-26,,,,25.3
1984-06-27,,,19.8,24.700000000000003
1984-06-28,,,19.8,25.400000000000002
1984-07-02,,,,23.8
1984-07-04,,,19.200000000000003,23.3
1984-07-05,,,19.400000000000002,24.8
1984-07-06,,,,23.6
1984-07-09,,,,24.3
1984-07-12,,,,25.700000000000003
1984-07-13,,,22.3,26.1
1984-07-14,,,,24.700000000000003
1984-07-15,,,23.0,25.6
1984-07-17,,29.8,22.8,26.1
1984-07-19,,,,25.3
1984-07-22,,,22.0,24.900000000000002
1984-07-23,,,,24.900000000000002
1984-07-24,,29.200000000000003,21.200000000000003,24.5
1984-07-27,,26.8,,23.900000000000002
1984-07-28,,,22.1,24.6
1984-07-29,,,22.200000000000003,24.3
1984-07-30,,,22.8,25.200000000000003
1984-08-03,,,21.400000000000002,24.700000000000003
1984-08-07,,,21.200000000000003,24.8
1984-08-08,,27.8,,24.8
1984-08-09,,,21.0,25.1
1984-08-14,,,,27.0
1984-08-29,,,23.200000000000003,26.700000000000003
1984-08-30,,,23.0,27.6
1984-09-01,0.0,29.5,,25.900000000000002
1984-09-03,,,22.0,25.900000000000002
1984-09-04,,,22.0,25.8
1984-09-05,,,23.0,26.3
1984-09-06,,,,25.900000000000002
1984-09-07,,,22.200000000000003,27.6
1984-09-08,,,22.400000000000002,25.700000000000003
1984-09-09,,31.0,,26.200000000000003
1984-09-10,,,,27.700000000000003
1984-09-11,,,22.0,26.1
1984-09-12,,,23.700000000000003,28.200000000000003
1984-09-19,,,,26.900000000000002
1984-09-20,,,,25.0
1984-09-21,,,22.0,27.1
1984-09-22,,,21.200000000000003,26.200000000000003
1984-09-23,,,,26.200000000000003
1984-09-29,,32.0,,26.3
1984-09-30,,,20.400000000000002,27.200000000000003
1984-10-07,,,21.400000000000002,26.0
1984-10-09,,,19.200000000000003,25.5
1984-10-15,,,,24.200000000000003
1984-10-17,,,21.200000000000003,25.900000000000002
1984-10-19,0.0,,,25.900000000000002
1984-10-20,,,23.200000000000003,24.1
1984-10-21,,,23.400000000000002,27.700000000000003
1984-10-22,,,23.400000000000002,27.8
1984-10-23,,31.6,,28.900000000000002
1984-10-24,,,,25.700000000000003
1984-10-28,,,,26.900000000000002
1984-10-30,,,20.6,29.400000000000002
1984-10-31,,,21.200000000000003,27.700000000000003
1984-11-03,,,,26.5
1984-11-04,,,,27.6
1984-11-11,,,,27.700000000000003
1984-11-12,,,,29.0
1984-11-17,,,,27.1
1984-11-23,,,,25.0
1984-11-24,0.0,,,28.3
1984-11-26,,,22.400000000000002,27.700000000000003
1984-11-27,,,22.3,27.900000000000002
1984-11-28,,,22.400000000000002,28.1
1984-11-29,,33.2,23.6,27.900000000000002
1984-11-30,,,23.400000000000002,29.3
1984-12-01,,,22.8,27.900000000000002
1984-12-03,,,23.200000000000003,27.200000000000003
1984-12-04,,,,27.700000000000003
1984-12-06,,,24.200000000000003,27.400000000000002
1984-12-07,,,,26.3
1984-12-08,,,23.200000000000003,26.1
1984-12-11,0.0,33.6,23.700000000000003,28.700000000000003
1984-12-12,,,,24.900000000000002
1984-12-13,,,23.200000000000003,26.700000000000003
1984-12-14,,32.4,23.200000000000003,28.3
1984-12-15,2.0,31.200000000000003,23.400000000000002,28.200000000000003
1984-12-16,,,,30.1
1984-12-17,,,,28.5
1984-12-19,,,,27.6
1984-12-25,,30.400000000000002,,24.8
1984-12-29,,,23.8,27.6
1984-12-30,,,23.0,28.6
1985-01-02,,,23.6,28.3
1985-01-03,,,25.0,27.1
1985-01-05,,,,26.700000000000003
1985-01-07,,,,25.700000000000003
1985-01-17,,,23.8,28.700000000000003
1985-01-19,,33.4,24.400000000000002,28.900000000000002
1985-01-20,,30.8,,27.5
1985-01-21,,,,27.200000000000003
1985-01-26,,,,26.8
1985-01-28,0.0,,23.400000000000002,27.700000000000003
1985-01-30,,,23.8,27.8
1985-02-03,,,23.400000000000002,29.5
1985-02-11,,,24.0,28.8
1985-02-12,,,24.700000000000003,26.900000000000002
1985-02-16,,,24.0,28.1
1985-02-17,,,,25.900000000000002
1985-02-18,,31.400000000000002,,27.200000000000003
1985-02-19,,31.0,23.5,27.8
1985-02-20,,,,26.200000000000003
1985-02-22,,,23.400000000000002,24.700000000000003
1985-02-24,,31.400000000000002,,28.200000000000003
1985-02-25,,,23.400000000000002,29.1
1985-02-26,,,,28.200000000000003
1985-02-27,,,23.400000000000002,28.0
1985-02-28,,31.6,,26.900000000000002
1985-03-03,,,,28.8
1985-03-04,,,,25.900000000000002
1985-03-11,,31.0,,27.8
1985-03-23,,,24.0,27.700000000000003
1985-03-26,,,,29.3
1985-03-27,99.10000000000001,,,27.400000000000002
1985-03-28,,,23.400000000000002,26.8
1985-03-29,,,23.6,27.8
1985-04-02,,,,28.3
1985-04-07,,,,27.6
1985-04-08,,,23.0,27.1
1985-04-10,,,,26.700000000000003
1985-05-08,,,23.200000000000003,25.8
1985-05-11,,,24.0,26.0
1985-05-12,,,,25.8
1985-05-15,,,22.6,27.8
1985-05-17,,,23.6,26.1
1985-05-18,,31.400000000000002,23.6,27.1
1985-05-20,,,23.6,27.900000000000002
1985-05-21,,,24.3,27.1
1985-05-28,,31.400000000000002,,26.700000000000003
1985-05-30,,,21.6,26.3
1985-06-16,,,22.5,27.200000000000003
1985-06-18,,,,25.200000000000003
1985-06-23,0.0,,,23.700000000000003
1985-06-24,,,22.1,26.400000000000002
1985-07-02,,,20.0,25.5
1985-07-04,,,,24.8
1985-07-06,,,21.200000000000003,25.900000000000002
1985-07-08,,,22.6,26.200000000000003
1985-07-09,,,21.400000000000002,24.400000000000002
1985-07-16,,,,25.200000000000003
1985-07-25,,,,23.700000000000003
1985-07-26,,,20.0,23.700000000000003
1985-07-28,,,,24.400000000000002
1985-08-01,,,20.200000000000003,25.8
1985-08-06,,,20.200000000000003,25.700000000000003
1985-08-08,,,,24.200000000000003
1985-08-09,,,,24.700000000000003
1985-08-11,,,19.8,24.6
1985-08-12,,,22.0,25.0
1985-08-13,,,22.0,25.900000000000002
1985-08-19,,,20.6,25.0
1985-08-21,,,,26.200000000000003
1985-09-10,,,21.3,26.1
1985-09-18,,,,25.200000000000003
1985-09-19,,,,25.3
1985-09-20,,,,24.900000000000002
1985-09-24,,,,25.5
1985-09-25,,,,26.5
1985-09-27,0.0,,,24.3
1985-09-29,,,,25.5
1985-10-09,,,,28.200000000000003
1985-10-10,,,22.0,25.700000000000003
1985-10-15,,,,23.900000000000002
1985-10-19,,,,25.6
1985-10-20,,,,28.900000000000002
1985-10-21,,,23.6,29.400000000000002
1985-10-22,,,24.0,28.6
1985-10-23,,,24.0,27.200000000000003
1985-10-24,,,24.400000000000002,28.8
1985-10-25,,,,28.700000000000003
1985-10-27,,,22.0,25.5
1985-10-28,,,22.400000000000002,27.5
1985-10-29,,,24.0,29.1
1985-10-30,,,,28.6
1985-11-01,,,23.0,27.700000000000003
1985-11-04,,33.7,23.6,28.700000000000003
1985-11-05,,,,28.8
1985-11-06,,33.4,,27.400000000000002
1985-11-07,,,22.400000000000002,28.3
1985-11-08,,,,28.700000000000003
1985-11-09,,,24.200000000000003,29.1
1985-11-12,,,22.8,27.900000000000002
1985-11-14,,,23.0,27.8
1985-11-17,,,22.0,28.200000000000003
1985-11-18,,,20.700000000000003,29.700000000000003
1985-11-19,,,22.0,28.200000000000003
1985-11-21,,33.1,,29.900000000000002
1985-11-22,,,,28.900000000000002
1985-11-24,,33.4,22.6,28.8
1985-11-25,,,,28.6
1985-11-26,,,,27.3
1985-12-05,,,,27.6
1985-12-11,,31.5,,24.0
1985-12-12,,31.6,22.0,27.1
1985-12-15,,,,26.8
1985-12-17,,,23.6,30.8
1985-12-18,,,,27.400000000000002
1985-12-19,0.0,32.6,21.8,28.700000000000003
1985-12-20,,,,28.900000000000002
1985-12-29,,,22.200000000000003,27.700000000000003
1986-01-07,,,,25.400000000000002
1986-01-10,,,,27.200000000000003
1986-01-11,,,24.400000000000002,28.5
1986-01-13,32.0,31.200000000000003,23.8,27.700000000000003
1986-01-14,,,,27.900000000000002
1986-01-21,,,23.200000000000003,30.200000000000003
1986-01-23,,32.2,,29.1
1986-01-31,,,,27.900000000000002
1986-02-04,,,24.400000000000002,28.1
1986-02-05,,30.400000000000002,24.6,27.900000000000002
1986-02-06,,,24.400000000000002,29.1
1986-02-12,,,23.400000000000002,27.700000000000003
1986-02-18,,,,27.1
1986-02-21,,,21.400000000000002,27.700000000000003
1986-02-25,,,,26.700000000000003
1986-02-28,,,,27.6
1986-03-01,,30.1,24.0,28.1
1986-03-10,,,,28.200000000000003
1986-03-12,,,,27.0
1986-03-14,,,24.0,27.700000000000003
1986-03-19,,,23.8,28.6
1986-03-20,,,,27.900000000000002
1986-03-21,,31.1,,27.1
1986-03-22,,,23.6,28.3
1986-03-23,,,23.400000000000002,28.1
1986-03-24,,,23.200000000000003,25.6
1986-03-26,,,,29.1
1986-03-29,,,23.200000000000003,27.5
1986-04-01,,,,26.3
1986-04-04,,,,27.200000000000003
1986-04-07,,,,27.700000000000003
1986-04-08,,,,24.6
1986-04-10,,,24.200000000000003,27.400000000000002
1986-04-12,,31.0,23.0,27.3
1986-04-15,,,,25.200000000000003
1986-04-20,,29.0,,25.700000000000003
1986-04-22,,30.400000000000002,24.0,28.200000000000003
1986-04-28,,31.0,,27.700000000000003
1986-05-01,,,24.6,27.700000000000003
1986-05-07,,,23.8,30.3
1986-05-09,,,23.8,29.200000000000003
1986-05-12,,,22.6,27.900000000000002
1986-05-17,,,21.6,27.1
1986-05-20,,,21.0,27.900000000000002
1986-05-21,,31.1,21.0,26.400000000000002
1986-05-22,,,,25.200000000000003
1986-05-27,,,24.0,27.700000000000003
1986-06-03,,,,25.8
1986-06-07,,,,25.900000000000002
1986-07-04,,,,27.5
1986-07-06,,,22.0,25.700000000000003
1986-07-14,,,22.200000000000003,26.400000000000002
1986-07-29,,,21.0,25.3
1986-08-01,,,22.400000000000002,28.200000000000003
1986-08-03,,,,25.400000000000002
1986-08-05,,,,25.3
1986-08-06,,,24.200000000000003,26.200000000000003
1986-08-07,,,23.0,25.5
1986-08-14,,,21.200000000000003,25.400000000000002
1986-08-18,,,22.6,25.700000000000003
1986-08-22,,,23.200000000000003,28.0
1986-08-27,,,25.400000000000002,26.900000000000002
1986-09-12,,,,23.1
1986-09-15,,,19.200000000000003,26.1
1986-09-16,,,19.8,25.8
1986-09-19,,,20.8,25.1
1986-09-24,,,21.400000000000002,28.5
1986-09-26,,33.4,21.0,28.200000000000003
1986-09-28,,,,24.6
1986-09-30,,,20.400000000000002,27.900000000000002
1986-10-06,0.0,34.4,22.400000000000002,27.1
1986-10-07,,,,27.3
1986-10-08,,32.6,22.400000000000002,26.6
1986-10-09,,,21.6,26.900000000000002
1986-10-14,,,22.400000000000002,30.400000000000002
1986-10-20,,33.2,22.6,27.5
1986-10-23,,,,27.6
1986-10-27,,,23.8,29.3
1986-10-29,,,24.0,28.200000000000003
1986-10-30,,,,27.3
1986-11-01,,,,27.3
1986-11-03,,,,29.200000000000003
1986-11-04,,,,29.1
1986-11-05,,,23.0,28.700000000000003
1986-11-07,1.0,31.8,24.0,27.700000000000003
1986-11-08,,,,27.6
1986-11-14,,,24.200000000000003,27.200000000000003
1986-11-15,,,24.200000000000003,28.200000000000003
1986-11-17,,33.4,23.200000000000003,29.1
1986-11-18,,,24.400000000000002,28.3
1986-11-19,,,24.400000000000002,29.700000000000003
1986-12-03,,,23.0,28.3
1987-01-02,,,24.0,29.0
1987-02-09,,,19.6,27.1
1987-02-17,,,24.0,26.6
1987-02-23,,,23.200000000000003,27.200000000000003
1987-03-13,,,23.400000000000002,26.3
1987-03-21,,,23.0,29.400000000000002
1987-03-23,,,22.6,28.200000000000003
1987-03-25,,,,27.1
1987-03-29,,32.800000000000004,,26.5
1987-03-31,,32.800000000000004,24.8,29.200000000000003
1987-04-04,,32.5,23.6,27.200000000000003
1987-04-05,,,23.400000000000002,24.900000000000002
1987-04-08,,,22.8,25.0
1987-04-09,,,24.200000000000003,28.3
1987-04-11,,,,27.3
1987-04-18,0.0,31.200000000000003,22.6,26.900000000000002
1987-04-19,,,22.700000000000003,27.0
1987-04-23,,,22.3,28.8
1987-04-28,,,,27.200000000000003
1987-05-06,,,23.6,26.3
1987-05-10,,31.700000000000003,,25.3
1987-05-15,,,,26.1
1987-05-18,0.0,31.900000000000002,21.0,25.3
1987-06-02,0.0,,,27.3
1987-06-05,,,22.200000000000003,27.700000000000003
1987-06-10,,,,26.3
1987-06-13,,,22.400000000000002,25.8
1987-06-19,,,21.200000000000003,27.200000000000003
1987-06-23,,,,26.8
1987-06-25,,,,24.1
1987-06-26,,,20.400000000000002,27.3
1987-06-27,0.0,,,24.900000000000002
1987-07-03,,,,23.400000000000002
1987-07-10,,,,25.0
1987-07-22,,,,25.3
1987-07-27,,,21.8,27.3
1987-07-29,,30.700000000000003,20.8,25.200000000000003
1987-08-05,,,20.200000000000003,27.3
1987-08-06,,,20.0,27.6
1987-08-07,,,19.0,26.900000000000002
1987-08-09,,,,24.900000000000002
1987-08-10,,,21.0,27.5
1987-08-15,,,20.6,25.8
1987-08-16,,,,24.400000000000002
1987-09-14,,,23.400000000000002,29.1
1987-09-15,,,22.8,28.900000000000002
1987-09-21,,,20.200000000000003,27.8
1987-09-22,0.0,32.800000000000004,20.6,25.6
1987-09-25,,,,27.8
1987-09-26,,,23.200000000000003,29.8
1987-09-27,,32.6,22.6,27.6
1987-10-02,,,,26.200000000000003
1987-10-05,,,19.900000000000002,27.200000000000003
1987-10-12,,,21.200000000000003,27.1
1987-10-13,,,,26.6
1987-10-18,,32.800000000000004,22.200000000000003,26.8
1987-10-22,,33.4,20.400000000000002,27.200000000000003
1987-10-25,,,24.400000000000002,30.5
1987-10-27,,,20.400000000000002,29.1
1987-10-29,,,23.400000000000002,29.900000000000002
1987-11-03,,,,29.5
1987-11-08,,34.9,23.200000000000003,29.8
1987-11-09,,,24.400000000000002,30.700000000000003
1987-11-10,,,24.8,29.8
1987-11-11,,35.0,,26.5
1987-11-16,,33.300000000000004,24.200000000000003,28.200000000000003
1987-11-19,,,,27.8
1987-11-24,,34.6,22.6,30.0
1987-11-25,,,24.0,30.6
1987-11-29,,,24.6,29.8
1987-12-02,,34.1,,28.5
1987-12-10,,,25.200000000000003,30.1
1987-12-12,,,24.200000000000003,26.6
1987-12-21,,,24.400000000000002,26.8
1988-01-03,,31.6,,28.5
1988-01-04,,,20.8,29.700000000000003
1988-01-06,,33.9,22.1,28.6
1988-01-09,,,23.700000000000003,30.400000000000002
1988-01-11,,30.8,24.0,27.700000000000003
1988-01-21,,,24.200000000000003,29.3
1988-01-26,,32.6,22.1,29.200000000000003
1988-01-28,,,22.900000000000002,29.3
1988-02-02,,31.900000000000002,24.6,27.3
1988-02-03,,,21.900000000000002,28.5
1988-02-05,,,,26.200000000000003
1988-03-06,,31.900000000000002,,28.700000000000003
1988-03-08,,,,28.200000000000003
1988-03-09,,32.5,,27.0
1988-03-11,,,22.6,26.400000000000002
1988-03-12,,,24.200000000000003,27.200000000000003
1988-03-18,,31.400000000000002,23.0,26.900000000000002
1988-03-25,,,,28.3
1988-03-27,,31.1,,25.3
1988-03-29,,,,26.200000000000003
1988-03-31,,,22.5,28.1
1988-04-04,,,24.6,28.8
1988-04-10,,,23.700000000000003,28.400000000000002
1988-04-11,,31.200000000000003,,27.400000000000002
1988-04-12,,,23.900000000000002,28.6
1988-04-17,,32.800000000000004,23.200000000000003,26.200000000000003
1988-04-18,,,24.1,29.700000000000003
1988-04-19,,,24.400000000000002,30.1
1988-04-21,,,25.200000000000003,28.6
1988-04-22,,32.2,23.0,28.700000000000003
1988-04-23,,32.300000000000004,,26.8
1988-04-25,0.0,32.4,,27.200000000000003
1988-04-26,,31.1,23.200000000000003,28.200000000000003
1988-05-04,,,23.5,28.900000000000002
1988-05-05,,,24.200000000000003,30.3
1988-05-06,,,23.6,28.1
1988-05-07,0.0,32.4,24.200000000000003,29.1
1988-05-10,,,,28.1
1988-05-12,,,,26.8
1988-05-13,,,21.0,27.0
1988-05-16,,,23.400000000000002,28.8
1988-05-17,,31.700000000000003,23.400000000000002,27.1
1988-05-18,,,,26.5
1988-05-19,,,,27.400000000000002
1988-05-20,,,20.400000000000002,27.200000000000003
1988-05-21,,,,28.1
1988-05-22,,,23.0,28.200000000000003
1988-05-24,,,,24.700000000000003
1988-05-25,,,19.900000000000002,26.200000000000003
1988-05-26,,30.1,,24.700000000000003
1988-05-30,,,21.6,27.200000000000003
1988-06-03,,,22.0,27.1
1988-06-04,,31.6,22.0,25.3
1988-06-07,,,22.0,32.2
1988-06-09,,,22.6,25.200000000000003
1988-06-10,,,20.6,26.0
1988-06-12,,,21.400000000000002,25.6
1988-06-13,,28.5,,24.6
1988-06-15,,,,24.400000000000002
1988-06-19,,29.400000000000002,22.0,25.6
1988-06-21,,,21.6,26.200000000000003
1988-06-22,3.0,29.900000000000002,21.400000000000002,25.3
1988-06-25,,,21.3,26.900000000000002
1988-06-27,,,21.200000000000003,24.700000000000003
1988-06-28,,27.900000000000002,23.200000000000003,24.6
1988-06-30,,,23.1,27.900000000000002
1988-07-03,,,22.1,25.400000000000002
1988-07-05,,,,25.6
1988-07-12,,,18.400000000000002,27.0
1988-07-13,,,22.400000000000002,24.8
1988-07-14,,,22.700000000000003,27.700000000000003
1988-07-15,,,20.0,26.6
1988-07-20,,,,26.1
1988-07-22,,28.8,22.200000000000003,25.0
1988-07-26,,,,25.3
1988-07-31,,,23.1,24.900000000000002
1988-08-01,,,22.200000000000003,26.400000000000002
1988-08-02,,,,25.700000000000003
1988-08-03,,27.6,20.8,26.1
1988-08-04,,,23.0,25.400000000000002
1988-08-05,,,,26.200000000000003
1988-08-06,,,23.8,25.8
1988-08-08,,,23.0,26.0
1988-08-09,,28.3,23.0,24.8
1988-08-10,,,,24.5
1988-08-11,,,22.6,25.3
1988-08-12,,27.0,,23.5
1988-08-13,,,21.400000000000002,26.3
1988-08-15,,,23.200000000000003,27.6
1988-08-19,,,20.8,26.3
1988-08-20,,,,26.6
1988-08-22,,,,25.5
1988-08-23,,,,27.0
1988-08-27,,29.6,,24.700000000000003
1988-08-31,,,,28.200000000000003
1988-09-01,,,22.900000000000002,26.8
1988-09-13,,,,26.3
1988-09-14,,29.8,23.3,27.6
1988-09-16,,,,24.8
1988-09-17,,,,25.8
1988-09-18,,,21.0,26.700000000000003
1988-09-20,,,,27.900000000000002
1988-09-23,,32.5,22.0,28.700000000000003
1988-09-30,,,21.8,27.1
1988-10-01,,,,28.6
1988-10-02,,,24.200000000000003,27.900000000000002
1988-10-04,,34.0,,28.0
1988-10-05,,,,27.200000000000003
1988-10-06,,,,25.5
1988-10-07,,,23.200000000000003,24.3
1988-10-09,,,,27.900000000000002
1988-10-10,,,22.900000000000002,27.700000000000003
1988-10-11,,,23.8,28.0
1988-10-15,,,22.0,27.1
1988-10-16,,,23.400000000000002,26.0
1988-10-17,,,,26.6
1988-10-18,,,,26.400000000000002
1988-10-19,,,22.0,25.700000000000003
1988-10-22,,33.5,23.8,26.6
1988-10-25,,31.0,,26.400000000000002
1988-10-26,,,,25.0
1988-10-28,,,,27.5
1988-10-30,,,20.200000000000003,25.6
1988-11-04,0.0,32.2,24.8,28.900000000000002
1988-11-06,,,,28.1
1988-11-09,,,,25.200000000000003
1988-11-10,,,,29.0
1988-11-15,,,,29.1
1988-11-17,,,24.0,28.8
1988-11-19,,33.9,24.6,29.1
1988-11-21,,33.0,,26.6
1988-11-22,,34.5,24.3,30.3
1988-11-23,,32.7,24.400000000000002,28.8
1988-11-24,,,23.8,29.200000000000003
1988-11-27,,,23.400000000000002,24.900000000000002
1988-11-28,,,24.3,28.900000000000002
1988-11-29,,,,27.3
1988-12-01,,32.4,23.6,26.8
1988-12-02,,,22.400000000000002,27.6
1988-12-03,,,24.200000000000003,29.900000000000002
1988-12-05,,31.0,,28.700000000000003
1988-12-06,,,,28.5
1988-12-08,,32.300000000000004,22.6,27.5
1988-12-11,,,23.200000000000003,26.3
1988-12-14,,32.5,,24.900000000000002
1988-12-16,,,,25.700000000000003
1988-12-17,,28.900000000000002,23.400000000000002,25.0
1988-12-18,,,23.8,26.900000000000002
1988-12-20,,,,27.3
1988-12-21,,,,27.6
1988-12-22,,,24.700000000000003,29.900000000000002
1988-12-27,,,,28.1
1988-12-31,,,24.200000000000003,29.900000000000002
1989-01-02,,,25.0,29.5
1989-01-03,,,24.1,30.200000000000003
1989-01-04,,,,27.3
1989-01-05,,,22.700000000000003,28.1
1989-01-10,,31.400000000000002,,28.1
1989-01-13,,,,25.6
1989-01-15,,,24.200000000000003,28.400000000000002
1989-01-17,,,,28.900000000000002
1989-01-19,,33.5,,27.6
1989-01-23,,,,27.700000000000003
1989-01-27,,,,26.400000000000002
1989-01-30,,,24.400000000000002,28.700000000000003
1989-01-31,,33.5,,27.3
1989-02-01,,,24.400000000000002,30.1
1989-02-07,,,24.0,26.700000000000003
1989-02-13,,30.0,,26.400000000000002
1989-02-14,,,,26.1
1989-02-15,,,23.900000000000002,27.900000000000002
1989-02-16,,,23.8,26.8
1989-02-17,,,24.200000000000003,28.3
1989-02-18,0.0,30.1,,27.200000000000003
1989-02-19,,31.200000000000003,24.5,27.6
1989-02-20,,31.5,25.200000000000003,28.200000000000003
1989-02-21,,,,27.1
1989-02-24,,,23.0,27.1
1989-02-25,,,24.0,28.8
1989-02-27,,,23.900000000000002,28.200000000000003
1989-02-28,,32.0,23.8,27.400000000000002
1989-03-01,,,23.6,27.3
1989-03-06,,,,25.5
1989-03-07,,33.2,23.5,27.8
1989-03-08,,,,26.5
1989-03-13,,32.7,,27.1
1989-03-14,,33.5,24.8,28.400000000000002
1989-03-20,,,22.400000000000002,26.1
1989-03-21,,,,27.400000000000002
1989-03-25,,,23.0,25.8
1989-03-28,,30.200000000000003,24.0,26.8
1989-03-30,,31.0,25.0,29.3
1989-03-31,,,24.6,29.0
1989-04-03,,,,27.700000000000003
1989-04-20,,,22.8,27.700000000000003
1989-04-24,,,,27.8
1989-04-25,,,24.0,26.400000000000002
1989-04-26,,,,25.900000000000002
1989-04-28,,,,27.200000000000003
1989-04-29,,,,26.700000000000003
1989-04-30,,,23.6,28.900000000000002
1989-05-02,,32.0,,27.3
1989-05-04,,,21.400000000000002,26.3
1989-05-06,,32.4,,27.0
1989-05-08,,,,27.3
1989-05-09,,31.0,,27.6
1989-05-10,,32.0,,29.200000000000003
1989-05-11,0.0,33.5,24.400000000000002,27.400000000000002
1989-05-14,,32.0,24.200000000000003,27.700000000000003
1989-05-15,,30.700000000000003,24.8,28.6
1989-05-16,,,,25.6
1989-05-17,,,,27.400000000000002
1989-05-22,,,23.8,28.6
1989-05-27,,30.700000000000003,,27.700000000000003
1989-05-30,,,22.400000000000002,27.8
1989-05-31,,,,26.8
1989-06-07,,,23.8,25.200000000000003
1989-06-08,24.900000000000002,,,25.1
1989-06-10,,,,26.900000000000002
1989-06-13,,,,26.400000000000002
1989-06-15,,27.200000000000003,23.8,25.1
1989-06-16,,27.6,,25.3
1989-06-19,,30.0,23.5,25.0
1989-06-20,,,22.8,25.700000000000003
1989-06-25,,,,25.8
1989-06-26,,29.6,,25.8
1989-06-27,,30.0,,25.400000000000002
1989-06-28,,,23.400000000000002,26.1
1989-06-30,,30.0,,25.700000000000003
1989-07-03,,,,25.200000000000003
1989-07-04,,,21.0,26.1
1989-07-05,,30.0,,25.700000000000003
1989-07-06,,,,26.900000000000002
1989-07-07,,,21.0,25.700000000000003
1989-07-10,,,23.400000000000002,27.5
1989-07-16,,,24.0,26.6
1989-07-18,,,23.200000000000003,26.700000000000003
1989-07-19,,,21.200000000000003,26.900000000000002
1989-07-20,,29.3,22.400000000000002,25.5
1989-07-25,,30.0,,24.700000000000003
1989-07-26,,28.3,21.6,25.6
1989-07-31,,,,25.6
1989-08-02,0.0,31.0,,25.1
1989-08-14,,30.200000000000003,23.1,26.700000000000003
1989-08-30,,,21.5,25.3
1989-09-01,,,21.6,27.200000000000003
1989-09-02,,,21.200000000000003,24.8
1989-09-03,,,,25.8
1989-09-07,,,,25.700000000000003
1989-09-08,0.0,30.0,21.0,25.700000000000003
1989-09-09,,,,26.200000000000003
1989-09-11,,,23.1,25.700000000000003
1989-09-18,,,21.5,25.900000000000002
1989-09-20,,31.0,,27.200000000000003
1989-09-21,,,22.400000000000002,27.1
1989-09-23,0.0,33.0,,26.700000000000003
1989-09-25,,,22.8,27.1
1989-10-05,,,21.700000000000003,24.700000000000003
1989-10-06,,,22.6,26.8
1989-10-07,,,,25.1
1989-10-09,,30.900000000000002,,25.700000000000003
1989-10-10,,,,27.3
1989-10-14,,32.2,,25.200000000000003
1989-10-16,,,21.8,26.3
1989-10-21,0.0,32.5,,26.6
1989-10-28,,,23.400000000000002,26.8
1989-11-01,,33.2,,25.400000000000002
1989-11-06,,32.5,23.200000000000003,27.8
1989-11-10,,,,27.3
1989-11-12,,,23.3,28.200000000000003
1989-12-02,,,24.0,27.6
1989-12-16,,,,27.700000000000003
1989-12-18,,,23.400000000000002,26.900000000000002
1989-12-19,,32.0,,27.700000000000003
1990-01-12,,32.0,23.6,28.400000000000002
1990-01-19,,,22.6,28.1
1990-01-20,,,,25.5
1990-01-22,,,22.200000000000003,25.900000000000002
1990-01-25,,31.200000000000003,,27.1
1990-01-27,,,,24.3
1990-01-29,,31.200000000000003,22.3,29.0
1990-02-14,,32.2,25.200000000000003,29.200000000000003
1990-02-16,,,21.400000000000002,29.3
1990-03-04,,,,27.8
1990-03-12,,,,27.1
1990-03-14,,,,25.900000000000002
1990-03-17,,,23.400000000000002,29.5
1990-03-22,,33.2,,27.1
1990-07-07,,28.8,,25.0
1990-07-08,,28.6,,25.1
1990-07-11,,,23.6,27.6
1990-07-12,,30.400000000000002,23.400000000000002,26.700000000000003
1990-07-13,,,23.200000000000003,28.3
1990-07-18,,29.0,21.0,25.900000000000002
1990-07-20,,29.900000000000002,,24.6
1990-07-22,,30.5,,25.700000000000003
1990-07-25,,,,25.700000000000003
1990-07-26,,,22.5,25.400000000000002
1990-07-27,,30.400000000000002,23.0,26.700000000000003
1990-07-28,,30.400000000000002,,25.900000000000002
1990-08-05,,,,25.400000000000002
1990-08-07,,30.200000000000003,,24.400000000000002
1990-08-08,,,,26.200000000000003
1990-08-09,,30.400000000000002,,25.1
1990-08-10,,,22.0,26.1
1990-08-13,,31.200000000000003,,26.700000000000003
1990-08-15,,27.8,21.6,25.400000000000002
1990-08-17,,,21.6,26.400000000000002
1990-08-19,0.0,28.200000000000003,,24.200000000000003
1990-08-24,,,,23.6
1990-08-29,,31.200000000000003,21.0,26.400000000000002
1990-09-10,,30.6,,25.200000000000003
1990-09-13,,,20.900000000000002,23.900000000000002
1990-09-14,,30.400000000000002,21.1,25.400000000000002
1990-10-24,0.0,32.800000000000004,22.400000000000002,27.400000000000002
1990-11-03,0.0,31.400000000000002,24.0,28.5
1990-11-07,,32.2,,28.6
1990-12-05,,33.0,22.400000000000002,27.700000000000003
1990-12-12,,,23.6,29.0
1990-12-28,0.0,33.800000000000004,22.400000000000002,29.5
1991-01-02,,33.4,21.200000000000003,28.6
1991-01-22,,30.5,22.6,27.8
1991-02-18,0.0,32.6,24.200000000000003,28.200000000000003
1991-02-21,,32.5,,25.200000000000003
1991-03-02,,30.700000000000003,,26.6
1991-03-03,0.0,31.400000000000002,23.1,27.400000000000002
1991-08-22,0.0,30.0,19.200000000000003,24.900000000000002
1991-09-15,,,18.6,26.0
1992-01-21,,30.8,23.400000000000002,27.900000000000002
1992-07-03,,28.8,22.1,25.1
1992-07-07,0.0,31.200000000000003,19.400000000000002,23.700000000000003
1992-08-08,0.0,30.400000000000002,,25.6
1992-09-09,0.0,31.200000000000003,24.5,26.3
1992-09-13,0.0,34.0,22.3,27.1
1992-09-14,0.0,32.7,,27.200000000000003
1992-09-22,,31.8,19.6,26.6
1992-09-25,,32.0,,26.700000000000003
1992-09-26,,,23.400000000000002,27.3
1992-09-29,,31.700000000000003,22.3,25.6
1992-09-30,0.0,,,21.200000000000003
1992-10-03,0.0,32.300000000000004,21.900000000000002,27.8
1992-10-04,99.10000000000001,30.3,,24.8
1992-10-09,,31.8,21.6,26.900000000000002
1992-10-10,,31.8,,26.900000000000002
1992-10-11,,,21.5,26.700000000000003
1992-10-12,,,,25.8
1992-10-13,,34.0,,25.5
1992-10-28,,,,25.5
1992-11-04,,,21.900000000000002,26.0
1992-11-10,,,,27.1
1992-11-12,,,22.400000000000002,28.5
1992-11-14,,,21.8,27.400000000000002
1992-11-16,,36.0,23.1,26.700000000000003
1992-11-23,,33.4,24.8,29.900000000000002
1992-11-24,,,,31.200000000000003
1992-11-25,0.0,32.4,24.0,28.900000000000002
1992-11-27,,32.800000000000004,,30.1
1992-11-28,,33.4,,29.3
1992-12-05,,,,28.3
1992-12-06,,32.6,23.700000000000003,28.3
1992-12-10,,,24.3,27.200000000000003
1992-12-18,,31.8,23.200000000000003,27.700000000000003
1992-12-19,,,,28.200000000000003
1992-12-22,,30.8,24.200000000000003,27.1
1992-12-26,,31.6,25.0,29.3
1992-12-27,0.0,31.900000000000002,25.0,28.5
1992-12-28,,,,28.5
1992-12-30,,,,27.1
1992-12-31,,,,25.700000000000003
1993-01-03,,,,27.8
1993-01-06,,32.6,24.0,25.8
1993-01-07,,,23.0,28.3
1993-01-08,,32.0,,28.200000000000003
1993-01-09,1.0,31.6,,26.700000000000003
1993-01-10,0.0,32.0,24.1,27.0
1993-01-12,,,,25.6
1993-01-16,,33.0,23.0,27.8
1993-01-24,,30.700000000000003,23.8,26.700000000000003
1993-01-25,,27.400000000000002,,24.900000000000002
1993-01-26,,29.400000000000002,23.400000000000002,25.6
1993-01-29,,,,27.1
1993-01-30,,31.200000000000003,,25.700000000000003
1993-01-31,,32.2,,28.3
1993-02-01,,,22.700000000000003,28.900000000000002
1993-02-03,,30.200000000000003,24.400000000000002,26.700000000000003
1993-02-04,,,14.8,28.900000000000002
1993-02-05,,30.200000000000003,23.8,26.1
1993-02-08,,30.400000000000002,24.0,25.6
1993-02-09,,,,28.3
1993-02-10,,,25.0,28.700000000000003
1993-02-13,,,23.200000000000003,27.8
1993-02-15,,31.6,,26.900000000000002
1993-02-17,,29.400000000000002,23.700000000000003,26.700000000000003
1993-02-18,,30.8,,26.8
1993-02-20,,30.200000000000003,23.0,25.1
1993-02-21,,31.400000000000002,21.200000000000003,28.6
1993-02-25,,,24.0,25.8
1993-03-02,15.0,31.8,,27.200000000000003
1993-03-10,0.0,31.200000000000003,,25.700000000000003
1993-03-11,,31.0,,27.3
1993-03-12,,,,26.700000000000003
1993-03-13,,,22.3,28.0
1993-03-15,0.0,,,26.5
1993-03-18,,,,24.200000000000003
1993-03-19,,31.6,22.5,27.8
1993-03-20,27.900000000000002,31.700000000000003,,27.900000000000002
1993-03-23,,31.200000000000003,,26.1
1993-03-25,,,,26.8
1993-03-26,,32.4,23.400000000000002,27.900000000000002
1993-03-30,,29.400000000000002,,26.3
1993-04-01,0.0,,22.400000000000002,28.400000000000002
1993-04-02,,,24.0,28.200000000000003
1993-04-06,,,,25.200000000000003
1993-04-07,,,,26.900000000000002
1993-04-09,0.0,29.0,,25.200000000000003
1993-04-10,,,23.3,26.3
1993-04-14,,,,26.8
1993-04-16,,,22.0,28.0
1993-04-19,,,,26.3
1993-04-21,0.0,30.8,,26.900000000000002
1993-04-24,0.0,30.0,,25.900000000000002
1993-04-26,,30.8,23.400000000000002,27.200000000000003
1993-04-27,,,,28.3
1993-04-28,,31.6,22.400000000000002,28.700000000000003
1993-04-29,,,22.0,28.400000000000002
1993-04-30,,29.400000000000002,,24.700000000000003
1993-05-01,0.0,31.200000000000003,,25.900000000000002
1993-05-02,,,,24.8
1993-05-05,,,21.200000000000003,26.400000000000002
1993-05-08,0.0,31.6,,25.400000000000002
1993-05-12,,29.8,,26.200000000000003
1993-05-13,,,22.200000000000003,27.0
1993-05-15,,29.200000000000003,,25.400000000000002
1993-05-16,,,23.400000000000002,27.200000000000003
1993-05-19,,29.8,,25.200000000000003
1993-05-20,,,,25.8
1993-05-22,0.0,30.200000000000003,,25.6
1993-05-25,,,23.700000000000003,28.6
1993-05-26,,,,24.3
1993-05-28,,,,27.3
1993-05-29,,,,26.3
1993-05-30,,,20.8,26.8
1993-06-06,,29.0,,25.900000000000002
1993-06-07,,,,24.900000000000002
1993-06-09,,31.200000000000003,,24.8
1993-06-10,,,22.8,26.400000000000002
1993-06-11,,,21.0,24.5
1993-06-13,,30.8,,25.3
1993-06-17,,,21.0,26.6
1993-06-20,0.0,,,25.8
1993-06-21,0.0,,20.1,25.3
1993-06-24,,,,24.400000000000002
1993-06-30,,,21.6,25.8
1993-07-04,,31.0,21.200000000000003,25.1
1993-07-05,,,21.1,24.5
1993-07-11,,,23.200000000000003,24.8
1993-07-17,,,20.8,25.0
1993-07-19,,28.700000000000003,,25.1
1993-08-01,,28.900000000000002,,23.6
1993-08-02,0.0,,17.2,21.6
1993-08-06,,,18.0,25.3
1993-08-08,0.0,28.5,,23.400000000000002
1993-08-09,,,21.0,26.400000000000002
1993-08-13,,,,26.0
1993-08-22,,,19.400000000000002,24.400000000000002
1993-08-23,,,,25.3
1993-08-26,0.0,,,22.400000000000002
1993-08-28,,31.200000000000003,19.6,24.3
1993-09-01,0.0,,,24.700000000000003
1993-09-05,0.0,32.6,,24.8
1993-09-11,,,,23.200000000000003
1993-09-27,0.0,33.2,,25.5
1993-10-06,,31.6,,25.5
1993-11-16,0.0,33.7,,25.8
1993-11-17,,33.4,,28.8
1993-11-18,,,21.6,27.400000000000002
1993-11-19,,,,27.400000000000002
1993-11-23,0.0,,,25.6
1993-11-27,0.0,,,26.8
1993-12-01,,,,28.400000000000002
1993-12-07,,,24.5,27.8
1993-12-08,,,,28.1
1993-12-10,0.0,33.7,,27.5
1993-12-14,,,21.200000000000003,26.1
1993-12-18,,,,27.8
1994-01-05,0.0,,,27.1
1994-02-05,,,,27.200000000000003
1994-02-15,,,,25.400000000000002
1994-03-02,,,,28.700000000000003
1994-03-04,,,,27.400000000000002
1994-03-07,,,,25.700000000000003
1994-03-12,0.0,30.400000000000002,,27.1
1994-03-17,,,,25.900000000000002
1994-03-19,,,,26.6
1994-03-21,0.0,,,26.3
1994-03-24,0.0,,,24.900000000000002
1994-03-29,0.0,,,27.5
1994-04-04,0.0,,,27.0
1994-04-05,,,,27.3
1994-04-07,0.0,,,25.900000000000002
1994-04-14,0.0,,,27.1
1994-04-16,,,,26.1
1994-05-05,,,,26.700000000000003
1994-05-08,,,,25.200000000000003
1994-05-14,,,,28.700000000000003
1994-06-11,,,,26.8
1994-06-18,,30.200000000000003,,25.1
1994-07-21,,,,22.200000000000003
1994-07-28,,,,25.8
1994-08-02,,,,25.700000000000003
1994-08-04,0.0,,,24.8
1994-08-06,,,,25.200000000000003
1994-08-15,,,,24.1
1994-09-01,,,,25.8
1994-09-06,,,,24.400000000000002
1994-09-10,,,,24.900000000000002
1994-10-01,,,,25.1
1994-10-09,0.0,,,26.1
1994-10-11,0.0,,,25.700000000000003
1994-10-21,,,,25.8
1994-10-24,0.0,,,26.700000000000003
1994-11-01,0.0,,,27.8
1994-11-05,0.0,,,27.5
1994-11-06,0.0,,,26.400000000000002
1994-11-10,,,,28.6
1994-11-18,0.0,,,27.0
1994-11-21,0.0,,,27.5
1994-11-23,,,,28.0
1994-11-26,0.0,,,28.3
1994-12-02,0.0,,,27.8
1994-12-03,0.0,,,27.0
1994-12-20,0.0,,,26.700000000000003
1995-01-11,8.9,,,27.5
1995-01-12,0.0,,,28.3
1995-01-16,0.0,,,28.700000000000003
1995-02-01,0.0,,,27.400000000000002
1995-02-03,0.0,,,26.400000000000002
1995-02-05,0.0,,,26.8
1995-02-06,0.0,,,28.0
1995-02-09,,,,26.900000000000002
1995-02-16,,,,26.900000000000002
1995-02-19,,,,27.8
1995-02-25,0.0,,,27.200000000000003
1995-02-28,,,,27.6
1995-03-16,,31.3,24.6,27.8
1995-03-19,0.0,,,28.6
1995-03-21,,,24.400000000000002,28.5
1995-03-23,1.0,32.2,,28.1
1995-03-24,,,,25.6
1995-03-25,,30.400000000000002,23.8,27.900000000000002
1995-03-29,,,,27.700000000000003
1995-03-30,0.0,,24.1,27.700000000000003
1995-04-02,,31.700000000000003,,27.8
1995-04-04,,,,28.0
1995-04-05,,31.8,24.400000000000002,27.0
1995-04-06,,30.200000000000003,24.0,27.1
1995-04-07,,,,27.900000000000002
1995-04-08,,30.400000000000002,24.200000000000003,26.5
1995-04-10,,,23.900000000000002,26.200000000000003
1995-04-11,,29.6,23.5,27.6
1995-04-12,,31.0,23.200000000000003,25.1
1995-04-16,71.9,28.0,,25.8
1995-04-17,0.0,30.6,23.6,26.8
1995-04-18,0.0,31.1,23.6,27.700000000000003
1995-04-19,0.0,31.200000000000003,24.0,27.5
1995-04-20,0.0,31.8,24.400000000000002,28.400000000000002
1995-04-21,,,24.6,28.5
1995-04-22,0.0,,23.6,28.400000000000002
1995-04-23,0.0,,,27.5
1995-04-25,2.0,,24.0,28.200000000000003
1995-04-26,,,24.200000000000003,29.1
1995-04-27,,,22.8,28.3
1995-04-28,0.0,,,27.6
1995-04-29,0.0,32.9,22.900000000000002,27.200000000000003
1995-04-30,0.0,,,25.700000000000003
1995-05-01,0.0,32.2,23.400000000000002,27.200000000000003
1995-05-02,,,24.200000000000003,27.3
1995-05-04,0.0,32.6,16.0,26.3
1995-05-05,0.0,31.6,23.5,27.6
1995-05-06,1.0,30.200000000000003,24.0,26.400000000000002
1995-05-07,,,,28.900000000000002
1995-05-09,,,24.6,28.1
1995-05-10,,,24.6,26.700000000000003
1995-05-11,0.0,,23.900000000000002,27.3
1995-05-15,,,,26.900000000000002
1995-05-17,0.0,,23.700000000000003,25.8
1995-05-18,,31.3,,26.900000000000002
1995-05-20,0.0,30.6,,25.700000000000003
1995-05-21,0.0,30.400000000000002,,27.6
1995-05-23,0.0,,23.6,27.200000000000003
1995-05-25,,,,27.6
1995-05-26,,,24.200000000000003,27.900000000000002
1995-05-28,0.0,31.1,21.200000000000003,25.400000000000002
1995-05-29,,,,29.200000000000003
1995-05-30,,30.6,22.6,27.3
1995-05-31,43.900000000000006,30.200000000000003,,25.3
1995-06-02,0.0,31.400000000000002,,26.900000000000002
1995-06-03,0.0,,24.200000000000003,27.200000000000003
1995-06-04,0.0,31.0,23.1,26.400000000000002
1995-06-05,,30.3,23.200000000000003,27.400000000000002
1995-06-06,2.0,,23.400000000000002,26.8
1995-06-09,0.0,30.8,,25.700000000000003
1995-06-10,0.0,29.8,20.8,25.700000000000003
1995-06-12,,,,27.200000000000003
1995-06-13,,31.200000000000003,22.6,26.3
1995-06-14,,31.0,,27.200000000000003
1995-06-15,,31.6,23.8,28.1
1995-06-16,,,23.400000000000002,26.700000000000003
1995-06-17,0.0,29.1,23.200000000000003,26.400000000000002
1995-06-18,2.0,,23.6,25.5
1995-06-19,,,23.200000000000003,26.200000000000003
1995-06-20,2.0,28.8,,23.900000000000002
1995-06-21,0.0,28.0,22.6,25.1
1995-06-22,,,,25.900000000000002
1995-06-23,,29.400000000000002,21.0,26.3
1995-06-25,0.0,30.0,,25.0
1995-06-26,,,,24.700000000000003
1995-06-28,,28.5,,25.3
1995-07-01,0.0,30.0,,26.1
1995-07-02,,,23.400000000000002,25.400000000000002
1995-07-04,0.0,28.6,,25.5
1995-07-07,,,22.3,26.3
1995-07-08,2.0,28.8,22.8,24.8
1995-07-09,,,,26.900000000000002
1995-07-12,0.0,,,25.200000000000003
1995-07-14,,,23.0,26.200000000000003
1995-07-15,,,20.8,27.200000000000003
1995-07-17,,30.400000000000002,18.400000000000002,27.1
1995-07-19,0.0,,22.0,26.3
1995-07-20,,30.5,22.0,26.900000000000002
1995-07-21,0.0,,,25.8
1995-07-22,0.0,28.5,21.0,24.8
1995-07-23,0.0,,20.400000000000002,25.3
1995-07-24,,29.200000000000003,21.200000000000003,25.200000000000003
1995-07-25,,,22.0,27.3
1995-07-26,,27.6,21.6,25.700000000000003
1995-07-27,0.0,29.6,,24.900000000000002
1995-08-02,0.0,28.8,,25.700000000000003
1995-08-03,,30.200000000000003,22.0,26.900000000000002
1995-08-04,,,23.200000000000003,27.3
1995-08-06,,28.0,23.6,25.3
1995-08-07,,,,25.8
1995-08-08,0.0,,,24.700000000000003
1995-08-09,,28.5,21.0,25.6
1995-08-10,,27.3,20.400000000000002,25.1
1995-08-12,,,21.400000000000002,26.0
1995-08-14,0.0,,,25.0
1995-08-15,,,,25.700000000000003
1995-08-16,,27.900000000000002,20.1,24.900000000000002
1995-08-19,0.30000000000000004,,,27.400000000000002
1995-08-20,0.0,31.0,23.6,25.6
1995-08-22,,30.0,21.200000000000003,26.6
1995-08-23,,29.8,20.0,26.200000000000003
1995-08-25,,,24.200000000000003,26.200000000000003
1995-08-26,2.0,28.6,,24.200000000000003
1995-08-27,,30.8,,27.5
1995-08-28,0.0,29.8,20.0,25.5
1995-08-29,,,21.200000000000003,27.3
1995-08-31,0.0,,23.200000000000003,26.400000000000002
1995-09-03,,29.400000000000002,22.8,27.1
1995-09-05,,29.0,,26.8
1995-09-09,,,20.0,28.400000000000002
1995-09-10,,31.0,19.6,26.700000000000003
1995-09-11,,,19.400000000000002,26.3
1995-09-13,,,19.5,27.400000000000002
1995-09-14,,,21.400000000000002,26.8
1995-09-15,,,21.200000000000003,27.8
1995-09-16,,,21.400000000000002,28.1
1995-09-18,,,23.3,27.3
1995-09-19,,,23.700000000000003,27.8
1995-09-21,,30.6,,26.700000000000003
1995-09-26,,,22.400000000000002,27.400000000000002
1995-09-29,0.0,33.6,,25.8
1995-09-30,,,,26.400000000000002
1995-10-01,0.0,,22.0,27.400000000000002
1995-11-01,,,23.0,30.700000000000003
1995-11-02,,31.8,23.200000000000003,28.200000000000003
1995-11-05,0.0,33.6,24.400000000000002,29.0
1995-11-06,0.0,33.800000000000004,,27.5
1995-11-07,3.0,32.0,,26.3
1995-11-08,,,23.200000000000003,27.3
1995-11-11,0.0,33.4,23.900000000000002,28.5
1995-11-12,,33.2,24.900000000000002,28.0
1995-11-13,0.0,33.6,24.0,28.900000000000002
1995-11-15,,31.200000000000003,23.8,28.8
1995-11-17,0.0,33.4,24.0,28.3
1995-11-18,0.0,,24.8,28.700000000000003
1995-11-19,0.0,,24.1,29.1
1995-11-20,7.9,30.400000000000002,24.400000000000002,26.5
1995-11-21,,31.700000000000003,25.0,29.0
1995-11-22,,32.800000000000004,25.0,29.400000000000002
1995-11-23,,31.8,24.400000000000002,29.3
1995-11-24,0.0,32.2,,28.3
1995-11-25,0.0,32.2,24.0,27.8
1995-11-26,,32.800000000000004,25.200000000000003,28.6
1995-11-29,,29.8,23.400000000000002,27.6
1995-11-30,,30.6,,26.900000000000002
1995-12-01,0.0,30.8,22.400000000000002,26.8
1995-12-03,0.0,30.400000000000002,23.8,26.900000000000002
1995-12-04,,31.400000000000002,24.700000000000003,28.8
1995-12-05,,32.0,23.8,27.5
1995-12-06,,32.800000000000004,23.5,28.6
1995-12-07,,31.8,23.8,29.3
1995-12-08,,,,27.1
1995-12-10,0.0,,,28.200000000000003
1995-12-11,,32.2,24.0,29.6
1995-12-12,,31.6,25.0,27.900000000000002
1995-12-13,,28.400000000000002,,26.1
1995-12-15,0.0,31.200000000000003,,26.6
1995-12-16,,,,27.700000000000003
1995-12-17,0.0,31.400000000000002,23.200000000000003,26.900000000000002
1995-12-18,,32.4,23.900000000000002,29.900000000000002
1995-12-20,0.0,32.0,23.6,27.8
1995-12-21,,,24.1,29.400000000000002
1995-12-22,,31.8,24.8,29.200000000000003
1995-12-24,,,22.400000000000002,27.200000000000003
1995-12-25,0.0,28.8,,25.3
1995-12-26,,,23.200000000000003,25.400000000000002
1995-12-27,0.0,31.3,24.0,27.6
1995-12-28,5.1000000000000005,32.2,23.6,27.8
1995-12-29,,30.6,22.6,26.1
1995-12-30,47.0,,,24.6
1995-12-31,,,22.400000000000002,29.3
1996-01-01,,32.0,25.0,27.8
1996-01-02,,,24.400000000000002,28.400000000000002
1996-01-04,,30.200000000000003,24.8,26.8
1996-01-05,,31.0,23.6,27.8
1996-01-06,,31.400000000000002,25.0,28.6
1996-01-07,14.0,,,28.8
1996-01-08,,,22.200000000000003,30.0
1996-01-09,,31.400000000000002,,27.900000000000002
1996-01-10,0.0,,,27.400000000000002
1996-01-11,,32.300000000000004,25.0,29.1
1996-01-13,,,,29.6
1996-01-14,,31.200000000000003,24.200000000000003,25.3
1996-01-15,0.0,31.0,23.900000000000002,27.5
1996-01-16,,32.2,23.400000000000002,28.1
1996-01-17,,,23.400000000000002,28.6
1996-01-18,,,21.0,29.900000000000002
1996-01-19,0.0,31.400000000000002,,27.400000000000002
1996-01-21,4.6000000000000005,31.200000000000003,,27.0
1996-01-22,,31.200000000000003,,28.900000000000002
1996-01-23,3.0,31.200000000000003,21.0,26.6
1996-01-24,0.0,32.800000000000004,23.900000000000002,28.5
1996-01-25,0.0,32.2,,26.6
1996-01-27,,31.400000000000002,23.400000000000002,28.6
1996-01-28,53.1,31.6,21.400000000000002,27.200000000000003
1996-01-29,0.0,,,26.8
1996-01-30,,,23.8,28.900000000000002
1996-01-31,47.0,31.8,,27.400000000000002
1996-02-01,,,24.0,26.8
1996-02-02,,,21.0,27.3
1996-02-03,,30.200000000000003,,25.400000000000002
1996-02-04,,29.6,23.8,27.0
1996-02-05,1.0,31.3,24.0,28.5
1996-02-06,106.9,31.6,,26.400000000000002
1996-02-07,,,22.0,27.1
1996-02-08,0.0,30.0,,26.700000000000003
1996-02-09,0.0,31.900000000000002,,26.700000000000003
1996-02-10,,,24.8,28.1
1996-02-12,,,24.200000000000003,29.8
1996-02-13,0.0,31.6,25.200000000000003,27.5
1996-02-14,6.1000000000000005,,24.700000000000003,27.400000000000002
1996-02-15,3.0,29.400000000000002,24.0,26.900000000000002
1996-02-17,,31.0,22.200000000000003,29.400000000000002
1996-02-18,,31.200000000000003,22.6,24.6
1996-02-20,,32.300000000000004,21.6,29.400000000000002
1996-02-21,,,24.6,28.5
1996-02-22,,,21.6,28.8
1996-02-23,,,,26.200000000000003
1996-02-24,17.0,31.0,23.1,26.5
1996-02-27,,30.400000000000002,25.0,27.400000000000002
1996-02-28,0.0,31.8,,26.900000000000002
1996-02-29,6.1000000000000005,32.5,23.1,27.400000000000002
1996-03-01,,32.800000000000004,23.6,30.1
1996-03-02,,32.6,23.400000000000002,30.700000000000003
1996-03-03,0.0,32.5,23.400000000000002,27.3
1996-03-04,,32.0,,26.400000000000002
1996-03-05,0.0,32.4,23.1,27.200000000000003
1996-03-06,,32.7,24.0,29.400000000000002
1996-03-07,,30.8,25.200000000000003,28.900000000000002
1996-03-08,,29.8,25.8,28.3
1996-03-09,2.0,29.8,,27.8
1996-03-10,,29.6,22.400000000000002,26.700000000000003
1996-03-11,0.0,30.8,23.700000000000003,28.3
1996-03-12,,,24.400000000000002,30.1
1996-03-13,,,24.8,27.5
1996-03-14,,32.0,24.6,27.700000000000003
1996-03-15,0.0,,24.6,27.1
1996-03-16,0.0,32.800000000000004,21.8,28.700000000000003
1996-03-17,,,,26.8
1996-03-18,0.0,32.7,23.6,27.700000000000003
1996-03-19,0.0,33.6,24.400000000000002,29.0
1996-03-20,0.0,32.800000000000004,,28.5
1996-03-21,0.0,32.800000000000004,24.200000000000003,28.8
1996-03-22,,,21.400000000000002,29.1
1996-03-23,0.0,31.400000000000002,25.0,28.400000000000002
1996-03-24,0.0,,24.400000000000002,27.1
1996-03-25,,30.200000000000003,24.8,26.700000000000003
1996-03-26,0.0,29.0,24.200000000000003,26.5
1996-03-27,,,23.8,30.1
1996-03-29,,,23.700000000000003,26.0
1996-03-30,,32.7,24.200000000000003,28.8
1996-03-31,,31.0,24.8,27.1
1996-04-02,0.0,30.0,24.400000000000002,27.200000000000003
1996-04-03,0.0,30.6,22.0,26.8
1996-04-04,0.0,29.8,24.6,27.200000000000003
1996-04-05,5.1000000000000005,27.700000000000003,,25.6
1996-04-06,0.0,31.6,15.3,26.5
1996-04-07,,30.200000000000003,24.0,27.0
1996-04-08,,30.200000000000003,24.200000000000003,27.700000000000003
1996-04-09,,,21.8,29.1
1996-04-10,1.0,31.6,,27.1
1996-04-11,0.0,31.8,23.400000000000002,27.400000000000002
1996-04-12,0.0,,,28.200000000000003
1996-04-13,,31.0,,25.8
1996-04-15,,,23.0,28.8
1996-04-16,,33.0,24.6,29.700000000000003
1996-04-17,,,24.0,28.5
1996-04-18,0.0,31.0,,26.700000000000003
1996-04-19,,,,28.3
1996-04-20,0.0,31.6,23.8,27.700000000000003
1996-04-21,0.0,,21.200000000000003,28.1
1996-04-22,0.0,,,27.900000000000002
1996-04-23,0.0,,23.0,27.200000000000003
1996-04-24,,,23.8,29.700000000000003
1996-04-27,0.0,,21.0,27.5
1996-04-28,,32.0,25.1,27.8
1996-04-29,,,24.400000000000002,27.900000000000002
1996-04-30,,29.700000000000003,25.0,26.900000000000002
1996-05-01,,31.200000000000003,25.0,28.200000000000003
1996-05-03,,,20.6,25.900000000000002
1996-05-04,2.0,31.0,23.6,26.900000000000002
1996-05-06,,27.5,,24.700000000000003
1996-05-07,,28.400000000000002,23.0,24.900000000000002
1996-05-08,0.0,30.5,22.8,26.1
1996-05-09,0.0,30.6,,27.200000000000003
1996-05-10,0.0,,,27.900000000000002
1996-05-12,0.0,32.4,23.8,26.8
1996-05-13,0.0,,24.6,27.900000000000002
1996-05-14,0.0,,23.200000000000003,26.6
1996-05-15,0.0,,23.6,26.700000000000003
1996-05-16,,31.6,,27.3
1996-05-17,0.0,,,27.3
1996-05-18,0.0,31.400000000000002,,26.8
1996-05-19,0.0,31.6,23.0,26.900000000000002
1996-05-20,,32.0,22.400000000000002,27.8
1996-05-21,0.0,32.4,,26.400000000000002
1996-05-22,0.0,31.8,22.200000000000003,26.900000000000002
1996-05-23,,29.8,21.1,27.6
1996-05-24,0.0,29.400000000000002,24.0,26.900000000000002
1996-05-25,,,23.0,28.1
1996-05-26,,31.400000000000002,23.400000000000002,28.8
1996-05-27,,,,27.400000000000002
1996-05-28,,31.400000000000002,24.8,27.3
1996-05-29,23.1,28.400000000000002,23.6,26.0
1996-05-30,,,23.8,26.700000000000003
1996-06-01,0.0,,22.8,26.200000000000003
1996-06-03,,,24.200000000000003,28.3
1996-06-05,,30.6,23.400000000000002,28.1
1996-06-06,,,,25.900000000000002
1996-06-07,,,21.0,25.900000000000002
1996-06-08,0.0,,,25.700000000000003
1996-06-10,,29.400000000000002,23.200000000000003,26.900000000000002
1996-06-11,,,22.8,27.8
1996-06-14,,,24.200000000000003,27.5
1996-06-15,,,22.6,28.200000000000003
1996-06-16,,,24.200000000000003,27.400000000000002
1996-06-18,,,23.8,27.8
1996-06-19,,,24.400000000000002,28.1
1996-06-21,,30.8,24.400000000000002,27.5
1996-06-22,,,21.0,27.5
1996-06-23,0.0,,21.200000000000003,25.6
1996-06-24,,29.0,21.400000000000002,26.5
1996-06-25,0.0,30.6,22.0,27.1
1996-06-26,,,23.200000000000003,28.0
1996-06-27,,,22.8,28.1
1996-06-28,0.0,30.8,,25.1
1996-06-29,0.0,31.400000000000002,20.0,25.400000000000002
1996-06-30,,,19.6,27.900000000000002
1996-07-01,,28.400000000000002,22.200000000000003,26.3
1996-07-03,,,22.200000000000003,26.900000000000002
1996-07-04,0.0,30.200000000000003,21.8,26.3
1996-07-06,,,21.6,26.200000000000003
1996-07-07,8.9,,21.200000000000003,25.8
1996-07-08,0.0,29.400000000000002,,24.900000000000002
1996-07-09,,,22.0,27.700000000000003
1996-07-12,0.0,,,25.400000000000002
1996-07-13,,27.400000000000002,,25.400000000000002
1996-07-14,,,21.200000000000003,26.0
1996-07-15,,28.400000000000002,24.0,25.6
1996-07-16,,,23.0,26.6
1996-07-17,0.0,,20.3,24.900000000000002
1996-07-18,,28.6,20.0,25.5
1996-07-22,0.0,31.0,20.6,26.400000000000002
1996-07-23,,,21.400000000000002,26.6
1996-07-24,,,23.0,27.0
1996-07-27,,,23.200000000000003,26.1
1996-07-28,,,22.3,25.6
1996-07-30,,,20.400000000000002,25.8
1996-07-31,,,21.200000000000003,25.900000000000002
1996-08-01,,29.5,20.200000000000003,26.6
1996-08-02,0.0,30.200000000000003,,24.900000000000002
1996-08-03,,30.200000000000003,20.0,27.200000000000003
1996-08-04,,30.6,21.0,27.1
1996-08-05,,,22.0,26.700000000000003
1996-08-06,,,23.200000000000003,26.200000000000003
1996-08-07,,28.8,,24.6
1996-08-09,,,22.400000000000002,26.700000000000003
1996-08-11,,30.6,23.400000000000002,27.3
1996-08-12,0.0,28.0,23.0,25.200000000000003
1996-08-13,,29.8,23.200000000000003,26.6
1996-08-14,,31.200000000000003,23.0,27.3
1996-08-15,,,22.8,28.200000000000003
1996-08-16,,31.400000000000002,23.200000000000003,27.200000000000003
1996-08-17,,30.5,20.6,27.1
1996-08-18,,,21.8,27.3
1996-08-20,,,22.3,27.400000000000002
1996-08-21,,,22.200000000000003,27.900000000000002
1996-08-22,0.0,30.6,22.400000000000002,25.8
1996-08-23,,,22.400000000000002,27.200000000000003
1996-08-26,0.0,30.0,23.400000000000002,25.8
1996-08-27,1.0,29.8,,25.0
1996-08-28,,,23.200000000000003,27.6
1996-08-29,,,20.400000000000002,26.8
1996-08-31,0.0,29.200000000000003,,26.3
1996-09-01,0.0,27.0,,24.900000000000002
1996-09-02,,,,26.700000000000003
1996-09-03,0.0,29.6,,26.1
1996-09-04,,,23.0,27.200000000000003
1996-09-05,,31.200000000000003,20.400000000000002,26.5
1996-09-06,0.0,31.200000000000003,,24.8
1996-09-07,,,23.200000000000003,27.900000000000002
1996-09-10,0.0,,22.400000000000002,25.200000000000003
1996-09-11,,29.400000000000002,22.0,26.900000000000002
1996-09-12,0.0,,23.0,26.1
1996-09-13,0.0,30.0,21.200000000000003,27.0
1996-09-14,,,24.400000000000002,27.700000000000003
1996-09-15,6.1000000000000005,,23.8,26.200000000000003
1996-09-16,,32.0,23.200000000000003,27.900000000000002
1996-09-17,,32.0,23.6,28.8
1996-09-18,0.0,33.4,22.200000000000003,27.200000000000003
1996-09-19,0.0,33.2,22.400000000000002,26.3
1996-09-20,0.0,,22.3,27.700000000000003
1996-09-21,,30.200000000000003,23.400000000000002,28.3
1996-09-23,0.0,,19.8,26.5
1996-09-24,0.0,,21.6,27.1
1996-09-25,0.0,32.1,,27.1
1996-09-26,,33.1,23.200000000000003,27.3
1996-09-27,0.0,,22.8,27.5
1996-09-28,,,23.0,27.900000000000002
1996-09-29,0.0,,,26.8
1996-09-30,,,23.8,29.200000000000003
1996-10-01,,32.1,21.0,29.200000000000003
1996-10-02,,32.0,24.400000000000002,27.900000000000002
1996-10-03,,31.400000000000002,23.8,28.8
1996-10-04,0.0,,22.0,27.5
1996-10-05,3.0,30.8,22.400000000000002,27.200000000000003
1996-10-06,38.1,32.6,,22.6
1996-10-07,,,11.100000000000001,26.400000000000002
1996-10-08,,31.1,24.0,27.400000000000002
1996-10-09,0.0,31.0,23.200000000000003,27.700000000000003
1996-10-10,0.0,29.6,,26.700000000000003
1996-10-11,,31.200000000000003,24.0,29.1
1996-10-12,,31.3,22.200000000000003,28.1
1996-10-13,0.0,31.200000000000003,23.0,26.400000000000002
1996-10-14,,32.0,23.0,28.6
1996-10-15,1.0,32.0,23.0,27.400000000000002
1996-10-16,3.0,,23.0,25.400000000000002
1996-10-17,,,23.6,28.3
1996-10-18,0.0,32.4,24.0,27.3
1996-10-19,,32.2,24.200000000000003,28.1
1996-10-20,0.0,32.2,23.1,27.400000000000002
1996-10-21,,33.800000000000004,24.0,29.1
1996-10-22,3.0,31.6,,26.400000000000002
1996-10-23,,29.8,24.0,27.3
1996-10-24,7.1000000000000005,,23.200000000000003,26.5
1996-10-25,0.0,29.0,,26.1
1996-10-26,53.1,27.3,,25.1
1996-10-27,,,21.0,26.3
1996-10-28,,31.400000000000002,24.400000000000002,27.3
1996-10-29,,31.6,24.400000000000002,27.400000000000002
1996-10-30,,31.400000000000002,24.400000000000002,28.200000000000003
1996-10-31,0.0,31.400000000000002,14.0,27.0
1996-11-01,,30.200000000000003,,27.400000000000002
1996-11-02,2.0,,,26.0
1996-11-03,0.0,32.6,22.0,26.700000000000003
1996-11-04,0.0,31.400000000000002,22.0,27.1
1996-11-05,0.0,32.4,21.0,26.900000000000002
1996-11-06,,31.0,23.0,28.200000000000003
1996-11-08,0.0,30.8,,26.6
1996-11-09,,31.400000000000002,22.8,28.5
1996-11-10,,31.6,24.400000000000002,28.900000000000002
1996-11-11,0.0,30.400000000000002,,25.0
1996-11-12,,31.200000000000003,24.200000000000003,27.700000000000003
1996-11-13,0.0,31.200000000000003,24.200000000000003,26.900000000000002
1996-11-14,0.0,32.0,24.200000000000003,28.700000000000003
1996-11-15,19.1,32.4,,27.900000000000002
1996-11-16,,,22.200000000000003,29.1
1996-11-17,,32.0,23.200000000000003,29.6
1996-11-18,0.0,32.6,23.1,28.3
1996-11-19,0.0,31.400000000000002,23.400000000000002,28.1
1996-11-20,0.0,32.4,23.400000000000002,26.700000000000003
1996-11-21,0.0,,,27.6
1996-11-22,0.0,32.7,,29.3
1996-11-23,1.0,,24.200000000000003,28.400000000000002
1996-11-24,,,24.0,28.200000000000003
1996-11-25,,33.0,21.400000000000002,30.1
1996-11-26,,,23.0,30.0
1996-11-27,0.0,32.800000000000004,,27.6
1996-11-28,,,,31.3
1996-11-29,5.1000000000000005,32.4,,27.700000000000003
1996-11-30,41.900000000000006,,,28.200000000000003
1996-12-01,0.0,31.400000000000002,22.0,27.400000000000002
1996-12-03,0.0,,25.400000000000002,29.5
1996-12-04,,33.7,26.6,30.5
1996-12-05,,,,28.8
1996-12-06,2.0,,,26.3
1996-12-07,,32.0,23.6,29.6
1996-12-10,0.0,,24.200000000000003,28.3
1996-12-11,0.0,32.2,24.6,28.8
1996-12-12,,29.0,25.0,27.6
1996-12-13,0.0,,24.0,28.200000000000003
1996-12-14,0.0,,24.6,29.0
1996-12-15,,32.0,24.400000000000002,28.200000000000003
1996-12-17,3.0,30.6,24.200000000000003,27.3
1996-12-18,3.0,,24.200000000000003,28.900000000000002
1996-12-19,,,24.200000000000003,27.8
1996-12-20,0.0,,22.200000000000003,27.6
1996-12-22,,28.400000000000002,24.400000000000002,25.900000000000002
1996-12-26,,32.2,24.8,29.6
1996-12-27,,,,27.8
1996-12-28,,32.2,,26.6
1996-12-29,,27.0,23.6,25.1
1996-12-30,,32.0,23.0,28.1
1996-12-31,0.0,,23.8,26.700000000000003
1997-01-04,,,24.6,28.200000000000003
1997-01-05,0.0,31.200000000000003,,26.6
1997-01-06,,31.6,23.8,29.400000000000002
1997-01-07,59.900000000000006,28.8,,25.1
1997-01-08,,,23.0,27.1
1997-01-09,,,24.0,29.700000000000003
1997-01-10,,31.400000000000002,,28.8
1997-01-11,0.0,30.6,24.400000000000002,27.5
1997-01-12,0.0,30.6,21.400000000000002,27.3
1997-01-13,10.9,31.0,,24.8
1997-01-14,0.0,30.6,,26.400000000000002
1997-01-16,,,,28.6
1997-01-17,0.0,30.400000000000002,21.1,27.3
1997-01-18,,31.5,21.6,29.3
1997-01-19,,30.0,21.400000000000002,26.8
1997-01-21,,31.0,,27.6
1997-01-23,,,21.6,27.700000000000003
1997-01-24,0.0,31.0,,26.8
1997-01-26,,,23.400000000000002,27.3
1997-01-28,,,24.0,28.8
1997-01-29,0.0,,,28.8
1997-01-31,0.0,32.0,,26.8
1997-02-01,,30.6,24.0,27.8
1997-02-02,4.1000000000000005,,22.400000000000002,26.6
1997-02-04,0.0,32.2,23.200000000000003,27.900000000000002
1997-02-05,0.0,30.200000000000003,24.0,27.1
1997-02-06,,31.8,24.400000000000002,29.200000000000003
1997-02-07,,31.6,24.200000000000003,29.3
1997-02-08,,30.6,25.0,27.3
1997-02-10,,31.200000000000003,,28.700000000000003
1997-02-12,34.0,29.8,24.200000000000003,26.8
1997-02-13,,31.6,,28.400000000000002
1997-02-14,,31.400000000000002,,29.1
1997-02-15,,32.0,,28.3
1997-02-16,,30.0,,26.1
1997-02-17,,30.400000000000002,23.400000000000002,27.700000000000003
1997-02-18,,31.3,,28.5
1997-02-19,,,24.8,27.8
1997-02-20,,29.400000000000002,23.8,26.400000000000002
1997-02-21,,,23.6,27.6
1997-02-23,,32.0,24.400000000000002,29.200000000000003
1997-02-24,3.0,31.3,24.200000000000003,26.400000000000002
1997-02-25,,30.400000000000002,24.400000000000002,27.900000000000002
1997-02-26,,30.0,,26.900000000000002
1997-02-27,,30.400000000000002,24.0,26.700000000000003
1997-03-01,,30.6,,26.1
1997-03-04,,,24.200000000000003,30.3
1997-03-05,,32.2,25.200000000000003,29.400000000000002
1997-03-06,,32.2,24.400000000000002,25.8
1997-03-07,0.0,30.6,24.200000000000003,26.5
1997-03-08,,30.0,24.0,28.400000000000002
1997-03-10,,,24.200000000000003,28.8
1997-03-12,3.0,31.0,23.0,25.0
1997-03-13,4.1000000000000005,30.0,23.200000000000003,26.8
1997-03-14,,30.400000000000002,22.6,28.0
1997-03-15,,30.200000000000003,24.6,28.5
1997-03-16,0.0,,22.0,28.1
1997-03-17,,,24.0,29.200000000000003
1997-03-18,0.0,,,28.1
1997-03-19,,31.8,,29.6
1997-03-20,0.0,31.400000000000002,23.400000000000002,27.5
1997-03-21,0.0,31.8,23.8,27.8
1997-03-22,0.0,,24.6,27.8
1997-03-23,,31.6,24.8,29.700000000000003
1997-03-24,,,24.200000000000003,29.900000000000002
1997-03-25,,31.8,24.200000000000003,29.6
1997-03-26,0.0,31.3,24.8,28.3
1997-03-28,,,22.200000000000003,30.6
1997-03-29,,33.0,24.0,29.900000000000002
1997-03-31,0.0,32.800000000000004,23.8,27.900000000000002
1997-04-01,0.0,33.0,23.0,28.6
1997-04-02,0.0,32.2,15.700000000000001,26.1
1997-04-03,0.0,32.2,23.400000000000002,28.6
1997-04-06,,31.8,24.8,28.8
1997-04-07,0.0,32.0,23.0,27.900000000000002
1997-04-08,,,24.0,29.1
1997-04-09,0.0,33.2,,27.6
1997-04-10,0.0,31.200000000000003,,26.6
1997-04-11,,31.200000000000003,22.400000000000002,28.400000000000002
1997-04-12,0.0,33.0,22.400000000000002,27.200000000000003
1997-04-13,0.0,32.4,21.6,27.5
1997-04-14,199.9,32.4,21.0,27.1
1997-04-15,0.0,31.200000000000003,,27.1
1997-04-16,0.0,32.0,,25.5
1997-04-17,0.0,31.200000000000003,20.400000000000002,26.1
1997-04-18,,31.8,20.200000000000003,27.900000000000002
1997-04-19,,,19.3,28.900000000000002
1997-04-20,0.0,32.2,22.400000000000002,26.400000000000002
1997-04-21,0.0,33.2,21.8,27.1
1997-04-22,0.0,31.8,22.400000000000002,26.900000000000002
1997-04-23,1.0,,22.200000000000003,27.700000000000003
1997-04-24,,,23.400000000000002,27.0
1997-04-25,0.0,,,28.200000000000003
1997-04-26,,,23.5,28.700000000000003
1997-04-27,,,21.200000000000003,28.900000000000002
1997-04-28,,,23.0,26.1
1997-04-29,,31.0,,26.3
1997-04-30,,,22.200000000000003,26.3
1997-05-01,,31.200000000000003,22.200000000000003,27.3
1997-05-02,,,22.0,27.900000000000002
1997-05-03,,32.0,,27.900000000000002
1997-05-05,0.0,31.6,,25.900000000000002
1997-05-06,0.0,31.3,20.6,26.200000000000003
1997-05-07,0.0,31.400000000000002,20.400000000000002,26.8
1997-05-08,,,,28.8
1997-05-09,0.0,33.0,,25.900000000000002
1997-05-10,0.0,,,25.900000000000002
1997-05-13,,32.4,21.3,29.1
1997-05-15,,30.0,21.6,27.8
1997-05-16,,29.8,24.0,27.900000000000002
1997-05-17,,,,28.5
1997-05-18,,,24.400000000000002,25.900000000000002
1997-05-19,,30.200000000000003,24.0,27.700000000000003
1997-05-20,0.0,29.8,23.200000000000003,26.700000000000003
1997-05-21,,,,27.0
1997-05-22,,,22.3,28.200000000000003
1997-05-24,,32.0,22.0,27.900000000000002
1997-05-25,0.0,,22.400000000000002,26.6
1997-05-26,,30.6,22.3,27.6
1997-05-29,,,20.0,28.0
1997-05-30,0.0,31.0,,26.700000000000003
1997-05-31,,29.700000000000003,20.0,26.1
1997-06-01,0.0,,19.6,25.1
1997-06-02,,32.0,20.400000000000002,28.200000000000003
1997-06-03,,32.0,20.200000000000003,27.900000000000002
1997-06-04,0.0,31.200000000000003,,25.6
1997-06-05,,31.0,19.400000000000002,26.8
1997-06-06,,,21.900000000000002,27.700000000000003
1997-06-07,,32.4,21.0,28.0
1997-06-08,,,19.0,24.6
1997-06-09,,,19.400000000000002,27.200000000000003
1997-06-11,,,19.400000000000002,27.900000000000002
1997-06-12,,,21.200000000000003,28.900000000000002
1997-06-14,,,19.6,27.1
1997-06-15,,,21.6,27.0
1997-06-16,0.0,30.200000000000003,19.0,25.400000000000002
1997-06-17,0.0,,,22.8
1997-06-19,,29.8,19.0,26.3
1997-06-20,0.0,30.6,19.3,25.5
1997-06-21,,29.8,21.200000000000003,25.6
1997-06-22,,,21.200000000000003,28.200000000000003
1997-06-23,,,21.0,27.1
1997-06-24,0.0,28.700000000000003,21.0,25.6
1997-06-25,,,20.200000000000003,27.6
1997-06-26,,31.200000000000003,21.200000000000003,26.8
1997-06-27,,30.400000000000002,20.6,26.1
1997-06-29,,29.200000000000003,22.200000000000003,25.900000000000002
1997-07-02,,28.6,22.0,26.200000000000003
1997-07-04,0.0,,22.8,26.400000000000002
1997-07-05,,32.0,21.8,26.8
1997-07-07,,,19.400000000000002,28.3
1997-07-09,0.0,29.400000000000002,22.6,25.0
1997-07-10,,31.0,23.0,27.1
1997-07-11,,30.6,23.0,26.5
1997-07-12,,,23.0,26.200000000000003
1997-07-13,,,21.0,24.900000000000002
1997-07-15,,30.0,22.200000000000003,26.200000000000003
1997-07-17,,30.200000000000003,22.200000000000003,25.700000000000003
1997-07-18,,,22.400000000000002,27.3
1997-07-19,,,21.0,26.6
1997-07-20,,29.200000000000003,20.400000000000002,26.1
1997-07-21,,,21.0,25.900000000000002
1997-07-22,,,19.0,27.6
1997-07-23,0.0,31.6,,24.1
1997-07-24,,,19.0,26.1
1997-07-25,,,19.400000000000002,26.400000000000002
1997-07-26,,,19.200000000000003,26.900000000000002
1997-07-29,0.0,29.3,,22.8
1997-07-30,,,18.0,26.400000000000002
1997-07-31,,,17.6,27.3
1997-08-02,,,16.400000000000002,26.200000000000003
1997-08-03,0.0,,18.1,24.3
1997-08-04,,,19.6,26.700000000000003
1997-08-05,,30.400000000000002,20.0,26.0
1997-08-07,,31.8,21.6,26.6
1997-08-09,,,19.1,25.900000000000002
1997-08-11,,32.0,19.200000000000003,26.5
1997-08-12,,31.200000000000003,18.900000000000002,26.1
1997-08-13,0.0,,16.6,23.0
1997-08-18,,,19.6,26.0
1997-08-19,,31.8,20.6,26.8
1997-08-20,,31.8,20.0,26.700000000000003
1997-08-21,,31.8,19.400000000000002,26.5
1997-08-22,0.0,31.400000000000002,20.200000000000003,25.5
1997-08-24,,,19.200000000000003,26.3
1997-08-27,0.0,,17.8,24.400000000000002
1997-08-29,0.0,31.0,,22.900000000000002
1997-09-01,,29.8,19.200000000000003,25.6
1997-09-02,0.0,32.0,21.0,25.3
1997-09-03,,,,25.700000000000003
1997-09-04,,,19.400000000000002,28.1
1997-09-07,0.0,30.0,,26.1
1997-09-09,,,23.0,27.0
1997-09-14,,,17.1,27.8
1997-09-15,,31.6,18.400000000000002,25.3
1997-09-16,,,19.8,27.1
1997-09-17,,30.8,20.400000000000002,26.400000000000002
1997-09-18,,,20.200000000000003,27.700000000000003
1997-09-19,,31.8,21.6,27.900000000000002
1997-09-20,0.0,,,25.5
1997-09-21,0.0,32.0,,25.700000000000003
1997-09-22,0.0,30.8,,24.700000000000003
1997-09-23,,31.1,18.0,26.8
1997-09-25,0.0,32.800000000000004,22.0,26.400000000000002
1997-09-26,0.0,31.6,,25.3
1997-09-27,,,19.6,27.700000000000003
1997-09-28,,,21.6,28.3
1997-10-02,0.0,35.2,20.200000000000003,27.3
1997-10-03,,33.2,20.200000000000003,27.900000000000002
1997-10-04,,,21.8,28.0
1997-10-05,0.0,,21.400000000000002,27.5
1997-10-06,0.0,32.6,22.0,26.400000000000002
1997-10-07,0.0,32.4,21.8,26.700000000000003
1997-10-09,,32.800000000000004,21.400000000000002,27.3
1997-10-10,,32.2,,27.8
1997-10-12,,,19.0,28.5
1997-10-13,0.0,32.6,17.0,24.8
1997-10-14,0.0,31.0,16.400000000000002,25.3
1997-10-15,0.0,33.0,17.400000000000002,25.900000000000002
1997-10-16,,34.0,,26.200000000000003
1997-10-17,0.0,32.9,20.200000000000003,26.700000000000003
1997-10-18,0.0,32.6,,26.6
1997-10-19,0.0,33.2,20.200000000000003,27.200000000000003
1997-10-20,,,20.0,28.3
1997-10-21,0.0,33.1,,27.1
1997-10-22,,33.4,20.200000000000003,28.400000000000002
1997-10-23,0.0,33.2,21.400000000000002,27.200000000000003
1997-10-24,,33.6,20.400000000000002,28.3
1997-10-25,,33.4,19.700000000000003,28.3
1997-10-26,,33.0,23.6,28.0
1997-10-27,0.0,33.2,20.200000000000003,27.3
1997-10-28,0.0,33.6,20.6,27.5
1997-10-29,0.0,33.6,20.400000000000002,26.200000000000003
1997-10-30,0.0,32.0,20.0,26.6
1997-10-31,0.0,33.2,20.8,26.400000000000002
1997-11-01,,,20.200000000000003,27.6
1997-11-02,0.0,33.4,,26.5
1997-11-03,0.0,33.800000000000004,20.200000000000003,26.6
1997-11-04,0.0,32.2,,25.400000000000002
1997-11-05,0.0,32.800000000000004,,26.3
1997-11-06,0.0,32.6,20.8,26.8
1997-11-07,0.0,31.3,20.0,27.0
1997-11-08,0.0,32.4,19.0,27.1
1997-11-09,0.0,30.400000000000002,,26.200000000000003
1997-11-10,,34.800000000000004,21.0,29.200000000000003
1997-11-11,0.0,33.4,20.200000000000003,27.200000000000003
1997-11-12,0.0,35.0,22.200000000000003,27.400000000000002
1997-11-13,,34.0,22.0,28.900000000000002
1997-11-14,0.0,32.800000000000004,23.0,27.700000000000003
1997-11-15,,33.4,22.200000000000003,29.700000000000003
1997-11-16,0.0,,,27.8
1997-11-17,0.0,32.4,23.200000000000003,27.6
1997-11-18,,,22.1,28.700000000000003
1997-11-19,0.0,32.6,,28.0
1997-11-20,,32.800000000000004,20.0,29.8
1997-11-21,,34.2,21.0,28.700000000000003
1997-11-22,,,23.0,31.200000000000003
1997-11-23,,33.4,23.6,29.6
1997-11-24,,34.0,23.6,29.900000000000002
1997-11-25,0.0,,22.0,28.200000000000003
1997-11-26,0.0,,22.400000000000002,28.0
1997-11-27,0.0,32.6,23.0,28.3
1997-11-28,0.0,33.6,22.400000000000002,28.200000000000003
1997-11-29,0.0,,,28.400000000000002
1997-11-30,0.0,,24.0,29.200000000000003
1997-12-01,0.0,34.0,23.700000000000003,29.1
1997-12-02,0.0,34.0,24.0,29.0
1997-12-03,0.0,34.2,24.200000000000003,28.900000000000002
1997-12-04,,34.0,23.0,29.900000000000002
1997-12-05,,34.4,25.400000000000002,30.0
1997-12-06,0.0,34.0,23.400000000000002,29.1
1997-12-07,0.0,34.0,,29.6
1997-12-08,,34.0,24.3,30.700000000000003
1997-12-09,0.0,32.9,25.200000000000003,29.1
1997-12-10,0.0,34.4,23.400000000000002,29.400000000000002
1997-12-11,0.0,,20.400000000000002,29.200000000000003
1997-12-12,0.0,32.4,,27.900000000000002
1997-12-13,,33.2,22.400000000000002,30.5
1997-12-14,,33.0,22.6,30.700000000000003
1997-12-15,0.0,31.400000000000002,,28.400000000000002
1997-12-17,0.0,34.800000000000004,25.6,29.8
1997-12-18,0.0,34.0,25.0,29.700000000000003
1997-12-19,,35.800000000000004,,31.8
1997-12-20,,,25.400000000000002,29.900000000000002
1997-12-21,0.0,33.6,23.8,29.700000000000003
1997-12-22,,33.6,26.200000000000003,29.3
1997-12-23,0.0,,25.1,29.200000000000003
1997-12-24,,,,25.1
1997-12-26,,,24.5,29.900000000000002
1997-12-29,0.0,34.0,,29.5
1997-12-30,,33.2,25.3,30.400000000000002
1998-01-04,0.0,34.4,24.5,29.3
1998-01-06,0.0,34.7,24.400000000000002,29.1
1998-01-07,0.0,34.2,24.6,29.3
1998-01-08,0.0,,24.0,29.0
1998-01-09,,34.0,24.3,31.3
1998-01-10,,33.800000000000004,24.6,29.6
1998-01-11,0.0,33.9,23.0,29.700000000000003
1998-01-12,,34.0,24.700000000000003,30.0
1998-01-14,,33.0,25.400000000000002,30.700000000000003
1998-01-15,0.0,33.0,25.0,29.6
1998-01-16,,,22.0,30.700000000000003
1998-01-17,,34.0,24.0,27.8
1998-01-18,,,24.0,30.400000000000002
1998-01-19,,,23.5,30.700000000000003
1998-01-20,,,23.1,30.5
1998-01-21,,33.4,25.0,28.6
1998-01-22,,33.6,24.1,30.0
1998-01-23,0.0,32.800000000000004,,29.900000000000002
1998-01-26,,,24.200000000000003,29.8
1998-01-27,,33.6,24.200000000000003,30.3
1998-01-28,,32.6,25.0,30.3
1998-01-29,,,25.0,30.200000000000003
1998-01-30,,,25.6,31.400000000000002
1998-02-01,,33.6,24.0,27.900000000000002
1998-02-02,,29.8,24.0,27.8
1998-02-03,0.0,32.0,,28.900000000000002
1998-02-04,,32.0,24.200000000000003,29.1
1998-02-05,,,24.400000000000002,30.3
1998-02-06,,33.0,23.200000000000003,28.400000000000002
1998-02-07,,,23.200000000000003,29.8
1998-02-08,,31.200000000000003,25.0,28.700000000000003
1998-02-09,,32.2,25.0,29.400000000000002
1998-02-10,,30.0,24.6,27.3
1998-02-13,,31.6,24.0,27.400000000000002
1998-02-14,,32.0,24.6,29.400000000000002
1998-02-15,,32.6,24.8,29.900000000000002
1998-02-16,0.0,32.6,23.200000000000003,28.200000000000003
1998-02-17,0.0,32.4,23.200000000000003,29.0
1998-02-18,,32.800000000000004,26.200000000000003,31.0
1998-02-20,0.0,29.700000000000003,25.0,27.400000000000002
1998-02-21,,30.400000000000002,25.0,27.6
1998-02-22,,,24.8,29.3
1998-02-23,,38.800000000000004,,26.0
1998-02-24,,31.6,23.6,26.200000000000003
1998-02-25,0.0,32.2,24.400000000000002,28.700000000000003
1998-02-28,,33.0,24.200000000000003,29.700000000000003
1998-03-02,,33.4,25.400000000000002,30.200000000000003
1998-03-04,,32.7,25.200000000000003,28.8
1998-03-05,,,25.400000000000002,30.700000000000003
1998-03-06,0.0,31.400000000000002,23.400000000000002,27.700000000000003
1998-03-07,,32.800000000000004,24.6,29.700000000000003
1998-03-08,,,22.400000000000002,29.900000000000002
1998-03-09,,32.2,,30.3
1998-03-10,0.0,,25.400000000000002,29.0
1998-03-11,,32.4,25.0,26.900000000000002
1998-03-13,,30.5,21.8,26.900000000000002
1998-03-14,,31.400000000000002,24.400000000000002,29.700000000000003
1998-03-15,,32.4,25.0,28.700000000000003
1998-03-16,5.1000000000000005,,,25.8
1998-03-17,,31.200000000000003,24.400000000000002,28.0
1998-03-18,,31.0,24.400000000000002,28.200000000000003
1998-03-19,,31.0,24.200000000000003,28.6
1998-03-20,,28.8,23.400000000000002,26.5
1998-03-21,22.1,,25.200000000000003,28.1
1998-03-22,,31.0,21.400000000000002,25.200000000000003
1998-03-23,,31.0,23.400000000000002,27.200000000000003
1998-03-24,,31.400000000000002,24.200000000000003,29.200000000000003
1998-03-27,0.0,32.4,,28.8
1998-03-28,,32.6,24.0,29.700000000000003
1998-03-29,,31.200000000000003,24.200000000000003,29.3
1998-03-31,0.0,32.0,,28.400000000000002
1998-04-01,0.0,,24.8,28.6
1998-04-02,0.0,,25.0,28.400000000000002
1998-04-03,1.0,,25.400000000000002,28.1
1998-04-04,,33.0,25.0,29.400000000000002
1998-04-05,,,,29.1
1998-04-06,0.0,33.0,24.200000000000003,28.700000000000003
1998-04-07,0.0,33.800000000000004,25.200000000000003,29.5
1998-04-08,,,25.200000000000003,28.3
1998-04-09,15.0,,25.0,27.6
1998-04-10,,33.4,22.8,30.700000000000003
1998-04-11,,,25.400000000000002,30.5
1998-04-13,,30.400000000000002,24.1,28.400000000000002
1998-04-14,0.0,32.0,24.200000000000003,28.5
1998-04-16,0.0,33.0,24.8,27.6
1998-04-17,,33.0,25.400000000000002,30.3
1998-04-18,,,,28.0
1998-04-19,,31.200000000000003,24.400000000000002,27.0
1998-04-20,,33.0,24.6,29.900000000000002
1998-04-21,0.0,33.0,24.700000000000003,28.3
1998-04-22,,31.6,24.6,29.200000000000003
1998-04-23,,31.6,24.6,28.700000000000003
1998-04-24,,,24.0,28.700000000000003
1998-04-25,0.0,,,28.1
1998-04-26,0.0,32.0,22.400000000000002,27.6
1998-04-27,0.0,33.4,24.8,29.400000000000002
1998-04-28,0.0,,25.0,28.700000000000003
1998-04-29,0.0,,24.6,28.400000000000002
1998-04-30,,,25.0,31.900000000000002
1998-05-01,0.0,33.4,25.200000000000003,28.5
1998-05-02,0.0,33.4,24.200000000000003,27.900000000000002
1998-05-03,0.5,,,26.5
1998-05-04,,,24.6,26.400000000000002
1998-05-06,0.0,31.0,25.200000000000003,27.700000000000003
1998-05-07,0.0,,,27.6
1998-05-08,0.0,,,26.900000000000002
1998-05-09,0.0,32.6,24.0,28.700000000000003
1998-05-10,0.0,32.800000000000004,24.200000000000003,28.6
1998-05-11,0.0,,24.0,29.1
1998-05-12,0.0,,,29.3
1998-05-13,,33.6,24.5,30.5
1998-05-14,,32.800000000000004,25.0,28.3
1998-05-15,0.0,33.0,25.400000000000002,29.200000000000003
1998-05-16,2.0,32.6,25.0,28.6
1998-05-17,0.0,32.800000000000004,21.8,28.700000000000003
1998-05-18,,32.2,24.5,27.700000000000003
1998-05-19,1.0,32.4,25.3,27.700000000000003
1998-05-20,0.0,32.4,,27.900000000000002
1998-05-21,,33.0,,27.900000000000002
1998-05-22,,32.5,24.6,28.0
1998-05-23,0.0,31.400000000000002,24.400000000000002,27.5
1998-05-24,0.0,30.8,24.8,27.0
1998-05-26,,31.0,24.400000000000002,27.5
1998-05-27,,30.400000000000002,24.400000000000002,27.200000000000003
1998-05-28,,,23.8,28.3
1998-05-29,,31.8,23.700000000000003,27.1
1998-05-30,0.0,31.8,23.200000000000003,27.0
1998-05-31,0.0,30.400000000000002,23.0,26.0
1998-06-01,,30.3,22.0,26.8
1998-06-03,,33.0,24.200000000000003,28.6
1998-06-04,0.0,33.0,20.0,26.900000000000002
1998-06-05,,30.0,24.200000000000003,27.8
1998-06-06,0.0,30.400000000000002,25.0,27.0
1998-06-07,,,21.6,26.8
1998-06-08,0.0,,24.400000000000002,26.700000000000003
1998-06-09,4.1000000000000005,30.6,24.0,27.400000000000002
1998-06-10,0.0,30.8,,26.900000000000002
1998-06-11,0.0,,24.0,27.1
1998-06-12,,30.0,24.0,27.900000000000002
1998-06-13,0.0,,22.400000000000002,26.200000000000003
1998-06-14,0.0,30.0,,25.6
1998-06-15,0.0,,22.400000000000002,26.700000000000003
1998-06-16,0.0,,23.0,27.200000000000003
1998-06-17,0.0,31.3,23.200000000000003,26.1
1998-06-18,,,22.400000000000002,26.900000000000002
1998-06-19,0.0,30.8,22.400000000000002,26.6
1998-06-20,,,22.400000000000002,28.8
1998-06-21,0.0,31.0,22.200000000000003,26.400000000000002
1998-06-22,,30.8,24.0,27.8
1998-06-23,0.0,30.6,24.0,26.900000000000002
1998-06-24,,,23.400000000000002,26.5
1998-06-25,1.0,,23.400000000000002,26.5
1998-06-26,0.0,31.0,22.400000000000002,26.900000000000002
1998-06-28,0.0,,,26.400000000000002
1998-06-29,0.0,31.6,23.400000000000002,27.3
1998-06-30,,28.8,23.200000000000003,26.200000000000003
1998-07-01,0.0,28.6,23.400000000000002,25.200000000000003
1998-07-02,,,23.700000000000003,28.0
1998-07-03,3.0,,24.0,26.8
1998-07-04,,31.0,23.400000000000002,26.200000000000003
1998-07-05,,31.8,24.0,27.700000000000003
1998-07-06,0.0,31.400000000000002,,26.6
1998-07-07,0.0,30.200000000000003,22.6,26.400000000000002
1998-07-08,,,22.1,28.200000000000003
1998-07-09,,,21.400000000000002,28.700000000000003
1998-07-10,0.0,30.200000000000003,22.6,26.0
1998-07-11,,28.3,22.900000000000002,26.200000000000003
1998-07-12,,28.6,23.0,26.6
1998-07-14,0.0,,22.900000000000002,25.700000000000003
1998-07-15,,,22.0,26.8
1998-07-16,0.0,,,26.8
1998-07-18,0.0,30.200000000000003,,26.700000000000003
1998-07-20,0.0,33.0,23.0,26.3
1998-07-21,0.0,32.800000000000004,23.0,26.400000000000002
1998-07-22,0.0,31.0,23.5,26.8
1998-07-23,,30.0,24.400000000000002,26.900000000000002
1998-07-24,0.0,,21.200000000000003,24.6
1998-07-25,0.0,,21.0,26.200000000000003
1998-07-26,0.0,,20.400000000000002,26.400000000000002
1998-07-27,,32.300000000000004,20.8,27.8
1998-07-28,0.0,30.400000000000002,20.200000000000003,25.1
1998-07-29,,30.0,20.8,26.8
1998-07-30,,,23.200000000000003,27.8
1998-07-31,0.0,,,26.700000000000003
1998-08-01,,,22.5,27.1
1998-08-02,0.0,30.400000000000002,20.6,26.1
1998-08-03,0.0,27.400000000000002,23.200000000000003,25.1
1998-08-04,0.0,30.200000000000003,23.200000000000003,26.200000000000003
1998-08-05,0.0,29.6,21.8,27.1
1998-08-06,0.0,30.0,22.900000000000002,26.200000000000003
1998-08-07,,,23.400000000000002,28.700000000000003
1998-08-09,,31.200000000000003,,28.400000000000002
1998-08-10,0.0,32.2,23.400000000000002,27.400000000000002
1998-08-11,0.0,33.2,22.0,26.400000000000002
1998-08-12,0.0,31.0,22.0,27.1
1998-08-13,0.0,31.0,22.6,26.400000000000002
1998-08-14,0.0,30.0,,26.6
1998-08-15,,31.200000000000003,,27.6
1998-08-17,,,23.6,25.700000000000003
1998-08-19,,30.0,24.200000000000003,27.3
1998-08-21,0.0,31.0,,26.400000000000002
1998-08-22,,,24.0,27.400000000000002
1998-08-23,0.0,33.4,,27.700000000000003
1998-08-24,0.0,30.0,24.0,27.200000000000003
1998-08-25,0.0,31.0,21.0,27.1
1998-08-26,0.0,31.0,23.1,25.900000000000002
1998-08-27,3.0,31.0,,26.1
1998-08-28,0.0,,22.6,26.400000000000002
1998-08-29,,,24.8,26.700000000000003
1998-08-31,0.0,28.8,20.0,24.900000000000002
1998-09-01,0.0,29.200000000000003,20.6,26.1
1998-09-02,39.900000000000006,32.2,22.200000000000003,25.6
1998-09-03,,29.700000000000003,24.0,26.700000000000003
1998-09-04,,33.0,,27.700000000000003
1998-09-05,0.0,33.0,21.1,27.200000000000003
1998-09-06,,31.400000000000002,23.0,27.900000000000002
1998-09-07,,30.5,22.400000000000002,27.900000000000002
1998-09-08,,31.8,23.6,28.400000000000002
1998-09-09,0.0,31.200000000000003,22.6,26.5
1998-09-10,,31.200000000000003,22.5,27.900000000000002
1998-09-11,0.0,31.200000000000003,24.400000000000002,27.8
1998-09-12,0.0,32.0,22.6,27.3
1998-09-13,0.0,32.4,,27.8
1998-09-14,0.0,,21.400000000000002,27.6
1998-09-15,0.0,,23.0,26.8
1998-09-16,0.0,30.200000000000003,,25.400000000000002
1998-09-17,0.0,33.2,21.400000000000002,27.3
1998-09-18,0.0,32.4,22.8,27.200000000000003
1998-09-19,0.0,,23.200000000000003,27.8
1998-09-20,0.0,33.6,23.1,28.0
1998-09-21,6.1000000000000005,33.2,24.400000000000002,27.700000000000003
1998-09-22,0.0,33.5,,26.900000000000002
1998-09-23,,33.2,23.0,28.5
1998-09-24,0.0,30.400000000000002,22.6,26.1
1998-09-25,0.0,,22.1,27.8
1998-09-26,0.0,,,28.1
1998-09-27,0.0,33.4,20.8,27.8
1998-09-28,0.0,,23.200000000000003,27.900000000000002
1998-09-29,,,22.200000000000003,29.5
1998-09-30,0.0,32.0,,26.8
1998-10-01,0.0,32.4,23.8,28.8
1998-10-02,0.0,30.400000000000002,,27.200000000000003
1998-10-03,0.0,32.2,,26.1
1998-10-04,,32.0,22.8,27.0
1998-10-05,,,24.200000000000003,30.0
1998-10-06,0.0,,,28.3
1998-10-07,0.0,32.800000000000004,,27.700000000000003
1998-10-08,0.0,31.200000000000003,23.6,26.6
1998-10-09,0.0,32.800000000000004,23.6,27.6
1998-10-10,,,23.0,30.900000000000002
1998-10-11,,31.6,25.0,29.0
1998-10-12,0.0,31.0,24.0,27.6
1998-10-13,0.0,32.0,24.8,28.1
1998-10-15,,33.0,,28.0
1998-10-16,0.0,32.2,,29.1
1998-10-17,0.0,34.0,23.3,27.8
1998-10-18,13.0,34.6,24.0,27.3
1998-10-19,0.0,33.2,24.200000000000003,27.5
1998-10-20,0.0,32.6,25.0,28.0
1998-10-21,0.0,31.900000000000002,,28.0
1998-10-24,0.0,,,27.6
1998-10-25,0.0,32.6,24.200000000000003,28.6
1998-10-26,0.0,34.0,24.400000000000002,28.700000000000003
1998-10-27,,33.7,24.400000000000002,31.3
1998-10-28,,,25.8,30.5
1998-10-29,,33.2,24.6,30.6
1998-10-30,17.0,33.0,,25.900000000000002
1998-10-31,31.0,32.2,,26.200000000000003
1998-11-02,0.0,32.7,,27.400000000000002
1998-11-03,,32.6,,28.700000000000003
1998-11-04,0.0,,24.8,28.400000000000002
1998-11-08,,31.1,24.8,28.5
1998-11-11,0.0,31.200000000000003,24.200000000000003,27.6
1998-11-12,11.9,29.6,,26.6
1998-11-13,,,24.400000000000002,29.6
1998-11-14,,31.5,,29.3
1998-11-16,,30.6,,26.400000000000002
1998-11-18,,32.0,23.0,29.6
1998-11-20,0.0,32.300000000000004,,27.6
1998-11-21,,32.800000000000004,22.200000000000003,29.1
1998-11-22,,32.0,24.400000000000002,29.3
1998-11-23,1.0,,,28.1
1998-11-24,,32.800000000000004,25.200000000000003,30.1
1998-11-26,0.0,32.5,24.5,29.200000000000003
1998-11-27,,33.2,21.8,30.0
1998-11-28,0.0,32.4,,27.900000000000002
1998-11-30,,,,25.5
1998-12-01,,30.0,,26.8
1998-12-02,3.0,31.1,,25.400000000000002
1998-12-03,,32.0,21.400000000000002,28.400000000000002
1998-12-04,4.1000000000000005,30.200000000000003,24.400000000000002,27.400000000000002
1998-12-07,0.0,,14.200000000000001,26.200000000000003
1998-12-08,0.0,33.5,,28.6
1998-12-10,,,24.0,30.400000000000002
1998-12-11,,,23.400000000000002,28.400000000000002
1998-12-12,,,24.8,29.400000000000002
1998-12-18,,,25.0,26.3
1999-02-12,,29.8,,26.900000000000002
1999-02-13,,30.6,23.0,25.1
1999-02-14,,,23.0,28.1
1999-02-15,,30.400000000000002,24.400000000000002,27.1
1999-02-16,,31.6,21.400000000000002,27.400000000000002
1999-02-17,,31.700000000000003,23.200000000000003,27.8
1999-02-19,,32.0,,26.5
1999-02-20,,31.0,23.8,27.400000000000002
1999-02-21,,,23.6,26.3
1999-02-22,,,21.0,27.1
1999-02-23,,31.0,,25.1
1999-02-24,,28.200000000000003,23.900000000000002,25.6
1999-02-25,,29.200000000000003,24.1,26.400000000000002
1999-02-26,,,24.6,27.1
1999-02-27,,31.0,24.400000000000002,27.1
1999-02-28,,31.1,21.400000000000002,27.200000000000003
1999-03-01,,31.0,24.200000000000003,27.0
1999-03-02,,32.4,23.1,28.6
1999-03-03,,28.8,,26.200000000000003
1999-03-05,,,23.8,28.3
1999-03-06,,33.1,23.400000000000002,27.400000000000002
1999-03-07,,,,25.3
1999-03-08,,,22.900000000000002,27.700000000000003
1999-03-09,,30.8,24.1,27.900000000000002
1999-03-10,,28.6,,26.5
1999-03-11,,,,26.8
1999-03-12,,32.5,22.0,27.400000000000002
1999-03-13,,32.4,24.700000000000003,28.200000000000003
1999-03-14,,,,27.6
1999-03-15,,32.800000000000004,22.8,27.5
1999-03-16,,31.900000000000002,,28.5
1999-03-17,,,24.8,27.900000000000002
1999-03-18,,33.0,,27.200000000000003
1999-03-19,,,25.0,27.400000000000002
1999-03-20,,28.8,,25.6
1999-03-21,,,24.0,28.200000000000003
1999-03-22,,30.900000000000002,24.8,27.5
1999-03-25,,30.8,,25.700000000000003
1999-03-26,,,24.400000000000002,26.8
1999-03-27,,30.900000000000002,24.200000000000003,26.5
1999-03-28,,30.8,,27.5
1999-03-29,,29.400000000000002,,24.900000000000002
1999-03-30,,,23.200000000000003,27.400000000000002
1999-03-31,,,,28.1
1999-04-01,,,,27.8
1999-04-03,,31.0,24.6,28.700000000000003
1999-04-04,,31.200000000000003,,27.3
1999-04-05,,31.0,,27.1
1999-04-06,,28.900000000000002,24.200000000000003,26.1
1999-04-07,,31.0,,27.700000000000003
1999-04-08,,,24.200000000000003,30.3
1999-04-09,,32.0,,29.8
1999-04-10,,30.200000000000003,,26.200000000000003
1999-04-11,,30.8,,26.900000000000002
1999-04-12,,31.0,21.400000000000002,25.6
1999-04-14,,29.6,24.400000000000002,26.8
1999-04-15,,,24.6,26.200000000000003
1999-04-16,,30.700000000000003,24.200000000000003,27.200000000000003
1999-04-17,,30.8,24.400000000000002,26.8
1999-04-19,,31.200000000000003,24.3,26.6
1999-04-20,,,26.0,29.0
1999-04-21,,32.2,24.6,27.400000000000002
1999-04-24,,32.0,22.8,27.400000000000002
1999-04-25,,32.4,,28.400000000000002
1999-04-26,,30.8,24.8,28.200000000000003
1999-04-27,,,24.400000000000002,29.3
1999-04-28,,32.0,24.700000000000003,29.400000000000002
1999-04-29,,30.6,,26.700000000000003
1999-04-30,,30.400000000000002,24.0,27.700000000000003
1999-05-01,,29.400000000000002,24.200000000000003,26.900000000000002
1999-05-02,,30.8,23.200000000000003,28.200000000000003
1999-05-04,,31.400000000000002,24.0,28.200000000000003
1999-05-05,,31.400000000000002,,26.400000000000002
1999-05-06,,31.200000000000003,22.8,28.3
1999-05-07,,29.1,24.0,25.5
1999-05-12,,29.6,25.200000000000003,28.400000000000002
1999-05-13,,31.3,24.8,27.200000000000003
1999-05-14,,31.0,,27.400000000000002
1999-05-15,,30.6,25.1,27.200000000000003
1999-05-16,,30.200000000000003,,26.200000000000003
1999-05-17,,30.3,24.6,27.6
1999-05-18,,,,27.1
1999-05-19,,30.6,,26.8
1999-05-20,,31.200000000000003,23.200000000000003,26.8
1999-05-22,,,21.6,27.700000000000003
1999-05-23,,30.900000000000002,21.400000000000002,27.200000000000003
1999-05-24,,,,25.400000000000002
1999-05-25,,31.0,23.6,26.700000000000003
1999-05-26,,31.0,23.400000000000002,27.700000000000003
1999-05-27,,31.400000000000002,22.1,28.8
1999-05-28,,,,25.8
1999-05-30,,,22.8,29.0
1999-05-31,,31.3,,27.5
1999-06-02,,30.200000000000003,23.1,26.1
1999-06-03,,,,27.900000000000002
1999-06-04,,31.6,,27.900000000000002
1999-06-06,,31.0,24.0,26.8
1999-06-07,,30.8,,25.8
1999-06-09,,29.6,21.200000000000003,26.5
1999-06-10,,,22.8,26.8
1999-06-11,,,,25.8
1999-06-12,,28.3,,25.900000000000002
1999-06-13,,30.0,,24.700000000000003
1999-06-14,,29.8,,25.700000000000003
1999-06-18,,29.400000000000002,,25.200000000000003
1999-06-19,,30.0,23.0,26.6
1999-06-21,,27.6,23.200000000000003,25.1
1999-06-24,,28.0,23.0,26.1
1999-06-26,,,22.400000000000002,24.200000000000003
1999-06-28,,,,26.1
1999-06-29,,29.8,23.6,27.200000000000003
1999-06-30,,,,25.1
1999-07-03,,,23.0,26.200000000000003
1999-07-05,,,,25.700000000000003
1999-07-06,,,23.0,25.8
1999-07-08,,29.6,22.900000000000002,26.1
1999-07-09,,29.3,,26.1
1999-07-10,,30.200000000000003,,25.6
1999-07-11,,,20.6,25.1
1999-07-12,,28.0,21.400000000000002,24.900000000000002
1999-07-13,,28.0,,25.0
1999-07-14,,28.6,21.700000000000003,25.6
1999-07-15,,30.1,,25.200000000000003
1999-07-16,,30.400000000000002,,24.400000000000002
1999-07-17,,,21.0,26.700000000000003
1999-07-18,,29.3,21.0,24.3
1999-07-20,,28.0,,23.900000000000002
1999-07-21,,28.6,,24.900000000000002
1999-07-22,,28.400000000000002,22.400000000000002,24.700000000000003
1999-07-23,,,23.400000000000002,26.200000000000003
1999-07-24,,27.400000000000002,23.6,24.900000000000002
1999-07-25,,29.400000000000002,,24.3
1999-07-26,,29.0,,24.400000000000002
1999-07-27,,29.8,19.200000000000003,24.0
1999-07-28,,29.6,,24.8
1999-07-29,,,,25.6
1999-07-30,,30.900000000000002,20.400000000000002,25.3
1999-08-01,,29.400000000000002,,24.900000000000002
1999-08-02,,,21.200000000000003,26.1
1999-08-03,,28.6,21.6,25.8
1999-08-05,,29.8,23.0,24.400000000000002
1999-08-06,,29.8,22.8,24.700000000000003
1999-08-07,,29.200000000000003,,24.3
1999-08-08,,28.200000000000003,,23.5
1999-08-09,,29.200000000000003,19.400000000000002,24.8
1999-08-11,,30.400000000000002,,24.400000000000002
1999-08-12,,,20.400000000000002,25.700000000000003
1999-08-13,,29.200000000000003,20.3,25.6
1999-08-14,,,19.0,24.1
1999-08-15,,,,24.1
1999-08-16,,28.0,22.0,25.900000000000002
1999-08-17,,,21.6,25.1
1999-08-18,,30.400000000000002,,24.3
1999-08-19,,,20.700000000000003,24.400000000000002
1999-08-21,,29.400000000000002,19.8,26.200000000000003
1999-08-22,,,19.8,25.400000000000002
1999-08-23,,31.200000000000003,,25.8
1999-08-24,,30.5,19.8,24.900000000000002
1999-08-25,,30.6,21.5,25.900000000000002
1999-08-26,,,21.900000000000002,26.5
1999-08-27,,29.400000000000002,20.0,24.200000000000003
1999-08-28,,30.200000000000003,,24.400000000000002
1999-08-29,,29.1,,23.6
1999-08-30,,,19.0,25.200000000000003
1999-09-01,,,,25.900000000000002
1999-09-02,,28.200000000000003,,22.700000000000003
1999-09-03,,28.5,,23.6
1999-09-04,,31.900000000000002,18.8,24.5
1999-09-05,,31.6,,23.8
1999-09-06,,32.0,,23.200000000000003
1999-09-07,,,18.2,26.400000000000002
1999-09-08,,30.8,19.200000000000003,25.8
1999-09-10,,30.900000000000002,,22.400000000000002
1999-09-11,,31.0,18.8,24.400000000000002
1999-09-12,,30.0,,24.400000000000002
1999-09-13,,,20.0,24.900000000000002
1999-09-14,,32.0,20.400000000000002,24.8
1999-09-15,,,,26.3
1999-09-16,,31.8,19.8,25.0
1999-09-18,,30.0,,26.400000000000002
1999-09-19,,,22.0,27.900000000000002
1999-09-20,,33.4,,27.1
1999-09-21,,33.300000000000004,,25.3
1999-09-22,,31.6,21.0,26.0
1999-09-23,,32.6,21.200000000000003,25.5
1999-09-24,,,20.3,26.8
1999-09-25,,,22.0,25.8
1999-09-26,,31.400000000000002,,25.900000000000002
1999-09-27,,,20.8,28.8
1999-09-28,0.0,31.700000000000003,22.8,26.400000000000002
1999-09-29,0.0,32.6,22.400000000000002,27.1
1999-10-02,0.0,30.400000000000002,,26.700000000000003
1999-10-04,,32.6,22.8,28.200000000000003
1999-10-06,,29.8,22.0,27.0
1999-10-07,0.0,,,27.700000000000003
1999-10-08,0.0,32.800000000000004,22.400000000000002,28.6
1999-10-10,0.0,33.300000000000004,23.8,27.3
1999-10-11,0.0,33.0,23.200000000000003,26.6
1999-10-13,,,,27.8
1999-10-14,0.0,32.6,22.400000000000002,27.6
1999-10-15,,32.4,23.200000000000003,28.8
1999-10-16,0.0,,22.6,27.1
1999-10-17,0.0,32.0,,26.700000000000003
1999-10-18,,31.8,23.8,27.3
1999-10-19,0.0,,22.5,27.200000000000003
1999-10-20,0.0,,23.0,26.6
1999-10-22,0.0,32.9,23.8,27.200000000000003
1999-10-24,0.0,31.0,,26.6
1999-10-25,0.0,32.0,23.6,28.0
1999-10-26,0.0,32.2,23.6,27.3
1999-10-27,,,,28.8
1999-10-28,,31.0,23.8,27.3
1999-10-29,1.0,32.300000000000004,24.200000000000003,27.3
1999-11-01,,32.4,23.200000000000003,28.8
1999-11-03,,31.0,,27.5
1999-11-05,,,23.8,27.700000000000003
1999-11-07,0.0,,,28.700000000000003
1999-11-14,0.0,29.200000000000003,,23.8
1999-11-15,,,22.0,28.3
1999-11-16,,,23.400000000000002,27.0
1999-11-17,,32.0,23.200000000000003,26.900000000000002
1999-11-20,0.0,,24.200000000000003,27.6
1999-11-21,0.0,32.1,,28.8
1999-11-24,,,23.3,25.700000000000003
1999-11-25,0.0,31.6,,26.400000000000002
1999-11-26,,,,28.200000000000003
1999-12-01,0.0,32.4,24.1,27.3
1999-12-02,0.0,,24.400000000000002,28.200000000000003
1999-12-03,,,,26.400000000000002
1999-12-05,,,,27.0
1999-12-08,0.0,31.200000000000003,24.400000000000002,27.8
1999-12-09,0.0,31.8,,26.700000000000003
1999-12-10,0.0,32.2,23.5,27.6
1999-12-11,0.0,33.2,23.3,27.6
1999-12-12,,,,27.900000000000002
1999-12-13,0.0,32.2,22.200000000000003,27.400000000000002
1999-12-14,,32.1,24.400000000000002,29.8
1999-12-15,,,23.200000000000003,27.0
1999-12-19,0.0,31.6,23.8,26.200000000000003
1999-12-20,0.0,,24.0,28.3
1999-12-21,,31.0,23.6,28.400000000000002
1999-12-22,0.0,30.8,,27.8
1999-12-23,,29.400000000000002,24.700000000000003,27.3
1999-12-24,,32.0,24.0,27.6
1999-12-25,,32.4,22.400000000000002,26.900000000000002
1999-12-26,,,23.8,27.8
1999-12-29,0.0,31.0,23.6,26.3
1999-12-30,0.0,31.0,,27.5
1999-12-31,,,24.400000000000002,30.1
2000-01-02,,32.4,24.200000000000003,29.8
2000-01-04,0.0,,24.200000000000003,26.700000000000003
2000-01-09,,32.6,23.8,26.6
2000-01-10,,,25.0,28.900000000000002
2000-01-11,,,24.200000000000003,27.8
2000-01-12,0.0,30.0,,25.6
2000-01-15,,,23.400000000000002,28.5
2000-01-17,,31.8,,27.6
2000-01-18,,31.400000000000002,24.0,27.200000000000003
2000-01-19,,30.0,24.400000000000002,27.5
2000-01-20,,,24.8,29.1
2000-01-21,,30.200000000000003,22.8,27.700000000000003
2000-01-22,,,23.400000000000002,29.900000000000002
2000-01-24,,28.6,23.8,24.900000000000002
2000-01-25,,30.200000000000003,23.8,28.3
2000-01-26,,,24.700000000000003,28.1
2000-01-27,,32.4,,28.8
2000-01-29,,,23.400000000000002,27.1
2000-01-30,,,25.400000000000002,28.1
2000-02-01,,29.400000000000002,,26.6
2000-02-02,,,24.6,29.3
2000-02-03,,31.6,23.200000000000003,27.6
2000-02-04,,31.200000000000003,25.0,28.1
2000-02-05,,30.0,,28.400000000000002
2000-02-06,,,,26.3
2000-02-08,,31.400000000000002,24.200000000000003,27.900000000000002
2000-02-11,,31.8,,26.8
2000-02-13,,30.400000000000002,,26.200000000000003
2000-02-14,,,24.0,27.200000000000003
2000-02-15,,31.5,24.8,28.3
2000-02-22,,,24.0,26.900000000000002
2000-02-23,,30.8,24.200000000000003,27.6
2000-02-24,,31.6,25.0,27.3
2000-02-25,,30.700000000000003,25.0,27.3
2000-02-26,,,,27.0
2000-02-28,,31.6,25.200000000000003,26.8
2000-03-01,,31.200000000000003,24.6,26.8
2000-03-03,,,23.0,27.700000000000003
2000-03-04,,32.800000000000004,,28.6
2000-03-05,,31.200000000000003,,26.900000000000002
2000-03-06,,31.1,,28.8
2000-03-07,,31.400000000000002,,27.200000000000003
2000-03-08,,30.200000000000003,23.8,26.6
2000-03-09,,30.6,,26.700000000000003
2000-03-10,,,23.8,26.700000000000003
2000-03-12,,31.0,24.0,27.1
2000-03-13,,32.0,24.400000000000002,28.400000000000002
2000-03-14,,29.6,,26.400000000000002
2000-03-15,,30.6,,26.900000000000002
2000-03-16,,31.200000000000003,24.400000000000002,28.400000000000002
2000-03-17,,,24.6,28.8
2000-03-19,,29.8,24.400000000000002,26.8
2000-03-20,,,24.8,28.8
2000-03-26,,,24.6,28.6
2000-03-27,,,,27.0
2000-03-28,,32.4,24.0,27.3
2000-03-29,,30.0,,25.8
2000-03-30,,31.6,23.6,27.3
2000-03-31,,,23.6,29.200000000000003
2000-04-01,,33.2,,29.5
2000-04-02,,33.0,,27.200000000000003
2000-04-03,,32.6,25.200000000000003,27.3
2000-04-05,,,24.8,30.200000000000003
2000-04-06,,,,25.400000000000002
2000-04-07,,30.200000000000003,23.8,26.700000000000003
2000-04-09,,30.200000000000003,24.0,27.3
2000-04-10,,,24.200000000000003,29.200000000000003
2000-04-11,,,24.400000000000002,26.700000000000003
2000-04-12,,31.200000000000003,24.200000000000003,27.6
2000-04-14,,,,27.400000000000002
2000-04-15,,30.0,24.0,26.8
2000-04-16,,,24.400000000000002,29.1
2000-04-17,,32.2,,27.6
2000-04-18,,28.200000000000003,,25.400000000000002
2000-04-20,,,24.6,28.400000000000002
2000-04-21,,30.400000000000002,,25.700000000000003
2000-04-22,,,24.8,30.200000000000003
2000-04-23,,,,24.400000000000002
2000-04-24,,,22.8,26.900000000000002
2000-04-25,,31.0,24.8,28.200000000000003
2000-04-26,,32.0,25.200000000000003,27.6
2000-04-27,,30.200000000000003,,27.200000000000003
2000-04-28,,29.900000000000002,23.6,25.6
2000-04-29,,,23.6,27.400000000000002
2000-04-30,,30.8,,25.8
2000-05-01,,31.0,24.400000000000002,28.0
2000-05-02,,31.0,24.200000000000003,27.700000000000003
2000-05-03,,,,25.3
2000-05-04,,,23.400000000000002,28.3
2000-05-05,,32.0,23.8,27.1
2000-05-06,,30.8,23.8,26.700000000000003
2000-05-07,,30.200000000000003,24.200000000000003,26.700000000000003
2000-05-08,,31.6,25.0,27.200000000000003
2000-05-09,,,,27.200000000000003
2000-05-10,,,25.200000000000003,27.400000000000002
2000-05-12,,30.200000000000003,,25.1
2000-05-13,,26.8,23.0,25.200000000000003
2000-05-14,,,23.200000000000003,27.3
2000-05-15,,32.0,,26.400000000000002
2000-05-17,,30.6,,26.200000000000003
2000-05-18,,29.8,,25.5
2000-05-19,,31.0,23.0,27.6
2000-05-20,,31.0,23.700000000000003,27.6
2000-05-21,,,24.0,27.6
2000-05-22,,,24.0,28.6
2000-06-16,,,,25.3
2000-06-17,,28.8,21.8,24.1
2000-06-19,,29.200000000000003,23.8,25.700000000000003
2000-06-21,,29.5,24.400000000000002,27.700000000000003
2000-06-22,,28.200000000000003,,25.900000000000002
2000-06-23,,29.0,22.400000000000002,25.6
2000-06-25,,30.6,,25.8
2000-06-26,,,22.8,27.400000000000002
2000-06-28,,27.8,21.8,26.700000000000003
2000-06-29,,33.0,22.0,25.6
2000-07-01,,,22.8,25.1
2000-07-02,,28.200000000000003,23.400000000000002,26.6
2000-07-04,,28.400000000000002,22.200000000000003,25.5
2000-07-05,,29.200000000000003,22.0,25.400000000000002
2000-07-06,,27.8,22.400000000000002,24.700000000000003
2000-07-07,,28.0,,24.700000000000003
2000-07-08,,27.6,22.400000000000002,25.0
2000-07-10,,,,25.200000000000003
2000-07-11,,,,25.1
2000-07-12,,28.0,,23.700000000000003
2000-07-13,,27.400000000000002,19.200000000000003,23.6
2000-07-14,,,20.6,25.8
2000-07-16,,28.200000000000003,18.8,25.200000000000003
2000-07-17,,28.1,18.5,23.1
2000-07-19,,28.400000000000002,,23.6
2000-07-20,,28.0,19.0,23.8
2000-07-21,,27.3,20.0,24.200000000000003
2000-07-22,,,,22.8
2000-07-23,,30.0,,24.400000000000002
2000-07-24,,29.0,22.0,25.700000000000003
2000-07-25,,27.6,,24.5
2000-07-26,,,22.200000000000003,25.6
2000-07-29,,30.0,22.0,23.8
2000-07-31,,28.0,21.8,25.6
2000-08-01,,,21.200000000000003,24.6
2000-08-02,,28.8,21.200000000000003,24.900000000000002
2000-08-04,,29.8,,24.700000000000003
2000-08-05,,28.200000000000003,,25.200000000000003
2000-08-06,,30.400000000000002,,24.6
2000-08-07,,,20.6,26.700000000000003
2000-08-08,,,22.0,27.200000000000003
2000-08-09,,,,25.3
2000-08-10,,30.0,18.2,24.3
2000-08-11,,29.0,,24.3
2000-08-12,,,20.8,25.700000000000003
2000-08-19,,,23.200000000000003,25.0
2000-08-22,,29.200000000000003,20.400000000000002,23.900000000000002
2000-08-24,,30.0,,24.900000000000002
2000-08-25,,29.200000000000003,,24.1
2000-08-28,,29.6,21.400000000000002,25.3
2000-08-29,,,23.0,26.1
2000-08-30,,29.8,23.200000000000003,26.200000000000003
2000-08-31,,,24.0,28.0
2000-09-01,,,23.0,27.3
2000-09-02,,,,26.200000000000003
2000-09-03,,31.400000000000002,,25.1
2000-09-05,,31.5,,23.200000000000003
2000-09-06,,,21.0,29.0
2000-09-09,,31.0,,24.400000000000002
2000-09-10,,,20.400000000000002,26.1
2000-09-11,,31.1,,25.900000000000002
2000-09-12,,,,26.900000000000002
2000-09-13,,,20.200000000000003,28.400000000000002
2000-09-14,,32.2,22.400000000000002,26.8
2000-09-15,,32.6,,24.3
2000-09-17,,,20.6,28.400000000000002
2000-09-18,,,23.400000000000002,26.700000000000003
2000-09-19,,31.700000000000003,,25.700000000000003
2000-09-20,,,21.6,27.5
2000-09-21,,30.200000000000003,,25.400000000000002
2000-09-24,,,21.6,25.8
2000-09-25,,29.1,,26.400000000000002
2000-09-26,,,21.8,26.400000000000002
2000-09-27,,31.6,22.3,25.400000000000002
2000-09-29,,,,26.900000000000002
2000-09-30,,,23.0,26.700000000000003
2000-10-01,,32.300000000000004,,26.3
2000-10-02,,,24.200000000000003,28.700000000000003
2000-10-03,,,,27.1
2000-10-05,,,,28.6
2000-10-07,,,,27.0
2000-10-08,,,24.0,27.8
2000-10-09,,28.6,23.400000000000002,26.3
2000-10-11,,32.2,23.6,27.6
2000-10-12,,,,25.0
2000-10-14,,,24.6,28.0
2000-10-15,,31.400000000000002,23.6,28.3
2000-10-16,,32.4,23.400000000000002,27.1
2000-10-17,,32.0,23.400000000000002,27.900000000000002
2000-10-18,,32.800000000000004,25.0,27.200000000000003
2000-10-19,,,25.0,29.400000000000002
2000-10-20,,32.2,23.6,28.200000000000003
2000-10-21,,33.0,24.0,27.3
2000-10-23,,29.900000000000002,22.6,25.700000000000003
2000-10-24,,31.400000000000002,24.200000000000003,28.200000000000003
2000-10-27,,32.7,24.0,27.5
2000-10-29,,,23.0,27.8
2000-10-30,,,23.200000000000003,27.900000000000002
2000-10-31,,,23.6,30.1
2000-11-01,,,,28.3
2000-11-02,,32.0,22.0,27.3
2000-11-03,,31.400000000000002,24.0,27.400000000000002
2000-11-04,,32.800000000000004,25.200000000000003,30.8
2000-11-05,,,23.200000000000003,26.700000000000003
2000-11-06,,,23.0,30.700000000000003
2000-11-08,,32.0,,27.3
2000-11-09,,32.0,,25.8
2000-11-10,,32.2,23.400000000000002,28.6
2000-11-11,,32.0,25.0,29.900000000000002
2000-11-13,,,,28.400000000000002
2000-11-14,,33.4,23.6,28.8
2000-11-16,,33.0,24.6,28.8
2000-11-17,,,25.200000000000003,31.400000000000002
2000-11-18,,33.4,24.6,28.3
2000-11-19,,,,28.3
2000-11-20,,33.4,24.0,29.400000000000002
2000-11-21,,32.4,25.400000000000002,29.8
2000-11-22,,32.2,24.6,27.6
2000-11-23,,,24.6,29.3
2000-11-24,,,24.8,30.8
2000-11-26,,32.1,,25.8
2000-11-28,,31.6,24.8,27.5
2000-11-29,,31.0,,26.400000000000002
2000-12-01,,31.400000000000002,,27.900000000000002
2000-12-02,,32.2,24.8,26.6
2000-12-03,,29.8,,25.5
2000-12-04,,33.0,,27.6
2000-12-05,,,23.8,26.8
2000-12-06,,33.1,24.400000000000002,30.0
2000-12-08,,33.0,,28.5
2000-12-11,,,,25.700000000000003
2000-12-12,,,24.6,29.6
2000-12-14,,32.800000000000004,23.8,27.200000000000003
2000-12-15,,,24.200000000000003,27.8
2000-12-17,,,24.8,28.6
2000-12-19,,,23.8,27.6
2000-12-22,,31.8,,27.900000000000002
2000-12-23,,30.400000000000002,24.6,27.200000000000003
2000-12-26,,32.6,,27.0
2000-12-28,,31.400000000000002,,26.900000000000002
2000-12-30,,31.3,24.6,29.6
2000-12-31,,,24.8,28.3
2001-01-03,,31.400000000000002,,26.5
2001-01-06,,,24.1,28.400000000000002
2001-01-19,,31.8,23.400000000000002,28.1
2001-01-21,,31.8,24.900000000000002,28.0
2001-01-22,,,24.200000000000003,28.400000000000002
2001-01-23,,,25.400000000000002,29.6
2001-01-24,,,24.8,30.200000000000003
2001-01-25,,28.8,23.8,26.200000000000003
2001-01-27,,32.0,,28.0
2001-01-28,,,,27.6
2001-01-30,,,,28.8
2001-01-31,,32.1,,27.900000000000002
2001-02-02,,32.2,,28.900000000000002
2001-02-03,,,25.0,27.400000000000002
2001-02-05,,29.0,24.6,26.5
2001-02-06,,30.400000000000002,,25.700000000000003
2001-02-08,,31.400000000000002,24.700000000000003,25.900000000000002
2001-02-09,,,,26.1
2001-02-11,,,,26.700000000000003
2001-02-12,,30.200000000000003,,26.200000000000003
2001-02-13,,30.6,23.400000000000002,26.6
2001-02-14,,29.200000000000003,23.8,26.1
2001-02-15,,30.400000000000002,24.8,26.700000000000003
2001-02-16,,,24.0,29.8
2001-02-17,,32.2,23.8,28.400000000000002
2001-02-18,,32.0,24.6,26.200000000000003
2001-02-19,,29.400000000000002,22.6,25.900000000000002
2001-02-20,,30.6,,26.400000000000002
2001-02-21,,32.0,23.6,27.1
2001-02-22,,29.700000000000003,,25.5
2001-02-23,,,23.0,26.1
2001-02-24,,30.8,23.400000000000002,26.200000000000003
2001-02-26,,31.8,23.400000000000002,27.400000000000002
2001-02-27,,,24.6,31.1
2001-02-28,,,24.6,30.8
2001-03-01,,,24.400000000000002,29.900000000000002
2001-03-02,,33.6,,27.400000000000002
2001-03-03,,32.6,24.400000000000002,30.3
2001-03-04,,33.0,25.200000000000003,28.900000000000002
2001-03-05,,,25.6,29.8
2001-03-06,,32.5,25.6,30.3
2001-03-07,,32.2,24.200000000000003,28.5
2001-03-08,,26.8,,25.200000000000003
2001-03-09,,32.0,23.400000000000002,26.3
2001-03-10,,31.0,24.8,27.3
2001-03-11,,,25.200000000000003,26.400000000000002
2001-03-12,,30.6,,29.0
2001-03-13,,30.6,24.700000000000003,26.5
2001-03-14,,31.200000000000003,24.5,27.3
2001-03-15,,,22.400000000000002,27.700000000000003
2001-03-16,,29.8,24.400000000000002,27.700000000000003
2001-03-17,,,24.0,25.900000000000002
2001-03-19,,29.200000000000003,,26.400000000000002
2001-03-20,,31.700000000000003,,27.8
2001-03-21,,31.6,25.0,29.1
2001-03-22,,27.400000000000002,,24.3
2001-03-23,,,,26.400000000000002
2001-03-25,,31.200000000000003,24.0,28.0
2001-03-26,,31.400000000000002,,27.6
2001-03-27,,31.0,22.8,27.400000000000002
2001-03-28,,,24.200000000000003,27.700000000000003
2001-03-29,,,24.6,27.8
2001-03-31,,31.200000000000003,24.400000000000002,27.200000000000003
2001-04-01,,31.700000000000003,,27.8
2001-04-02,,28.400000000000002,24.200000000000003,25.8
2001-04-03,,31.0,23.6,26.8
2001-04-04,,31.6,24.400000000000002,28.5
2001-04-05,,32.0,26.0,29.5
2001-04-07,,31.200000000000003,24.200000000000003,27.1
2001-04-08,,32.0,,24.900000000000002
2001-04-10,,31.8,23.400000000000002,27.3
2001-04-11,,31.200000000000003,23.200000000000003,28.3
2001-04-12,,,,25.200000000000003
2001-04-14,,30.200000000000003,,26.5
2001-04-15,,,22.6,26.8
2001-04-16,,,24.400000000000002,28.3
2001-04-17,,32.4,23.400000000000002,24.3
2001-04-18,,30.6,24.400000000000002,26.700000000000003
2001-04-19,,31.400000000000002,24.200000000000003,27.200000000000003
2001-04-21,,,,27.6
2001-04-22,,31.6,24.200000000000003,26.200000000000003
2001-04-24,,31.400000000000002,25.200000000000003,27.3
2001-04-25,,32.0,24.6,27.400000000000002
2001-04-26,,32.6,,28.3
2001-04-28,,31.8,24.6,25.6
2001-04-29,,29.6,,25.900000000000002
2001-04-30,,,,26.700000000000003
2001-05-01,,,24.200000000000003,27.700000000000003
2001-05-02,,28.0,24.8,25.400000000000002
2001-05-03,,,24.200000000000003,28.5
2001-05-04,,,,25.8
2001-05-05,,31.700000000000003,23.1,26.900000000000002
2001-05-06,,31.0,,26.200000000000003
2001-05-07,,31.0,,26.8
2001-05-08,,,22.400000000000002,27.200000000000003
2001-05-10,,30.400000000000002,23.6,26.700000000000003
2001-05-11,,,,26.200000000000003
2001-05-12,,31.6,,25.900000000000002
2001-05-14,,32.0,,26.6
2001-05-15,,,,26.200000000000003
2001-05-16,,30.400000000000002,22.0,26.200000000000003
2001-05-17,,30.0,21.400000000000002,25.8
2001-05-18,,31.0,20.8,25.6
2001-05-19,,,22.400000000000002,28.200000000000003
2001-05-20,,,,26.3
2001-05-22,,29.6,,26.3
2001-05-23,,30.8,,25.3
2001-05-24,,29.6,21.400000000000002,24.700000000000003
2001-05-25,,,,25.1
2001-05-26,,,22.200000000000003,26.3
2001-05-28,,,24.200000000000003,25.700000000000003
2001-05-29,,29.400000000000002,22.5,25.8
2001-05-30,,27.400000000000002,21.200000000000003,25.200000000000003
2001-05-31,,,,26.700000000000003
2001-06-01,,29.6,24.0,26.1
2001-06-03,,,23.6,26.700000000000003
2001-06-04,,,,24.700000000000003
2001-06-05,,30.8,20.8,25.200000000000003
2001-06-06,,31.0,22.6,26.200000000000003
2001-06-07,,,24.0,26.0
2001-06-08,,,,26.700000000000003
2001-06-09,,,24.6,27.400000000000002
2001-06-10,,30.8,,26.400000000000002
2001-06-13,,30.0,24.0,25.6
2001-06-14,,28.0,22.8,25.3
2001-06-15,,,,25.5
2001-06-16,,30.400000000000002,21.6,25.1
2001-06-17,,31.400000000000002,23.0,25.8
2001-06-19,,,22.6,25.400000000000002
2001-06-20,,29.3,23.8,25.6
2001-06-21,,28.8,23.6,25.1
2001-06-22,,28.8,23.0,25.3
2001-06-23,,28.8,21.0,24.900000000000002
2001-06-24,,,23.5,26.3
2001-06-25,,29.200000000000003,23.8,25.900000000000002
2001-06-26,,30.200000000000003,23.0,26.1
2001-06-27,,30.6,23.200000000000003,26.5
2001-06-28,,30.200000000000003,22.0,26.1
2001-06-29,,28.6,22.200000000000003,23.8
2001-06-30,,29.0,22.6,25.700000000000003
2001-07-01,,30.400000000000002,,25.6
2001-07-02,,,22.400000000000002,28.1
2001-07-03,,,22.0,26.8
2001-07-04,,30.8,,24.900000000000002
2001-07-05,,,21.6,26.8
2001-07-06,,,,25.6
2001-07-07,,30.6,20.6,24.700000000000003
2001-07-08,,29.200000000000003,15.0,25.400000000000002
2001-07-09,,,20.6,24.8
2001-07-10,,30.0,20.3,24.3
2001-07-11,,31.0,22.0,25.700000000000003
2001-07-13,,30.6,,24.400000000000002
2001-07-14,,28.700000000000003,,25.6
2001-07-15,,,23.6,26.400000000000002
2001-07-16,,30.6,,25.400000000000002
2001-07-17,,29.6,22.400000000000002,25.700000000000003
2001-07-18,,31.200000000000003,21.3,25.1
2001-07-19,,31.200000000000003,,25.6
2001-07-22,,30.700000000000003,,24.400000000000002
2001-07-30,,,19.900000000000002,24.400000000000002
2001-07-31,,28.200000000000003,,23.8
2001-08-01,,28.400000000000002,19.8,25.200000000000003
2001-08-02,,,18.400000000000002,25.200000000000003
2001-08-03,,30.200000000000003,19.0,24.700000000000003
2001-08-04,,28.400000000000002,21.200000000000003,25.200000000000003
2001-08-05,,29.6,,25.700000000000003
2001-08-06,,30.0,22.8,24.900000000000002
2001-08-07,,29.700000000000003,22.400000000000002,26.400000000000002
2001-08-08,,29.8,,23.8
2001-08-09,,28.700000000000003,17.400000000000002,25.0
2001-08-10,,29.0,20.200000000000003,24.700000000000003
2001-08-11,,,,24.200000000000003
2001-08-12,,29.200000000000003,,24.1
2001-08-14,,,,25.0
2001-08-15,,28.200000000000003,,22.900000000000002
2001-08-17,,30.400000000000002,17.400000000000002,23.3
2001-08-18,,,19.8,26.1
2001-08-19,,,19.400000000000002,24.6
2001-08-20,,29.200000000000003,21.0,24.400000000000002
2001-08-22,,29.6,,24.900000000000002
2001-08-24,,,21.200000000000003,26.6
2001-08-27,,30.3,20.8,25.200000000000003
2001-08-29,,,21.6,26.6
2001-08-30,,,,24.8
2001-08-31,,30.200000000000003,,24.700000000000003
2001-09-01,,31.5,,26.200000000000003
2001-09-02,,30.0,,27.0
2001-09-03,,,,25.900000000000002
2001-09-04,,,,25.900000000000002
2001-09-05,,,,25.700000000000003
2001-09-06,,33.2,,26.400000000000002
2001-09-08,,,20.8,26.6
2001-09-09,,30.0,,25.200000000000003
2001-09-10,,33.0,22.0,27.0
2001-09-11,,32.6,,26.6
2001-09-12,,,,28.900000000000002
2001-09-13,,,,26.3
2001-09-14,,,21.400000000000002,25.8
2001-09-16,,31.0,,24.900000000000002
2001-09-18,,33.2,21.0,27.3
2001-09-19,,30.8,22.8,26.400000000000002
2001-09-21,,30.5,,26.6
2001-09-23,,,22.700000000000003,26.8
2001-09-24,,32.0,22.6,27.700000000000003
2001-09-25,,,23.0,26.3
2001-09-26,,32.2,,26.700000000000003
2001-09-27,,,23.200000000000003,29.1
2001-09-28,,,23.200000000000003,29.5
2001-09-30,,31.400000000000002,,26.200000000000003
2001-10-01,,32.5,,26.200000000000003
2001-10-02,,32.0,23.0,28.5
2001-10-03,,30.400000000000002,21.5,25.3
2001-10-04,,31.0,,25.400000000000002
2001-10-05,,,21.400000000000002,25.700000000000003
2001-10-06,,32.0,,24.8
2001-10-08,,,22.5,27.1
2001-10-09,,,22.8,26.900000000000002
2001-10-10,,,22.6,26.1
2001-10-11,,33.0,,26.3
2001-10-12,,30.200000000000003,24.8,27.5
2001-10-13,,29.6,24.400000000000002,27.200000000000003
2001-10-14,,,24.400000000000002,27.5
2001-10-16,,33.2,23.400000000000002,25.900000000000002
2001-10-20,,,23.400000000000002,27.200000000000003
2001-10-21,,32.0,,27.200000000000003
2001-10-22,,,25.0,31.3
2001-10-24,,,,27.400000000000002
2001-10-25,,,22.400000000000002,27.8
2001-10-26,,32.9,23.6,29.6
2001-10-28,,,22.6,27.8
2001-10-29,,,22.0,27.8
2001-10-31,,34.800000000000004,,28.3
2001-11-02,,,24.8,28.8
2001-11-03,,,24.400000000000002,28.400000000000002
2001-11-04,,,,28.3
2001-11-05,,32.4,24.8,26.200000000000003
2001-11-07,,,24.900000000000002,28.700000000000003
2001-11-08,,,24.0,28.400000000000002
2001-11-09,,31.6,22.200000000000003,27.5
2001-11-10,,28.6,,23.8
2001-11-12,,30.8,,26.8
2001-11-14,,,23.200000000000003,27.0
2001-11-15,,32.800000000000004,23.0,27.700000000000003
2001-11-17,,,24.6,26.400000000000002
2001-11-18,,31.6,,25.900000000000002
2001-11-19,,31.400000000000002,23.400000000000002,27.6
2001-11-20,,31.8,,28.8
2001-11-21,,32.0,,28.1
2001-11-23,,32.4,24.6,28.6
2001-11-25,,32.0,24.0,26.900000000000002
2001-12-02,,30.200000000000003,,25.400000000000002
2001-12-03,,31.6,,25.6
2001-12-04,,,24.0,29.700000000000003
2001-12-05,,32.4,25.0,28.700000000000003
2001-12-06,,,,27.400000000000002
2001-12-08,,32.0,25.200000000000003,27.700000000000003
2001-12-09,,31.6,22.400000000000002,27.200000000000003
2001-12-12,,31.400000000000002,,27.700000000000003
2001-12-14,,31.200000000000003,,26.8
2001-12-15,,32.0,22.0,29.1
2001-12-17,,32.2,,27.200000000000003
2001-12-18,,,,27.3
2001-12-19,,31.400000000000002,23.6,26.900000000000002
2001-12-20,,31.8,24.8,28.1
2001-12-21,,31.6,21.8,26.900000000000002
2001-12-22,,,24.400000000000002,30.700000000000003
2001-12-23,,32.2,24.8,29.1
2001-12-26,,32.0,,27.400000000000002
2001-12-27,,28.400000000000002,,25.400000000000002
2001-12-29,,29.8,24.0,25.900000000000002
2001-12-30,,30.400000000000002,23.400000000000002,27.1
2001-12-31,,29.400000000000002,,26.3
2002-01-01,,,24.6,27.400000000000002
2002-01-02,,31.400000000000002,,25.900000000000002
2002-01-04,,31.6,24.8,27.200000000000003
2002-01-05,,31.200000000000003,23.8,26.200000000000003
2002-01-07,,32.2,24.400000000000002,28.700000000000003
2002-01-10,,32.0,,27.400000000000002
2002-01-11,,,24.400000000000002,27.8
2002-01-13,,32.4,,28.1
2002-01-14,,32.4,,28.200000000000003
2002-01-16,,32.800000000000004,,29.3
2002-01-19,,31.6,24.6,28.3
2002-01-20,,31.8,22.8,27.8
2002-01-22,,31.6,,26.3
2002-01-23,,,,26.6
2002-02-07,,31.400000000000002,24.6,27.0
2002-02-10,,31.8,,26.900000000000002
2002-02-11,,32.4,,28.1
2002-02-12,,,24.0,29.6
2002-02-13,,31.8,22.6,26.8
2002-02-15,,28.8,25.400000000000002,27.200000000000003
2002-02-18,,31.400000000000002,,27.1
2002-02-19,,32.0,22.400000000000002,27.700000000000003
2002-02-20,,,24.8,30.200000000000003
2002-02-21,,30.0,,26.8
2002-02-22,,,,26.900000000000002
2002-02-23,,,,27.1
2002-02-24,,29.8,22.8,26.5
2002-02-25,,30.6,21.400000000000002,26.900000000000002
2002-02-26,,31.6,24.8,29.3
2002-02-27,,30.6,,26.900000000000002
2002-03-01,,,,27.3
2002-03-02,,31.0,24.6,28.8
2002-03-03,,31.400000000000002,21.200000000000003,27.3
2002-03-05,,32.0,25.200000000000003,27.8
2002-03-06,,,,26.200000000000003
2002-03-07,,,,26.3
2002-03-08,,29.8,,26.200000000000003
2002-03-09,,,,26.1
2002-03-10,,30.8,24.200000000000003,28.700000000000003
2002-03-11,,,25.200000000000003,28.6
2002-03-12,,,24.400000000000002,28.400000000000002
2002-03-13,,32.0,,27.400000000000002
2002-03-14,,32.800000000000004,23.400000000000002,27.700000000000003
2002-03-15,,32.2,,27.900000000000002
2002-03-16,,32.4,24.200000000000003,30.0
2002-03-19,,31.6,24.0,28.6
2002-03-20,,,24.400000000000002,28.8
2002-03-21,,30.3,,26.8
2002-03-22,,,25.0,26.1
2002-03-23,,,24.0,27.1
2002-03-25,,29.6,24.6,27.1
2002-03-26,,30.200000000000003,24.0,26.200000000000003
2002-03-27,,30.400000000000002,,26.200000000000003
2002-03-28,,,24.400000000000002,28.900000000000002
2002-03-29,,31.8,,27.400000000000002
2002-03-31,,31.0,23.0,26.8
2002-04-01,,32.4,23.6,28.1
2002-04-02,,33.0,23.8,28.6
2002-04-04,,33.4,23.3,27.8
2002-04-05,,,24.0,27.8
2002-04-06,,30.0,24.400000000000002,26.6
2002-04-10,,,,25.6
2002-04-12,,31.0,23.6,26.3
2002-04-13,,29.8,23.6,26.6
2002-04-14,,30.8,21.6,26.3
2002-04-15,,,23.6,28.6
2002-04-16,,30.8,24.200000000000003,26.3
2002-04-17,,,,26.5
2002-04-18,,30.0,,26.8
2002-04-19,,33.0,25.0,28.1
2002-04-20,,32.800000000000004,22.400000000000002,27.200000000000003
2002-04-22,,30.8,,27.3
2002-04-23,,,,27.200000000000003
2002-04-25,,,24.400000000000002,27.200000000000003
2002-04-26,,30.6,22.0,26.700000000000003
2002-04-28,,29.8,22.200000000000003,26.6
2002-05-01,,,,26.200000000000003
2002-05-02,,30.200000000000003,24.400000000000002,26.1
2002-05-04,,30.400000000000002,25.1,26.3
2002-05-05,,30.400000000000002,24.8,27.400000000000002
2002-05-06,,,,26.700000000000003
2002-05-07,,31.8,,27.1
2002-05-08,,32.4,23.200000000000003,28.1
2002-05-12,,31.6,,25.200000000000003
2002-05-14,,31.0,,24.0
2002-05-16,,31.200000000000003,,26.1
2002-05-23,,,24.6,28.700000000000003
2002-05-25,,,,25.400000000000002
2002-05-26,,30.700000000000003,,23.0
2002-05-28,,31.400000000000002,,24.400000000000002
2002-05-31,,31.6,,25.0
2002-06-01,,32.2,,25.200000000000003
2002-06-03,,30.200000000000003,,24.900000000000002
2002-06-04,,,,24.8
2002-06-07,,31.400000000000002,,24.700000000000003
2002-06-09,,,,26.8
2002-06-10,,,,25.700000000000003
2002-06-11,,,,27.0
2002-06-21,,,,24.3
2002-06-22,,30.0,,25.6
2002-06-25,,,,25.6
2002-07-03,,,,23.8
2002-07-04,,28.400000000000002,22.0,24.700000000000003
2002-07-06,,29.8,,23.3
2002-07-07,,,20.400000000000002,25.900000000000002
2002-07-11,,,23.0,26.200000000000003
2002-07-15,,,,24.1
2002-07-21,,27.6,,24.6
2002-07-24,,28.6,,24.900000000000002
2002-07-27,,28.700000000000003,22.400000000000002,25.8
2002-07-28,,30.200000000000003,,22.400000000000002
2002-07-29,,30.0,19.0,23.900000000000002
2002-08-10,,28.6,,24.6
2002-08-13,,29.6,19.400000000000002,24.8
2002-08-14,,28.200000000000003,,24.200000000000003
2002-08-15,,,20.400000000000002,25.900000000000002
2002-08-18,,31.6,,24.3
2002-08-19,,,21.0,25.5
2002-08-20,,30.0,22.400000000000002,25.6
2002-08-22,,30.200000000000003,22.0,24.8
2002-08-24,,30.8,21.200000000000003,24.6
2002-08-25,,,,25.200000000000003
2002-08-27,,32.4,20.8,25.400000000000002
2002-08-29,,30.8,19.8,24.400000000000002
2002-08-30,0.0,29.400000000000002,22.0,25.700000000000003
2002-09-01,0.0,30.6,,24.200000000000003
2002-09-02,,,19.400000000000002,26.900000000000002
2002-09-07,,,19.6,25.900000000000002
2002-09-09,0.0,31.6,23.200000000000003,27.400000000000002
2002-09-11,0.0,32.2,,23.0
2002-09-14,0.0,32.4,,24.200000000000003
2002-09-16,0.0,30.8,21.0,25.700000000000003
2002-09-17,0.0,,20.8,25.5
2002-09-18,,,22.0,28.200000000000003
2002-09-19,0.0,29.0,19.6,25.1
2002-09-21,,32.2,21.400000000000002,26.1
2002-09-23,0.0,,22.400000000000002,27.1
2002-09-24,0.0,32.4,,25.200000000000003
2002-09-25,0.0,31.700000000000003,20.8,25.6
2002-10-01,,,23.0,25.6
2002-10-04,,,20.400000000000002,29.400000000000002
2002-10-07,0.0,31.6,19.200000000000003,23.3
2002-10-08,,,19.8,25.8
2002-10-18,0.0,,,24.700000000000003
2002-10-22,0.0,,,26.700000000000003
2002-10-27,0.0,33.4,,26.8
2002-10-29,,,23.200000000000003,28.700000000000003
2002-10-30,,,23.6,31.1
2002-10-31,0.0,34.0,,26.8
2002-11-01,0.0,,22.400000000000002,27.400000000000002
2002-11-02,,,24.0,27.0
2002-11-03,0.0,,24.200000000000003,28.900000000000002
2002-11-04,0.0,,,27.5
2002-11-06,0.0,34.2,23.6,27.8
2002-11-09,0.0,,24.0,28.0
2002-11-10,,,24.400000000000002,29.900000000000002
2002-11-11,,,24.0,29.900000000000002
2002-11-12,0.0,33.4,22.700000000000003,28.1
2002-11-16,0.0,,,26.900000000000002
2002-11-20,0.0,,23.200000000000003,28.0
2002-11-21,0.0,,23.8,28.6
2002-11-22,0.0,,,29.1
2002-11-23,,,23.3,31.5
2002-11-24,0.0,31.8,24.8,28.1
2002-11-25,0.0,32.800000000000004,24.8,28.3
2002-11-26,,33.2,,28.400000000000002
2002-11-27,0.0,,23.900000000000002,28.5
2002-11-28,,,24.6,30.8
2002-11-30,,32.2,24.6,30.6
2002-12-05,0.0,33.2,,27.1
2002-12-08,,,23.8,31.8
2002-12-11,0.0,31.8,,26.200000000000003
2002-12-13,,32.4,24.0,28.8
2002-12-18,0.0,33.0,24.6,29.1
2002-12-19,,,25.200000000000003,30.400000000000002
2002-12-20,4.1000000000000005,,24.6,28.200000000000003
2002-12-21,,34.2,,29.700000000000003
2003-01-29,0.0,30.8,23.3,26.1
2003-01-30,0.5,32.4,23.6,27.1
2003-02-01,0.0,32.4,24.400000000000002,26.900000000000002
2003-02-02,,,25.0,31.3
2003-02-03,0.0,32.6,,28.900000000000002
2003-02-04,,32.300000000000004,24.200000000000003,29.700000000000003
2003-02-05,,32.4,24.400000000000002,30.900000000000002
2003-02-06,,30.8,23.6,27.900000000000002
2003-02-08,,32.0,23.1,29.200000000000003
2003-02-09,0.0,30.0,23.8,26.200000000000003
2003-02-11,,,24.8,30.5
2003-02-13,0.0,30.0,,26.1
2003-02-17,,28.8,23.6,25.1
2003-02-18,,29.0,23.6,26.700000000000003
2003-02-20,,29.400000000000002,24.6,26.700000000000003
2003-02-21,0.0,27.0,24.200000000000003,25.400000000000002
2003-02-22,,,24.200000000000003,29.200000000000003
2003-02-23,0.0,31.400000000000002,24.400000000000002,28.5
2003-02-24,,,25.400000000000002,29.5
2003-02-25,0.0,32.0,25.0,29.0
2003-02-26,0.0,32.4,,29.6
2003-02-27,,32.5,25.6,30.3
2003-02-28,0.0,32.2,26.0,29.200000000000003
2003-03-01,0.0,32.0,,27.8
2003-03-02,,27.200000000000003,,25.3
2003-03-03,,,,27.400000000000002
2003-03-04,,,22.400000000000002,28.200000000000003
2003-03-05,45.0,31.8,,26.900000000000002
2003-03-06,2.0,29.8,24.0,27.1
2003-03-10,,31.0,24.700000000000003,26.900000000000002
2003-03-13,,30.200000000000003,24.0,28.200000000000003
2003-03-14,,,24.8,30.1
2003-03-16,0.0,31.6,,27.8
2003-03-17,,,25.200000000000003,29.700000000000003
2003-03-18,0.0,31.0,23.6,27.0
2003-03-19,,,24.200000000000003,30.6
2003-03-20,,32.0,24.700000000000003,28.5
2003-03-22,,,24.200000000000003,29.8
2003-03-24,,32.1,24.8,28.900000000000002
2003-03-25,0.0,32.2,,28.200000000000003
2003-03-26,,33.0,24.200000000000003,26.1
2003-03-27,48.0,30.200000000000003,24.400000000000002,26.1
2003-03-28,,,24.700000000000003,27.6
2003-03-29,,31.1,22.8,27.1
2003-03-30,,31.400000000000002,,26.1
2003-03-31,,29.6,25.200000000000003,27.0
2003-04-02,0.30000000000000004,28.8,23.8,26.6
2003-04-03,,30.6,,26.8
2003-04-04,0.30000000000000004,30.8,,26.3
2003-04-05,0.0,,23.8,27.8
2003-04-06,0.0,,,27.8
2003-04-07,0.0,31.8,23.700000000000003,27.6
2003-04-08,,32.5,23.8,29.3
2003-04-09,,33.800000000000004,24.400000000000002,30.3
2003-04-10,0.0,33.4,,28.700000000000003
2003-04-12,0.0,31.8,22.700000000000003,28.200000000000003
2003-04-14,6.1000000000000005,32.4,24.6,27.8
2003-04-15,0.0,32.2,24.200000000000003,27.6
2003-04-16,0.0,30.0,24.8,26.900000000000002
2003-04-17,0.30000000000000004,30.400000000000002,,26.200000000000003
2003-04-18,,,23.8,29.700000000000003
2003-04-19,0.0,,23.6,26.900000000000002
2003-04-20,,32.2,,26.900000000000002
2003-04-21,,,24.0,26.700000000000003
2003-04-22,,30.1,25.0,27.5
2003-04-23,7.4,31.0,,25.5
2003-04-24,,32.4,24.6,25.900000000000002
2003-04-26,0.0,31.6,24.0,27.0
2003-04-27,0.0,31.6,,27.3
2003-04-28,,,25.6,30.1
2003-04-29,0.0,32.0,25.8,27.8
2003-04-30,,31.400000000000002,25.200000000000003,27.700000000000003
2003-05-02,0.0,32.2,,27.5
2003-05-03,,,,28.200000000000003
2003-05-04,,30.6,24.8,26.900000000000002
2003-05-05,0.0,31.400000000000002,23.8,27.1
2003-05-06,,,,25.900000000000002
2003-05-07,,30.700000000000003,24.400000000000002,26.900000000000002
2003-05-08,,,24.200000000000003,28.1
2003-05-09,0.0,31.6,24.0,27.6
2003-05-10,0.0,32.2,23.8,26.700000000000003
2003-05-14,,,25.0,26.900000000000002
2003-05-17,3.0,31.200000000000003,24.8,27.3
2003-05-20,,32.9,23.0,27.700000000000003
2003-05-22,,30.0,21.6,28.3
2003-05-24,0.0,31.400000000000002,23.400000000000002,26.8
2003-05-25,0.0,30.6,22.8,26.0
2003-05-27,0.0,29.400000000000002,24.0,26.200000000000003
2003-05-29,,31.200000000000003,23.6,28.3
2003-05-30,0.0,32.4,,25.6
2003-05-31,,,22.200000000000003,26.3
2003-06-01,0.0,32.0,,26.0
2003-06-03,,32.2,23.0,28.0
2003-06-04,0.0,31.3,,26.200000000000003
2003-06-06,0.0,31.400000000000002,21.8,26.200000000000003
2003-06-07,,,21.200000000000003,27.900000000000002
2003-06-08,,,23.6,27.5
2003-06-09,0.0,31.6,,24.8
2003-06-10,,,,24.1
2003-06-11,,29.0,20.400000000000002,26.200000000000003
2003-06-14,,,23.6,27.5
2003-06-16,,30.0,23.8,27.900000000000002
2003-06-18,0.0,31.6,23.6,26.400000000000002
2003-06-19,0.0,30.0,,24.900000000000002
2003-06-21,2.8000000000000003,26.8,,23.1
2003-06-23,0.0,,,27.3
2003-06-26,0.0,29.200000000000003,24.400000000000002,26.700000000000003
2003-06-27,,30.400000000000002,24.8,27.700000000000003
2003-06-28,,30.400000000000002,23.6,26.900000000000002
2003-06-29,0.0,30.6,,24.900000000000002
2003-07-01,0.0,29.0,,25.700000000000003
2003-07-02,,30.0,,26.700000000000003
2003-07-03,0.0,,20.6,25.6
2003-07-04,,28.8,21.0,26.200000000000003
2003-07-05,,30.6,23.6,25.700000000000003
2003-07-07,,,23.400000000000002,25.400000000000002
2003-07-08,,29.0,23.1,24.700000000000003
2003-07-09,0.8,29.0,,24.700000000000003
2003-07-11,,27.3,23.900000000000002,25.6
2003-07-13,,29.400000000000002,23.5,25.6
2003-07-14,0.0,30.8,22.0,25.6
2003-07-15,0.0,,,25.8
2003-07-16,0.0,28.400000000000002,,24.200000000000003
2003-07-17,,,18.400000000000002,27.400000000000002
2003-07-19,,30.1,,26.200000000000003
2003-07-21,,28.400000000000002,23.5,26.700000000000003
2003-07-22,,,23.1,27.3
2003-07-23,,29.400000000000002,23.900000000000002,25.5
2003-07-24,,,23.200000000000003,26.400000000000002
2003-07-25,,27.6,23.6,24.6
2003-07-26,,28.6,23.6,26.400000000000002
2003-07-27,,,22.6,30.1
2003-07-28,,29.200000000000003,22.3,26.200000000000003
2003-07-29,,28.6,22.400000000000002,25.3
2003-07-31,,29.400000000000002,,26.6
2003-08-02,,,21.5,26.8
2003-08-06,,,23.0,27.3
2003-08-07,,29.0,,26.1
2003-08-08,0.0,29.3,19.200000000000003,25.3
2003-08-10,0.0,,,27.3
2003-08-12,,28.400000000000002,24.1,25.3
2003-08-13,,29.200000000000003,23.200000000000003,26.700000000000003
2003-08-14,0.0,29.200000000000003,,25.5
2003-08-15,0.0,28.700000000000003,,24.400000000000002
2003-08-16,,,21.8,26.5
2003-08-17,,,22.1,26.5
2003-08-18,0.0,,20.0,25.400000000000002
2003-08-20,0.0,30.0,,24.200000000000003
2003-08-21,,,21.400000000000002,27.1
2003-08-22,0.0,31.200000000000003,19.400000000000002,24.3
2003-08-23,,29.400000000000002,21.0,26.200000000000003
2003-08-24,0.0,29.8,22.400000000000002,24.400000000000002
2003-08-25,,,22.0,27.700000000000003
2003-08-28,,30.8,19.0,26.900000000000002
2003-08-29,,31.8,19.0,25.5
2003-08-30,0.0,29.6,21.0,25.700000000000003
2003-09-01,0.0,,,26.200000000000003
2003-09-02,,28.0,22.0,24.8
2003-09-03,,,22.0,25.8
2003-09-06,0.0,31.400000000000002,20.6,24.5
2003-09-07,0.0,29.8,,25.1
2003-09-09,,30.5,22.8,26.3
2003-09-10,,,21.6,28.1
2003-09-11,0.0,30.0,20.900000000000002,25.200000000000003
2003-09-12,0.0,29.1,22.1,25.6
2003-09-13,0.0,31.200000000000003,23.8,26.0
2003-09-14,,31.200000000000003,24.0,27.700000000000003
2003-09-15,,,22.400000000000002,28.200000000000003
2003-09-16,0.0,30.200000000000003,22.6,24.700000000000003
2003-09-17,0.0,32.6,,24.700000000000003
2003-09-19,0.0,31.200000000000003,18.6,25.5
2003-09-20,,32.0,20.6,27.700000000000003
2003-09-21,,32.0,19.0,25.6
2003-09-22,0.0,31.6,18.6,25.8
2003-09-24,9.9,30.0,,25.400000000000002
2003-09-25,,,24.0,28.900000000000002
2003-09-26,0.0,31.400000000000002,22.1,26.400000000000002
2003-09-27,0.0,31.400000000000002,22.0,27.1
2003-09-28,,31.200000000000003,,26.900000000000002
2003-09-29,0.0,32.2,,26.6
2003-09-30,,,22.200000000000003,28.6
2003-10-01,0.0,30.6,22.6,26.8
2003-10-02,0.0,32.4,23.0,27.3
2003-10-04,,,24.8,29.5
2003-10-06,0.0,33.6,24.200000000000003,27.3
2003-10-07,0.5,32.4,,26.200000000000003
2003-10-14,0.0,31.0,,27.200000000000003
2003-10-15,,,23.8,28.1
2003-10-16,0.0,,,25.700000000000003
2003-10-17,0.0,33.0,,25.200000000000003
2003-10-19,0.0,31.200000000000003,20.0,25.8
2003-10-20,,32.0,20.200000000000003,27.3
2003-10-21,0.0,33.2,20.400000000000002,26.400000000000002
2003-10-22,,32.6,22.0,28.3
2003-10-24,,31.8,23.400000000000002,27.6
2003-10-25,,,23.200000000000003,29.3
2003-10-26,0.0,34.4,,27.1
2003-10-27,0.0,32.800000000000004,19.0,25.700000000000003
2003-10-31,0.0,30.6,,26.400000000000002
2003-11-01,,,23.6,28.3
2003-11-03,0.0,30.6,22.0,26.8
2003-11-04,,,22.8,29.6
2003-11-06,0.0,34.2,21.0,26.3
2003-11-08,,29.8,25.0,28.3
2003-11-09,,32.7,24.6,29.6
2003-11-10,,30.0,,24.8
2003-11-11,,32.2,22.1,25.8
2003-11-13,,32.0,23.400000000000002,28.900000000000002
2003-11-15,,33.0,24.6,29.8
2003-11-17,0.0,33.0,,27.8
2003-11-18,0.0,33.5,23.400000000000002,27.3
2003-11-19,,33.1,,29.0
2003-11-20,,33.4,26.0,29.200000000000003
2003-11-21,0.0,33.0,,27.1
2003-11-23,0.0,33.0,22.0,28.1
2003-12-03,,31.5,,27.400000000000002
2003-12-05,0.0,,,28.700000000000003
2003-12-07,,,25.0,31.0
2003-12-08,0.0,32.4,25.0,27.3
2003-12-13,,33.800000000000004,25.200000000000003,31.1
2003-12-14,,33.5,24.6,31.200000000000003
2003-12-15,,32.6,24.6,26.8
2003-12-17,0.0,,23.8,26.6
2003-12-18,4.1000000000000005,34.0,24.0,26.8
2003-12-20,22.1,30.6,,24.700000000000003
2003-12-23,,32.4,26.6,28.8
2003-12-25,,33.4,25.3,30.200000000000003
2003-12-26,0.0,32.6,24.6,26.8
2003-12-28,0.0,31.900000000000002,,27.6
2003-12-30,0.5,31.8,,26.1
2003-12-31,,30.0,24.200000000000003,28.0
2004-01-04,,31.200000000000003,22.900000000000002,27.700000000000003
2004-01-07,0.0,32.0,24.400000000000002,27.6
2004-01-08,,,25.200000000000003,30.5
2004-01-09,,31.6,24.8,29.0
2004-01-10,0.0,32.6,,27.6
2004-01-12,,,24.400000000000002,31.3
2004-01-14,0.0,33.0,25.400000000000002,27.900000000000002
2004-01-15,,,,26.8
2004-01-17,,30.200000000000003,24.6,27.400000000000002
2004-01-18,,,24.6,30.200000000000003
2004-01-19,0.0,32.2,,27.900000000000002
2004-01-20,0.0,29.8,,25.8
2004-01-21,,31.400000000000002,24.200000000000003,29.6
2004-01-22,30.0,32.6,24.1,26.3
2004-01-24,,,,28.8
2004-01-25,0.0,32.0,,28.3
2004-01-29,,32.6,25.400000000000002,29.200000000000003
2004-01-30,,32.800000000000004,25.6,30.3
2004-02-02,,,25.0,26.900000000000002
2004-02-03,0.0,30.6,22.0,26.900000000000002
2004-02-06,,,24.0,28.5
2004-02-07,,29.700000000000003,23.5,25.8
2004-02-11,,31.0,23.200000000000003,26.700000000000003
2004-02-14,,,23.200000000000003,28.900000000000002
2004-02-15,,30.6,,25.900000000000002
2004-02-17,,30.400000000000002,23.200000000000003,28.200000000000003
2004-02-18,,,23.6,26.6
2004-02-21,,,23.6,29.3
2004-02-22,,,23.200000000000003,29.200000000000003
2004-02-23,,,23.900000000000002,29.200000000000003
2004-02-25,,31.3,23.8,28.0
2004-02-28,,29.8,23.0,27.6
2004-03-03,,,24.1,28.900000000000002
2004-03-06,,31.6,24.6,28.400000000000002
2004-03-08,,30.400000000000002,24.8,28.200000000000003
2004-03-09,,,24.0,27.5
2004-03-24,0.0,32.4,,27.900000000000002
2004-03-25,,32.4,23.8,28.400000000000002
2004-03-28,,,24.0,26.5
2004-03-29,,,24.8,28.3
2004-03-30,0.0,32.4,,25.6
2004-03-31,,,23.3,30.200000000000003
2004-04-07,0.0,31.8,,27.3
2004-04-08,5.1000000000000005,31.8,23.200000000000003,25.900000000000002
2004-04-10,,31.6,23.8,28.1
2004-04-11,,32.800000000000004,23.400000000000002,30.0
2004-04-13,,32.2,,26.200000000000003
2004-04-16,,31.8,22.6,27.0
2004-04-17,8.1,30.0,23.200000000000003,26.1
2004-04-19,0.0,31.6,24.6,28.1
2004-04-23,8.9,32.0,24.6,26.900000000000002
2004-04-24,0.0,32.6,,28.1
2004-04-25,0.0,32.4,24.400000000000002,27.8
2004-04-27,0.0,32.4,24.8,27.400000000000002
2004-04-28,0.0,,,28.200000000000003
2004-05-01,,31.8,24.8,29.5
2004-05-02,,,24.8,30.700000000000003
2004-05-05,,,25.200000000000003,30.400000000000002
2004-05-06,0.0,32.2,24.400000000000002,27.900000000000002
2004-05-09,0.0,32.2,,27.1
2004-05-10,0.0,31.200000000000003,,27.400000000000002
2004-05-16,,,23.6,27.8
2004-05-17,0.0,,,27.900000000000002
2004-05-21,,30.0,24.6,27.1
2004-05-25,7.9,31.0,,26.6
2004-05-29,,30.200000000000003,23.700000000000003,27.700000000000003
2004-06-04,0.0,29.5,,25.200000000000003
2004-06-06,0.0,30.400000000000002,22.1,26.0
2004-06-10,0.0,30.200000000000003,22.8,25.900000000000002
2004-06-17,,,23.200000000000003,26.400000000000002
2004-06-19,,,22.0,26.700000000000003
2004-07-15,,,20.8,25.3
2004-07-17,,,20.3,26.5
2004-07-19,,,19.200000000000003,25.900000000000002
2004-07-21,,29.400000000000002,21.0,26.3
2004-07-24,0.0,,20.0,24.3
2004-07-25,,29.200000000000003,21.0,26.6
2004-07-27,,27.400000000000002,19.0,25.1
2004-07-28,0.0,,21.6,24.400000000000002
2004-07-31,,27.5,,25.900000000000002
2004-08-03,,,19.400000000000002,26.3
2004-08-06,,,18.400000000000002,26.8
2004-08-13,,30.8,17.0,24.3
2004-08-14,,,16.0,26.200000000000003
2004-08-19,,27.6,18.6,25.900000000000002
2004-08-20,,28.8,19.8,25.8
2004-08-23,,29.1,19.6,26.200000000000003
2004-08-25,,,23.8,27.6
2004-08-26,,29.8,21.200000000000003,27.0
2004-08-27,,28.700000000000003,20.8,26.900000000000002
2004-09-04,,28.400000000000002,22.6,26.700000000000003
2004-09-06,0.0,31.6,,27.400000000000002
2004-09-07,,,22.0,28.900000000000002
2004-09-10,,31.6,23.5,27.1
2004-09-12,,30.400000000000002,21.0,27.900000000000002
2004-09-13,,,20.8,27.400000000000002
2004-09-14,0.0,31.200000000000003,,26.5
2004-09-15,,,21.0,29.1
2004-09-19,0.0,31.6,,25.8
2004-09-21,,31.400000000000002,21.6,27.6
2004-09-23,,,19.8,24.3
2004-09-24,,,20.400000000000002,28.3
2004-09-26,,30.8,22.0,26.8
2004-09-29,,,22.6,27.900000000000002
2004-09-30,,,23.400000000000002,28.3
2004-10-03,,29.5,22.200000000000003,27.200000000000003
2004-10-04,0.0,31.6,,25.900000000000002
2004-10-05,,,21.0,28.0
2004-10-06,2.0,30.5,,26.8
2004-10-15,,29.3,,27.200000000000003
2004-10-17,0.0,,,26.700000000000003
2004-10-18,,33.800000000000004,23.400000000000002,29.700000000000003
2004-10-21,0.0,,,24.8
2004-10-23,,33.0,23.200000000000003,29.200000000000003
2004-10-24,0.0,31.400000000000002,24.6,28.6
2004-10-25,,32.4,24.0,29.900000000000002
2004-10-30,0.0,31.400000000000002,23.200000000000003,27.3
2004-10-31,,33.0,,28.700000000000003
2004-11-01,0.0,33.0,22.6,27.400000000000002
2004-11-03,0.0,31.8,23.400000000000002,26.8
2004-11-04,,,24.8,29.6
2004-11-05,0.0,32.2,,26.200000000000003
2004-11-07,0.0,31.400000000000002,22.200000000000003,27.3
2004-11-09,,33.4,,29.400000000000002
2004-11-14,,,24.1,30.0
2004-11-17,0.0,32.0,25.200000000000003,28.400000000000002
2004-11-20,,33.5,25.400000000000002,30.200000000000003
2004-11-21,,34.300000000000004,24.6,29.400000000000002
2004-11-25,,33.6,24.0,28.700000000000003
2004-11-26,0.0,,23.0,29.0
2004-11-27,0.0,33.2,24.6,29.200000000000003
2004-11-29,0.0,31.8,,25.900000000000002
2004-11-30,0.0,32.6,23.400000000000002,27.700000000000003
2004-12-03,0.0,33.800000000000004,,27.900000000000002
2004-12-04,,,24.1,30.8
2004-12-05,0.0,33.800000000000004,23.200000000000003,28.900000000000002
2004-12-06,,32.800000000000004,23.0,29.5
2004-12-08,0.0,,23.8,29.200000000000003
2004-12-09,0.0,32.7,23.1,28.6
2004-12-10,,33.4,25.6,31.200000000000003
2004-12-23,,31.0,24.400000000000002,27.900000000000002
2004-12-27,0.0,32.0,,25.900000000000002
2004-12-30,,,24.0,28.900000000000002
2004-12-31,,,24.400000000000002,29.1
2005-01-05,0.0,33.6,,27.5
2005-01-08,,,25.200000000000003,29.3
2005-01-09,,,,28.1
2005-01-13,,,23.6,30.400000000000002
2005-01-15,,,24.200000000000003,28.900000000000002
2005-01-16,0.0,31.400000000000002,24.8,27.700000000000003
2005-01-18,,31.400000000000002,25.200000000000003,28.700000000000003
2005-01-20,,28.6,25.0,26.400000000000002
2005-01-24,0.0,31.400000000000002,25.400000000000002,28.6
2005-01-25,0.0,31.200000000000003,24.8,28.0
2005-01-26,,31.400000000000002,25.200000000000003,28.8
2005-01-27,,,25.200000000000003,29.900000000000002
2005-01-28,0.0,31.8,,28.6
2005-01-29,,34.4,24.6,29.200000000000003
2005-01-30,,,,28.3
2005-01-31,,,24.200000000000003,29.8
2005-02-01,4.1000000000000005,31.6,,27.200000000000003
2005-02-02,,34.6,24.200000000000003,28.900000000000002
2005-02-03,,,24.400000000000002,27.1
2005-02-04,4.1000000000000005,,,26.200000000000003
2005-02-06,,30.400000000000002,23.8,26.1
2005-02-07,,31.200000000000003,23.400000000000002,28.8
2005-02-08,0.0,31.6,,26.6
2005-02-10,,31.400000000000002,25.200000000000003,29.400000000000002
2005-02-11,,31.200000000000003,24.6,29.1
2005-02-12,0.0,31.6,24.8,28.900000000000002
2005-02-13,0.30000000000000004,31.400000000000002,,26.8
2005-02-14,,31.8,23.6,30.0
2005-02-16,0.0,32.2,,28.6
2005-02-17,,32.0,24.6,27.6
2005-02-20,,,25.0,30.200000000000003
2005-02-21,,,25.400000000000002,29.400000000000002
2005-02-24,,,26.200000000000003,30.900000000000002
2005-02-25,,,25.6,31.3
2005-02-26,,,25.6,30.3
2005-02-28,,,24.0,30.700000000000003
2005-03-01,,32.0,25.0,29.8
2005-03-03,,28.8,24.400000000000002,27.0
2005-03-05,,30.400000000000002,25.200000000000003,29.0
2005-03-09,,31.0,,27.700000000000003
2005-03-11,,31.8,24.400000000000002,29.200000000000003
2005-03-16,,32.6,26.400000000000002,30.400000000000002
2005-03-17,,30.8,,26.700000000000003
2005-03-28,,,24.400000000000002,29.8
2005-03-29,,31.0,,27.200000000000003
2005-04-11,,,24.200000000000003,27.1
2005-04-12,,,24.6,26.3
2005-04-13,,,23.6,27.8
2005-04-14,,28.400000000000002,,25.0
2005-04-15,,,23.0,25.700000000000003
2005-04-16,0.0,30.900000000000002,22.6,25.700000000000003
2005-04-18,0.0,31.400000000000002,,27.0
2005-04-20,0.0,31.200000000000003,22.400000000000002,27.200000000000003
2005-04-21,0.0,,22.8,27.5
2005-04-22,0.0,32.0,,27.3
2005-04-24,0.0,31.6,,27.700000000000003
2005-04-25,0.0,,23.8,27.400000000000002
2005-04-26,0.0,33.0,24.1,27.6
2005-04-28,0.0,,,27.3
2005-04-29,0.0,33.0,23.200000000000003,26.200000000000003
2005-04-30,0.0,32.6,,26.900000000000002
2005-05-01,0.0,32.0,23.0,27.3
2005-05-02,0.0,30.8,,26.1
2005-05-03,0.0,,22.200000000000003,27.700000000000003
2005-05-04,0.0,31.6,24.3,27.400000000000002
2005-05-05,0.0,32.0,23.8,27.8
2005-05-06,0.0,31.200000000000003,,27.8
2005-05-07,,30.400000000000002,24.0,28.3
2005-05-08,1.0,31.6,25.6,27.200000000000003
2005-05-09,,29.400000000000002,24.8,26.3
2005-05-10,4.1000000000000005,31.400000000000002,25.200000000000003,27.200000000000003
2005-05-11,0.0,30.0,25.200000000000003,27.200000000000003
2005-05-12,0.0,32.0,25.200000000000003,27.3
2005-05-13,0.0,29.8,,26.400000000000002
2005-05-14,,,23.6,28.700000000000003
2005-05-15,0.0,29.400000000000002,23.8,26.5
2005-05-16,0.0,29.6,,25.400000000000002
2005-05-17,0.0,31.0,22.0,27.1
2005-05-18,0.0,30.400000000000002,,26.400000000000002
2005-05-19,0.0,,,25.400000000000002
2005-05-20,0.0,31.0,22.0,26.200000000000003
2005-05-21,0.0,30.6,22.0,26.700000000000003
2005-05-22,0.0,28.6,,24.8
2005-05-23,0.0,29.1,21.8,25.8
2005-05-24,0.0,31.0,,26.0
2005-05-25,5.1000000000000005,,22.0,24.6
2005-05-26,0.0,28.400000000000002,,25.1
2005-05-27,0.0,28.1,22.0,25.3
2005-05-28,0.0,29.400000000000002,23.700000000000003,26.200000000000003
2005-05-29,0.0,28.8,22.400000000000002,25.5
2005-05-30,0.0,28.8,22.400000000000002,25.6
2005-05-31,0.0,29.3,,25.900000000000002
2005-06-01,0.0,30.8,,26.400000000000002
2005-06-02,0.0,29.8,,25.8
2005-06-03,0.0,30.8,21.400000000000002,26.400000000000002
2005-06-04,7.9,28.700000000000003,21.200000000000003,25.8
2005-06-05,0.0,31.0,,26.6
2005-06-06,,31.8,23.400000000000002,27.1
2005-06-07,,29.200000000000003,,26.400000000000002
2005-06-08,,30.200000000000003,23.6,26.1
2005-06-09,0.0,,,27.700000000000003
2005-06-10,0.0,30.8,21.8,25.700000000000003
2005-06-11,,,22.0,26.8
2005-06-12,0.0,31.700000000000003,20.6,26.700000000000003
2005-06-13,0.0,31.400000000000002,22.3,26.3
2005-06-14,0.0,29.0,,24.700000000000003
2005-06-15,0.0,29.6,21.0,26.700000000000003
2005-06-16,,,23.200000000000003,28.400000000000002
2005-06-17,0.0,32.0,,26.1
2005-06-18,0.0,32.6,22.0,27.8
2005-06-19,0.0,31.400000000000002,22.400000000000002,26.5
2005-06-20,0.0,31.0,23.200000000000003,27.1
2005-06-21,0.0,32.0,23.8,26.6
2005-06-22,0.0,29.8,23.400000000000002,26.700000000000003
2005-06-23,0.0,29.3,24.200000000000003,26.8
2005-06-24,1.0,30.6,23.400000000000002,26.700000000000003
2005-06-25,0.0,30.400000000000002,23.5,26.5
2005-06-26,0.0,30.8,24.0,26.8
2005-06-27,8.9,29.6,,26.3
2005-06-28,0.0,30.0,24.200000000000003,27.0
2005-06-29,0.0,29.400000000000002,,25.900000000000002
2005-06-30,7.1000000000000005,29.400000000000002,23.8,26.3
2005-07-01,,28.200000000000003,24.200000000000003,26.1
2005-07-02,,30.5,,26.5
2005-07-03,,30.0,,25.6
2005-07-04,0.0,30.400000000000002,23.8,26.3
2005-07-05,2.0,,23.8,26.700000000000003
2005-07-06,2.0,29.5,,25.900000000000002
2005-07-07,0.0,31.8,,26.3
2005-07-08,0.0,31.0,22.200000000000003,26.3
2005-07-09,3.0,28.900000000000002,23.6,25.8
2005-07-10,,27.0,,24.400000000000002
2005-07-11,0.0,29.6,,25.3
2005-07-12,0.0,29.8,21.1,25.400000000000002
2005-07-13,,29.400000000000002,21.0,25.1
2005-07-14,0.0,30.0,20.8,24.8
2005-07-15,0.0,29.400000000000002,,24.6
2005-07-16,0.0,29.200000000000003,20.6,25.900000000000002
2005-07-17,0.0,28.400000000000002,22.0,26.0
2005-07-18,0.0,28.400000000000002,22.900000000000002,25.6
2005-07-19,,29.200000000000003,,26.200000000000003
2005-07-20,,29.0,22.400000000000002,25.900000000000002
2005-07-21,,29.6,,25.400000000000002
2005-07-22,,29.700000000000003,,25.6
2005-07-23,,30.200000000000003,22.0,25.8
2005-07-24,,,22.0,25.1
2005-07-25,,30.0,,25.400000000000002
2005-07-26,,30.0,22.200000000000003,25.6
2005-07-27,,31.0,,25.8
2005-07-28,,31.400000000000002,,25.200000000000003
2005-07-29,,,19.400000000000002,24.900000000000002
2005-07-30,,30.400000000000002,21.8,25.900000000000002
2005-07-31,,28.400000000000002,21.6,25.200000000000003
2005-08-01,,28.400000000000002,22.0,25.5
2005-08-02,,29.6,23.400000000000002,25.400000000000002
2005-08-03,,29.5,23.0,26.200000000000003
2005-08-04,,29.5,,25.900000000000002
2005-08-05,,31.8,,26.0
2005-08-06,,31.400000000000002,,25.900000000000002
2005-08-07,,31.6,20.700000000000003,25.6
2005-08-08,,,,25.900000000000002
2005-08-09,,30.1,20.400000000000002,25.400000000000002
2005-08-10,,31.6,20.6,25.6
2005-08-11,,,21.0,27.0
2005-08-12,,29.6,21.6,25.6
2005-08-13,,31.0,23.200000000000003,26.3
2005-08-14,,31.6,,26.0
2005-08-15,,30.6,,25.200000000000003
2005-08-16,,31.0,20.0,25.0
2005-08-17,,31.400000000000002,20.0,26.400000000000002
2005-08-18,,29.3,,24.900000000000002
2005-08-19,,29.6,,24.700000000000003
2005-08-20,,28.6,,24.200000000000003
2005-08-21,,30.400000000000002,19.400000000000002,25.3
2005-08-22,,29.6,20.0,25.3
2005-08-23,,28.6,,25.6
2005-08-24,,31.0,21.200000000000003,26.200000000000003
2005-08-25,,29.200000000000003,,25.1
2005-08-26,,,20.400000000000002,26.8
2005-08-27,,30.0,20.3,25.200000000000003
2005-08-28,,29.5,21.400000000000002,25.200000000000003
2005-08-29,,30.6,22.400000000000002,25.8
2005-08-30,,30.400000000000002,,24.8
2005-08-31,,29.0,,24.6
2005-09-01,,30.6,18.8,24.1
2005-09-02,,28.6,19.8,25.0
2005-09-03,,31.400000000000002,,25.200000000000003
2005-09-04,,30.200000000000003,,24.8
2005-09-05,,30.6,20.8,25.6
2005-09-06,,30.0,18.900000000000002,26.6
2005-09-08,,33.0,,24.400000000000002
2005-09-09,,32.0,20.400000000000002,26.400000000000002
2005-09-10,,,21.0,25.700000000000003
2005-09-11,,29.6,21.400000000000002,25.5
2005-09-12,,33.0,21.400000000000002,26.400000000000002
2005-09-13,,33.0,21.0,25.700000000000003
2005-09-14,,32.6,20.8,26.5
2005-09-15,,,22.0,26.8
2005-09-16,,28.0,22.0,24.700000000000003
2005-09-17,,28.6,22.0,26.3
2005-09-18,,30.8,,27.1
2005-09-19,,,24.0,26.8
2005-09-20,,30.6,,26.400000000000002
2005-09-21,,32.800000000000004,,27.3
2005-09-22,,32.0,21.400000000000002,26.6
2005-09-23,,31.8,21.8,27.0
2005-09-24,,30.400000000000002,,26.200000000000003
2005-09-25,,31.0,,25.400000000000002
2005-09-26,,31.0,20.400000000000002,25.900000000000002
2005-09-27,,31.8,21.6,26.1
2005-09-28,,31.900000000000002,,25.200000000000003
2005-09-29,,31.3,20.8,25.700000000000003
2005-09-30,,30.200000000000003,20.8,26.5
2005-10-01,,,21.200000000000003,26.700000000000003
2005-10-02,,32.0,24.200000000000003,27.1
2005-10-03,,31.900000000000002,,25.8
2005-10-04,,32.2,21.400000000000002,26.6
2005-10-05,,31.6,,26.8
2005-10-06,,29.0,22.0,26.1
2005-10-07,,30.6,23.200000000000003,27.5
2005-10-08,,33.0,,26.8
2005-10-09,,31.200000000000003,24.200000000000003,27.200000000000003
2005-10-10,,30.8,23.400000000000002,27.3
2005-10-11,,31.400000000000002,23.8,28.0
2005-10-12,,32.0,,28.3
2005-10-13,,34.2,,28.200000000000003
2005-10-14,,,,27.400000000000002
2005-10-15,,33.0,24.400000000000002,27.3
2005-10-16,,34.2,24.6,28.3
2005-10-17,,31.0,25.0,28.1
2005-10-18,,31.400000000000002,,27.0
2005-10-19,,31.8,24.6,27.900000000000002
2005-10-20,,31.6,23.0,26.900000000000002
2005-10-21,,31.0,23.200000000000003,27.5
2005-10-22,,32.6,,27.900000000000002
2005-10-23,,31.900000000000002,23.8,28.6
2005-10-24,,33.0,24.6,28.200000000000003
2005-10-25,,,24.400000000000002,28.1
2005-10-26,,33.0,24.200000000000003,28.400000000000002
2005-10-27,,34.4,,28.900000000000002
2005-10-28,,35.4,,27.8
2005-10-29,,33.6,22.6,28.400000000000002
2005-10-30,,34.4,22.200000000000003,29.0
2005-10-31,,32.800000000000004,23.0,28.6
2005-11-01,,33.5,24.6,28.8
2005-11-02,,34.0,24.200000000000003,27.8
2005-11-03,,33.2,,27.700000000000003
2005-11-04,,33.2,22.200000000000003,28.6
2005-11-05,,32.2,22.8,28.900000000000002
2005-11-06,,33.0,25.200000000000003,29.3
2005-11-07,,,,29.0
2005-11-08,,32.4,,26.200000000000003
2005-11-09,,32.2,23.200000000000003,28.3
2005-11-10,,30.6,23.900000000000002,26.900000000000002
2005-11-11,,31.5,,27.700000000000003
2005-11-12,,34.2,22.8,27.3
2005-11-13,,32.0,,27.700000000000003
2005-11-14,,34.2,21.8,28.700000000000003
2005-11-15,,32.2,22.8,27.8
2005-11-16,,,,28.700000000000003
2005-11-17,,34.6,24.400000000000002,27.900000000000002
2005-11-18,,33.4,25.5,28.700000000000003
2005-11-19,,31.400000000000002,24.0,27.8
2005-11-20,,33.4,,29.0
2005-11-22,,31.400000000000002,,26.700000000000003
2005-11-23,,33.6,24.200000000000003,28.8
2005-11-24,,33.0,,27.400000000000002
2005-11-25,,34.2,24.1,27.900000000000002
2005-11-26,,32.0,24.8,27.1
2005-11-27,,,24.400000000000002,29.8
2005-11-28,,31.8,23.6,28.6
2005-11-29,,32.2,23.700000000000003,28.8
2005-11-30,,32.4,24.1,29.200000000000003
2005-12-01,,,25.8,29.1
2005-12-02,,32.800000000000004,,27.700000000000003
2005-12-03,,33.6,24.8,29.200000000000003
2005-12-04,,33.0,26.0,29.400000000000002
2005-12-05,,30.8,,26.400000000000002
2005-12-06,,32.5,24.200000000000003,28.6
2005-12-07,,,24.0,27.200000000000003
2005-12-08,,27.6,24.200000000000003,26.0
2005-12-09,,30.200000000000003,24.8,26.400000000000002
2005-12-10,,31.6,24.8,27.1
2005-12-11,,31.5,,27.700000000000003
2005-12-12,,33.800000000000004,24.0,28.8
2005-12-13,,,,29.0
2005-12-14,,33.2,,27.6
2005-12-15,,,23.6,28.8
2005-12-16,,33.4,,28.1
2005-12-17,,,25.0,28.0
2005-12-18,,32.6,24.8,28.6
2005-12-19,,32.800000000000004,24.8,29.3
2005-12-20,,,,29.200000000000003
2005-12-21,,,24.400000000000002,28.700000000000003
2005-12-22,,33.300000000000004,,28.1
2005-12-23,30.0,,24.0,26.8
2005-12-24,,31.200000000000003,24.400000000000002,28.3
2005-12-25,,31.400000000000002,23.400000000000002,28.3
2005-12-26,14.0,30.200000000000003,23.200000000000003,27.6
2005-12-27,,30.5,24.8,27.200000000000003
2005-12-28,,29.400000000000002,,24.8
2005-12-29,,29.8,22.900000000000002,27.3
2005-12-30,,32.4,,27.200000000000003
2005-12-31,,30.700000000000003,,27.6
2006-01-01,,31.400000000000002,24.400000000000002,28.400000000000002
2006-01-02,,30.8,,26.6
2006-01-03,,,,27.1
2006-01-04,,31.0,24.0,27.3
2006-01-05,,32.4,24.200000000000003,28.400000000000002
2006-01-06,,30.700000000000003,,27.0
2006-01-07,,32.6,24.8,27.8
2006-01-08,,31.200000000000003,24.8,28.200000000000003
2006-01-09,,32.4,25.0,27.400000000000002
2006-01-10,,33.0,25.0,29.5
2006-01-11,,30.5,24.200000000000003,26.8
2006-01-12,,32.4,24.0,27.900000000000002
2006-01-13,,29.0,,25.8
2006-01-14,,33.4,,27.6
2006-01-15,,31.5,23.1,26.6
2006-01-16,,33.0,,28.400000000000002
2006-01-17,,29.6,23.6,26.5
2006-01-18,,30.200000000000003,,26.700000000000003
2006-01-19,,30.400000000000002,23.6,26.5
2006-01-20,,,23.700000000000003,24.1
2006-01-21,,31.0,,26.6
2006-01-22,,32.0,23.6,25.900000000000002
2006-01-23,,30.200000000000003,24.400000000000002,28.0
2006-01-24,,31.8,,26.900000000000002
2006-01-25,,32.0,24.5,29.3
2006-01-26,,32.2,,28.3
2006-01-27,,,25.400000000000002,26.8
2006-01-28,,,25.400000000000002,28.0
2006-01-29,,32.4,,28.3
2006-01-30,,31.400000000000002,24.5,28.6
2006-01-31,,31.900000000000002,25.8,28.8
2006-02-01,,31.8,,26.900000000000002
2006-02-02,,,,25.6
2006-02-03,,30.8,23.0,26.900000000000002
2006-02-04,,,23.700000000000003,26.700000000000003
2006-02-05,,31.5,24.200000000000003,27.700000000000003
2006-02-06,,31.200000000000003,24.200000000000003,27.700000000000003
2006-02-07,,31.200000000000003,24.8,28.5
2006-02-08,,31.6,25.0,28.700000000000003
2006-02-09,,31.400000000000002,25.5,28.8
2006-02-10,,31.8,,28.400000000000002
2006-02-11,,31.8,25.200000000000003,28.6
2006-02-12,,31.400000000000002,25.8,29.1
2006-02-13,,32.0,24.6,27.400000000000002
2006-02-14,,31.0,,26.200000000000003
2006-02-15,,30.900000000000002,24.8,28.0
2006-02-16,,31.8,,28.0
2006-02-17,,30.0,24.200000000000003,26.8
2006-02-18,,31.6,24.0,28.6
2006-02-20,,30.400000000000002,23.8,27.0
2006-02-21,,30.8,24.0,27.3
2006-02-23,,31.400000000000002,24.6,27.3
2006-02-24,,31.5,,28.3
2006-02-25,,31.6,,27.200000000000003
2006-02-26,,,25.0,27.700000000000003
2006-02-27,,,,27.700000000000003
2006-02-28,,32.6,,28.400000000000002
2006-03-01,,28.0,,25.1
2006-03-02,,30.900000000000002,,27.700000000000003
2006-03-03,,29.8,,26.5
2006-03-04,,27.400000000000002,,24.900000000000002
2006-03-05,,31.0,,26.3
2006-03-06,,31.5,23.6,27.3
2006-03-07,,31.5,,25.8
2006-03-08,,32.6,,26.5
2006-03-09,,,,28.1
2006-03-10,,32.0,21.8,27.1
2006-03-11,,30.3,22.3,26.3
2006-03-12,,,24.0,26.6
2006-03-13,,30.0,24.200000000000003,26.200000000000003
2006-03-14,,,24.0,27.400000000000002
2006-03-15,,31.6,24.200000000000003,27.200000000000003
2006-03-16,,32.0,23.900000000000002,26.400000000000002
2006-03-17,,,24.0,28.5
2006-03-18,,,24.6,29.0
2006-03-19,,32.4,24.6,28.5
2006-03-20,,29.6,,26.5
2006-03-21,,32.300000000000004,24.6,29.0
2006-03-22,,32.0,24.8,27.6
2006-03-23,,31.8,,28.400000000000002
2006-03-24,,31.200000000000003,25.8,28.400000000000002
2006-03-25,,31.400000000000002,,27.6
2006-03-26,,31.0,,28.1
2006-03-27,,31.0,,26.700000000000003
2006-03-28,,31.200000000000003,23.8,27.900000000000002
2006-03-29,,31.200000000000003,,27.400000000000002
2006-03-30,,32.4,24.6,28.1
2006-03-31,,,25.0,27.900000000000002
2006-04-01,,29.8,25.0,26.700000000000003
2006-04-02,,,,26.200000000000003
2006-04-03,,30.6,,25.6
2006-04-04,,32.4,,28.6
2006-04-05,,32.6,25.8,29.3
2006-04-06,,33.1,,28.400000000000002
2006-04-07,,30.8,24.400000000000002,26.900000000000002
2006-04-08,,29.6,24.200000000000003,26.6
2006-04-10,,,24.700000000000003,28.900000000000002
2006-04-15,,,23.400000000000002,28.0
2006-04-16,,31.0,25.0,27.900000000000002
2006-04-17,,30.200000000000003,,25.900000000000002
2006-04-18,,,25.0,28.200000000000003
2006-04-19,,29.6,,26.8
2006-04-20,,31.0,25.0,28.400000000000002
2006-04-21,,30.400000000000002,24.0,26.900000000000002
2006-04-22,,30.6,25.400000000000002,26.8
2006-04-23,,32.2,25.200000000000003,29.200000000000003
2006-04-24,9.1,32.0,,27.400000000000002
2006-04-25,,31.400000000000002,23.8,28.700000000000003
2006-04-26,,31.200000000000003,24.0,25.0
2006-04-27,,30.0,24.0,26.6
2006-04-28,,,24.8,28.200000000000003
2006-04-29,,29.200000000000003,24.400000000000002,26.700000000000003
2006-04-30,,30.0,25.1,28.200000000000003
2006-05-01,,29.400000000000002,,26.0
2006-05-02,,29.0,24.400000000000002,26.900000000000002
2006-05-03,,30.200000000000003,24.8,28.1
2006-05-04,,31.200000000000003,24.200000000000003,27.900000000000002
2006-05-05,,30.400000000000002,,27.0
2006-05-06,,30.3,24.200000000000003,26.400000000000002
2006-05-07,,30.6,24.0,27.6
2006-05-08,,,,25.3
2006-05-09,,29.6,23.8,26.5
2006-05-10,,30.6,24.1,28.400000000000002
2006-05-11,,31.0,24.6,26.8
2006-05-12,,30.6,25.200000000000003,27.400000000000002
2006-05-13,,32.0,,28.1
2006-05-14,,29.8,24.200000000000003,26.8
2006-05-15,,30.6,24.6,27.400000000000002
2006-05-16,,31.8,,27.1
2006-05-17,,30.8,,26.6
2006-05-18,,29.8,24.400000000000002,27.0
2006-05-19,,32.0,,26.400000000000002
2006-05-20,,,23.6,27.200000000000003
2006-05-21,,30.8,24.0,27.200000000000003
2006-05-22,,29.8,,27.3
2006-05-23,,29.400000000000002,,26.700000000000003
2006-05-24,,31.0,,27.3
2006-05-25,,30.6,25.400000000000002,27.6
2006-05-26,,32.4,25.400000000000002,28.0
2006-05-27,,32.2,,27.200000000000003
2006-05-28,,29.6,24.0,26.5
2006-05-29,,30.6,24.400000000000002,26.400000000000002
2006-05-30,,30.6,24.400000000000002,27.3
2006-05-31,,31.0,25.200000000000003,27.8
2006-06-01,,31.400000000000002,25.0,27.900000000000002
2006-06-02,,31.1,,27.8
2006-06-03,,28.6,,25.8
2006-06-04,,31.200000000000003,23.400000000000002,27.5
2006-06-05,,29.400000000000002,,26.3
2006-06-06,,29.700000000000003,24.400000000000002,26.1
2006-06-07,,28.8,24.200000000000003,26.3
2006-06-08,,30.0,,26.700000000000003
2006-06-09,,28.400000000000002,23.0,26.400000000000002
2006-06-10,,29.0,24.6,26.900000000000002
2006-06-11,,29.6,,26.1
2006-06-12,,28.8,23.8,26.1
2006-06-13,,29.200000000000003,24.0,26.400000000000002
2006-06-14,,29.1,24.6,26.6
2006-06-15,,30.6,24.400000000000002,27.200000000000003
2006-06-16,,,,27.200000000000003
2006-06-17,,28.400000000000002,24.0,25.5
2006-06-18,,30.200000000000003,24.0,26.6
2006-06-19,,30.200000000000003,,25.8
2006-06-20,,29.400000000000002,22.200000000000003,25.900000000000002
2006-06-21,,29.0,23.0,25.400000000000002
2006-06-22,,,23.0,25.700000000000003
2006-06-23,,28.400000000000002,,26.1
2006-06-24,,27.8,,25.6
2006-06-25,,29.8,,25.900000000000002
2006-06-26,,,23.6,25.900000000000002
2006-06-27,,29.8,23.200000000000003,26.1
2006-06-28,,31.0,23.400000000000002,26.3
2006-06-29,,29.0,22.5,25.700000000000003
2006-06-30,,29.0,23.200000000000003,25.3
2006-07-01,,29.8,,24.700000000000003
2006-07-02,,28.8,21.0,25.0
2006-07-03,,29.6,22.1,25.900000000000002
2006-07-04,,28.8,,25.700000000000003
2006-07-05,,29.6,,24.900000000000002
2006-07-06,,26.8,21.400000000000002,24.5
2006-07-07,,28.6,21.0,24.0
2006-07-08,,27.400000000000002,21.6,24.200000000000003
2006-07-09,,27.6,21.6,24.0
2006-07-10,,28.0,22.6,25.5
2006-07-11,,,23.0,26.3
2006-07-12,,30.200000000000003,21.8,25.400000000000002
2006-07-13,,29.400000000000002,22.200000000000003,25.900000000000002
2006-07-14,,30.200000000000003,,24.5
2006-07-15,,,24.0,27.900000000000002
2006-07-16,,29.0,,26.1
2006-07-17,,28.6,,25.3
2006-07-18,,27.0,23.400000000000002,25.1
2006-07-19,,29.6,23.0,25.6
2006-07-20,,28.400000000000002,,25.3
2006-07-21,,,,24.5
2006-07-22,,28.6,21.400000000000002,25.200000000000003
2006-07-23,,30.0,,24.8
2006-07-24,,28.6,,24.6
2006-07-25,,27.8,,23.5
2006-07-26,,29.0,19.200000000000003,24.3
2006-07-27,,27.6,20.6,24.900000000000002
2006-07-28,,26.6,,24.700000000000003
2006-07-29,,28.200000000000003,22.0,25.1
2006-07-30,,30.400000000000002,,25.700000000000003
2006-07-31,,29.400000000000002,21.8,24.6
2006-08-01,,29.1,21.6,25.400000000000002
2006-08-02,,29.6,,24.5
2006-08-03,,29.8,,24.3
2006-08-04,,29.8,,23.8
2006-08-05,,28.400000000000002,18.0,24.400000000000002
2006-08-06,,28.200000000000003,18.400000000000002,23.8
2006-08-07,,,,23.900000000000002
2006-08-08,,,18.6,23.400000000000002
2006-08-09,,28.400000000000002,19.400000000000002,23.8
2006-08-10,,28.8,20.200000000000003,24.0
2006-08-11,,28.400000000000002,20.200000000000003,24.3
2006-08-12,,29.0,20.400000000000002,24.6
2006-08-14,,29.200000000000003,20.8,24.8
2006-08-15,,30.400000000000002,,25.400000000000002
2006-08-16,,28.0,21.400000000000002,24.900000000000002
2006-08-17,,29.1,,25.1
2006-08-18,,29.6,21.400000000000002,25.200000000000003
2006-08-19,,29.0,,24.3
2006-08-20,,28.400000000000002,21.0,24.6
2006-08-21,,29.0,,24.1
2006-08-22,,28.6,,23.400000000000002
2006-08-23,,29.200000000000003,20.0,24.3
2006-08-24,,27.0,19.6,23.3
2006-08-25,,28.6,19.8,25.200000000000003
2006-08-26,,28.400000000000002,,24.3
2006-08-27,,28.6,20.8,25.1
2006-08-28,,30.6,,24.700000000000003
2006-08-29,,30.400000000000002,19.8,24.0
2006-08-30,,28.0,19.8,23.900000000000002
2006-08-31,,,20.8,25.1
2006-09-01,,28.0,,25.3
2006-09-02,,28.400000000000002,,25.5
2006-09-03,,28.200000000000003,,25.700000000000003
2006-09-04,,29.400000000000002,22.5,26.400000000000002
2006-09-05,,,,25.900000000000002
2006-09-06,,,,26.700000000000003
2006-09-07,,,,25.900000000000002
2006-09-08,,30.8,,24.5
2006-09-09,,29.200000000000003,,25.8
2006-09-10,,30.6,21.200000000000003,25.6
2006-09-11,,29.200000000000003,,24.8
2006-09-12,,30.200000000000003,20.6,24.6
2006-09-13,,29.200000000000003,19.400000000000002,24.3
2006-09-14,,31.0,19.700000000000003,25.900000000000002
2006-09-15,,30.6,21.200000000000003,26.700000000000003
2006-09-16,,,23.0,25.400000000000002
2006-09-17,,29.400000000000002,,25.400000000000002
2006-09-18,,30.6,,24.900000000000002
2006-09-19,,28.6,22.400000000000002,25.5
2006-09-20,,29.3,,24.200000000000003
2006-09-21,,30.6,21.400000000000002,25.5
2006-09-22,,30.0,,25.3
2006-09-23,,29.400000000000002,,25.5
2006-09-24,,29.400000000000002,23.400000000000002,25.900000000000002
2006-09-25,,29.5,,25.200000000000003
2006-09-26,,30.6,21.200000000000003,25.900000000000002
2006-09-27,,30.8,,25.1
2006-09-28,,30.6,20.8,25.900000000000002
2006-09-29,,29.0,,25.700000000000003
2006-09-30,,31.400000000000002,,24.8
2006-10-01,,29.0,,24.5
2006-10-02,,30.400000000000002,19.400000000000002,25.3
2006-10-03,,29.200000000000003,19.400000000000002,25.1
2006-10-04,,30.0,21.200000000000003,26.1
2006-10-05,,30.200000000000003,22.0,25.8
2006-10-06,,31.6,,25.8
2006-10-07,,30.8,20.0,25.200000000000003
2006-10-08,,30.400000000000002,21.6,25.700000000000003
2006-10-09,,30.400000000000002,21.8,25.700000000000003
2006-10-10,,32.2,22.400000000000002,27.700000000000003
2006-10-11,,31.8,,26.200000000000003
2006-10-12,,31.0,21.400000000000002,26.5
2006-10-13,,31.400000000000002,,25.900000000000002
2006-10-16,,32.0,21.400000000000002,26.400000000000002
2006-10-17,,31.8,22.200000000000003,26.3
2006-10-18,,,22.200000000000003,26.900000000000002
2006-10-19,,33.2,23.0,27.3
2006-10-20,,33.0,23.400000000000002,27.1
2006-10-21,,33.0,21.8,26.900000000000002
2006-10-22,,30.6,,25.5
2006-10-23,,32.6,21.200000000000003,26.400000000000002
2006-10-24,,31.0,22.400000000000002,26.900000000000002
2006-10-25,,32.4,,25.700000000000003
2006-10-30,,32.4,20.6,28.200000000000003
2006-10-31,,,21.0,29.200000000000003
2006-11-01,,32.4,22.0,28.0
2006-11-04,,32.6,,25.700000000000003
2006-11-08,,31.6,23.0,27.900000000000002
2006-11-12,,,,25.6
2006-11-14,,,23.400000000000002,29.900000000000002
2006-11-16,,32.4,,25.400000000000002
2006-11-20,,31.8,23.0,27.900000000000002
2006-11-24,,32.4,,24.8
2006-11-25,,,24.400000000000002,29.900000000000002
2006-11-26,,,23.400000000000002,29.1
2006-11-27,,32.6,,28.900000000000002
2006-11-28,,,22.400000000000002,28.3
2006-12-06,,,,27.6
2006-12-07,,33.6,23.6,28.6
2006-12-08,,33.4,24.6,29.3
2006-12-09,,34.800000000000004,,28.700000000000003
2006-12-10,,33.800000000000004,24.400000000000002,29.200000000000003
2006-12-11,,,25.8,29.6
2006-12-12,,,24.8,28.0
2006-12-13,,32.800000000000004,24.8,29.3
2006-12-14,,34.800000000000004,,27.3
2006-12-15,,30.700000000000003,24.8,27.6
2006-12-16,,32.800000000000004,,27.3
2006-12-17,,34.2,,27.400000000000002
2006-12-18,,32.6,23.200000000000003,28.900000000000002
2006-12-19,,34.6,25.400000000000002,29.200000000000003
2006-12-20,,34.4,,27.700000000000003
2006-12-21,,,23.400000000000002,28.5
2006-12-22,,33.300000000000004,23.200000000000003,28.8
2006-12-23,,34.2,25.0,29.5
2006-12-24,,34.800000000000004,25.200000000000003,28.900000000000002
2006-12-25,,33.2,25.6,29.200000000000003
2006-12-26,,32.6,25.200000000000003,29.700000000000003
2006-12-28,,34.5,,28.6
2006-12-29,,35.800000000000004,25.6,29.200000000000003
2006-12-30,,33.4,24.200000000000003,28.900000000000002
2006-12-31,,33.2,25.200000000000003,29.5
2007-01-01,,32.4,,27.1
2007-01-02,,,24.8,28.8
2007-01-03,43.2,32.4,24.400000000000002,27.3
2007-01-04,,32.0,,27.1
2007-01-05,,31.8,24.200000000000003,27.200000000000003
2007-01-06,,29.8,,26.1
2007-01-07,,30.8,23.6,27.700000000000003
2007-01-08,,32.7,24.0,28.3
2007-01-09,,32.4,,28.6
2007-01-10,,,24.6,31.6
2007-01-11,,33.0,24.400000000000002,27.400000000000002
2007-01-12,,33.0,,28.0
2007-01-13,,32.0,23.400000000000002,29.400000000000002
2007-01-14,,32.6,,29.3
2007-01-15,,33.4,24.0,27.400000000000002
2007-01-16,,,24.0,29.1
2007-01-17,,33.2,24.8,28.1
2007-01-18,,33.4,24.6,28.3
2007-01-19,,33.800000000000004,24.200000000000003,28.200000000000003
2007-01-20,,,24.6,29.6
2007-01-21,,32.4,25.0,28.1
2007-01-22,,32.800000000000004,25.400000000000002,28.8
2007-01-23,,33.0,25.0,27.3
2007-01-24,,31.700000000000003,,27.900000000000002
2007-01-25,,30.0,,26.6
2007-01-26,,,24.0,28.400000000000002
2007-01-27,,31.0,25.0,27.3
2007-01-28,,32.0,25.0,27.8
2007-01-29,,30.0,24.8,27.700000000000003
2007-01-30,,31.6,25.0,28.1
2007-01-31,,32.6,24.8,28.1
2007-02-01,,32.0,25.0,28.400000000000002
2007-02-02,,32.4,,27.200000000000003
2007-02-03,,32.4,24.400000000000002,28.200000000000003
2007-02-04,,,24.200000000000003,27.200000000000003
2007-02-05,,32.0,24.6,28.5
2007-02-06,,32.0,25.200000000000003,28.900000000000002
2007-02-07,,31.8,,28.8
2007-02-08,,31.400000000000002,,27.3
2007-02-09,,,,28.3
2007-02-10,,32.4,23.6,29.1
2007-02-11,,32.0,23.8,28.200000000000003
2007-02-12,,31.6,,27.700000000000003
2007-02-13,,32.0,23.8,28.400000000000002
2007-02-14,,32.0,24.6,28.8
2007-02-15,,32.4,25.200000000000003,27.6
2007-02-16,,33.800000000000004,24.400000000000002,28.1
2007-02-17,,,,24.400000000000002
2007-02-18,,31.0,,26.900000000000002
2007-02-19,,30.400000000000002,23.6,27.3
2007-02-20,,30.6,24.200000000000003,27.0
2007-02-21,,,,27.3
2007-02-22,,,24.400000000000002,28.8
2007-02-23,,31.400000000000002,25.0,27.400000000000002
2007-02-24,,31.200000000000003,,26.6
2007-02-25,,31.5,23.8,26.8
2007-02-26,,30.8,24.400000000000002,27.700000000000003
2007-02-27,,29.0,23.400000000000002,25.900000000000002
2007-02-28,,,23.6,27.6
2007-03-01,,32.800000000000004,24.200000000000003,28.700000000000003
2007-03-02,,32.0,24.400000000000002,28.0
2007-03-03,,,,28.6
2007-03-04,,29.0,23.400000000000002,25.3
2007-03-05,,28.6,23.8,25.900000000000002
2007-03-06,,30.6,24.0,26.400000000000002
2007-03-07,,,24.200000000000003,25.700000000000003
2007-03-08,,,23.8,27.900000000000002
2007-03-09,,,24.0,28.0
2007-03-10,,31.400000000000002,25.400000000000002,28.6
2007-03-11,,29.400000000000002,,26.700000000000003
2007-03-12,,,23.400000000000002,26.3
2007-03-13,,31.8,24.0,28.8
2007-03-14,,31.0,24.400000000000002,27.200000000000003
2007-03-15,,30.200000000000003,,26.0
2007-03-16,,30.400000000000002,23.400000000000002,27.200000000000003
2007-03-17,,30.0,24.8,27.200000000000003
2007-03-18,,30.0,,26.3
2007-03-20,,31.6,,28.3
2007-03-21,,28.400000000000002,24.400000000000002,25.8
2007-03-22,,30.400000000000002,24.8,27.400000000000002
2007-03-23,,31.0,24.8,27.8
2007-03-24,,28.8,,26.3
2007-03-25,,29.200000000000003,24.400000000000002,26.900000000000002
2007-03-26,,32.0,24.200000000000003,28.3
2007-03-27,,32.0,24.400000000000002,27.8
2007-03-28,,30.6,,26.5
2007-03-29,,31.200000000000003,24.0,27.6
2007-03-30,,,23.6,28.0
2007-03-31,,,24.400000000000002,26.900000000000002
2007-04-01,,31.400000000000002,,26.400000000000002
2007-04-02,,33.0,23.6,28.5
2007-04-03,,32.0,,27.8
2007-04-04,,,23.6,28.8
2007-04-05,,33.2,,27.900000000000002
2007-04-06,,30.5,,25.900000000000002
2007-04-07,,30.8,,27.0
2007-04-08,,,23.8,27.700000000000003
2007-04-09,,32.0,24.3,27.400000000000002
2007-04-10,,26.8,,25.200000000000003
2007-04-11,,30.6,23.6,27.3
2007-04-12,,30.0,24.400000000000002,27.1
2007-04-13,,30.8,24.0,27.200000000000003
2007-04-14,,33.800000000000004,24.8,28.400000000000002
2007-04-15,,30.8,25.200000000000003,27.6
2007-04-16,,,25.200000000000003,27.700000000000003
2007-04-17,,30.0,,26.200000000000003
2007-04-18,,30.0,24.0,26.1
2007-04-19,,32.4,,27.400000000000002
2007-04-20,,,23.400000000000002,27.700000000000003
2007-04-21,,31.8,23.6,27.400000000000002
2007-04-22,,32.0,,27.200000000000003
2007-04-23,,32.0,22.8,27.200000000000003
2007-04-24,,,23.200000000000003,28.1
2007-04-25,,,23.400000000000002,28.1
2007-04-26,,31.0,,27.5
2007-04-27,,30.6,23.200000000000003,26.900000000000002
2007-04-28,,31.6,23.8,27.400000000000002
2007-04-29,,31.6,24.400000000000002,28.1
2007-04-30,,31.6,26.0,28.1
2007-05-01,,30.400000000000002,25.200000000000003,28.1
2007-05-02,,28.0,24.6,26.1
2007-05-03,,32.0,24.400000000000002,27.900000000000002
2007-05-04,,31.6,24.0,27.400000000000002
2007-05-05,,30.400000000000002,,27.0
2007-05-06,,30.200000000000003,,26.6
2007-05-07,,31.0,23.6,26.900000000000002
2007-05-08,,31.0,24.0,27.3
2007-05-09,,27.8,23.6,25.3
2007-05-10,,30.0,,26.5
2007-05-11,,,22.8,27.8
2007-05-12,,33.0,,27.3
2007-05-13,,31.8,22.6,27.200000000000003
2007-05-14,,32.800000000000004,23.0,28.1
2007-05-15,,31.400000000000002,23.700000000000003,27.200000000000003
2007-05-16,,30.5,,26.5
2007-05-17,,32.2,23.6,28.1
2007-05-18,,,24.8,27.6
2007-05-19,,30.8,23.6,26.400000000000002
2007-05-20,,30.5,,26.5
2007-05-21,,30.0,,25.900000000000002
2007-05-22,,29.8,22.6,26.8
2007-05-23,,32.2,23.400000000000002,27.8
2007-05-24,,31.900000000000002,,27.400000000000002
2007-05-25,,32.0,,27.3
2007-05-26,,,24.0,27.900000000000002
2007-05-27,,31.0,23.6,27.6
2007-05-28,,31.700000000000003,,27.200000000000003
2007-05-29,,31.200000000000003,23.400000000000002,27.1
2007-05-30,,31.6,23.6,28.0
2007-05-31,,,24.0,27.6
2007-06-01,,31.0,24.200000000000003,26.700000000000003
2007-06-02,,30.8,24.0,26.5
2007-06-03,,31.200000000000003,24.400000000000002,27.0
2007-06-04,,30.6,24.0,27.400000000000002
2007-06-05,,32.0,,27.5
2007-06-06,,30.8,23.8,27.200000000000003
2007-06-07,,31.200000000000003,,27.200000000000003
2007-06-08,,29.400000000000002,,26.5
2007-06-09,,29.900000000000002,23.6,26.1
2007-06-10,,29.8,24.400000000000002,26.3
2007-06-11,,,23.400000000000002,26.700000000000003
2007-06-12,,29.8,23.6,27.1
2007-06-13,,29.400000000000002,,25.8
2007-06-14,,29.400000000000002,,27.1
2007-06-15,,30.400000000000002,,27.0
2007-06-16,,31.8,24.400000000000002,27.0
2007-06-17,,31.6,24.8,27.900000000000002
2007-06-18,,31.400000000000002,,27.200000000000003
2007-06-19,,32.0,24.400000000000002,27.6
2007-06-20,,,25.0,27.1
2007-06-21,,31.200000000000003,25.0,27.200000000000003
2007-06-22,7.1000000000000005,,25.400000000000002,27.400000000000002
2007-06-23,,31.0,,27.1
2007-06-24,,31.400000000000002,24.400000000000002,26.900000000000002
2007-06-25,,30.8,24.8,26.400000000000002
2007-06-26,,27.200000000000003,,24.900000000000002
2007-06-27,,27.0,,24.900000000000002
2007-06-28,,27.0,22.6,24.700000000000003
2007-06-29,,28.6,,25.1
2007-06-30,,27.200000000000003,,23.6
2007-07-01,,,19.6,25.0
2007-07-02,,29.0,,24.3
2007-07-03,,29.0,20.200000000000003,24.900000000000002
2007-07-04,,27.400000000000002,,23.6
2007-07-05,,28.400000000000002,19.400000000000002,24.200000000000003
2007-07-06,,27.400000000000002,,23.3
2007-07-07,,27.5,20.200000000000003,24.8
2007-07-08,,27.6,,24.6
2007-07-09,,27.8,22.0,24.3
2007-07-10,,27.8,21.0,24.5
2007-07-11,,27.1,22.200000000000003,24.0
2007-07-12,,27.6,22.0,24.6
2007-07-13,,,,24.6
2007-07-14,,,21.6,24.900000000000002
2007-07-15,,30.0,,24.900000000000002
2007-07-16,,28.8,21.8,24.8
2007-07-17,,29.200000000000003,23.0,24.5
2007-07-18,,29.200000000000003,,25.1
2007-07-19,,27.0,22.0,24.6
2007-07-20,,27.400000000000002,22.0,24.700000000000003
2007-07-21,,28.8,,25.200000000000003
2007-07-22,,,22.0,25.400000000000002
2007-07-23,,29.3,22.8,24.900000000000002
2007-07-24,,29.200000000000003,21.8,24.900000000000002
2007-07-25,,,23.0,24.8
2007-07-26,,,,26.1
2007-07-27,,30.1,22.0,25.400000000000002
2007-07-28,,30.400000000000002,21.400000000000002,26.3
2007-07-29,,31.400000000000002,,24.900000000000002
2007-07-30,,29.200000000000003,20.0,24.6
2007-07-31,,29.700000000000003,20.400000000000002,24.8
2007-08-01,,27.8,20.400000000000002,25.1
2007-08-02,,28.8,,24.700000000000003
2007-08-03,,28.8,20.200000000000003,25.1
2007-08-04,,29.1,,25.400000000000002
2007-08-05,,28.200000000000003,22.0,25.700000000000003
2007-08-06,,30.0,,24.8
2007-08-07,,28.0,21.200000000000003,24.400000000000002
2007-08-08,,29.400000000000002,21.400000000000002,25.3
2007-08-09,,27.400000000000002,21.400000000000002,25.0
2007-08-10,,30.0,22.8,25.900000000000002
2007-08-11,,28.0,22.8,25.1
2007-08-12,,30.200000000000003,22.6,25.900000000000002
2007-08-13,,27.400000000000002,22.400000000000002,25.6
2007-08-14,,30.0,23.6,25.8
2007-08-15,,29.0,23.400000000000002,26.1
2007-08-16,,29.200000000000003,,26.3
2007-08-17,,28.400000000000002,22.8,25.900000000000002
2007-08-18,,30.0,,26.200000000000003
2007-08-19,,30.6,23.0,26.1
2007-08-20,,27.6,,25.3
2007-08-21,,28.8,23.400000000000002,26.700000000000003
2007-08-22,,29.0,,24.900000000000002
2007-08-23,,29.0,22.6,25.5
2007-08-24,,28.3,,25.200000000000003
2007-08-25,,29.200000000000003,,25.400000000000002
2007-08-26,,31.0,,25.6
2007-08-27,,31.400000000000002,21.6,26.0
2007-08-29,,29.400000000000002,,25.3
2007-08-30,,29.8,,25.700000000000003
2007-08-31,,30.0,22.200000000000003,25.5
2007-09-01,,,24.200000000000003,26.0
2007-09-02,,30.400000000000002,23.8,26.1
2007-09-03,,30.400000000000002,24.0,26.0
2007-09-04,,29.6,23.200000000000003,26.0
2007-09-05,,28.6,,25.5
2007-09-06,,30.200000000000003,22.6,25.6
2007-09-07,,30.0,,24.8
2007-09-08,,,21.0,25.8
2007-09-09,,29.5,,25.8
2007-09-10,,30.400000000000002,18.8,24.900000000000002
2007-09-11,,31.0,19.400000000000002,25.400000000000002
2007-09-12,,31.0,,23.700000000000003
2007-09-13,,31.700000000000003,,25.8
2007-09-14,,29.8,18.2,25.700000000000003
2007-09-15,,30.200000000000003,,24.900000000000002
2007-09-16,,28.8,22.3,25.5
2007-09-17,,32.800000000000004,,27.400000000000002
2007-09-18,,30.6,22.8,26.3
2007-09-19,,,23.0,26.900000000000002
2007-09-20,,31.0,23.8,26.6
2007-09-21,,31.0,23.8,26.900000000000002
2007-09-22,,29.0,,26.3
2007-09-23,,30.400000000000002,23.200000000000003,26.200000000000003
2007-09-24,,31.400000000000002,,26.200000000000003
2007-09-25,,33.2,,26.400000000000002
2007-09-26,,31.200000000000003,18.8,25.5
2007-09-27,,31.0,20.0,26.1
2007-09-28,,29.0,21.0,25.700000000000003
2007-09-29,,29.400000000000002,22.200000000000003,26.200000000000003
2007-09-30,,28.6,22.6,25.700000000000003
2007-10-01,0.5,30.200000000000003,22.400000000000002,26.6
2007-10-02,,29.6,23.8,26.0
2007-10-03,,,23.8,27.8
2007-10-04,,33.6,25.0,27.900000000000002
2007-10-05,,32.4,24.200000000000003,27.900000000000002
2007-10-06,,31.8,23.400000000000002,27.200000000000003
2007-10-07,,31.400000000000002,,27.200000000000003
2007-10-08,,,,26.900000000000002
2007-10-09,,32.4,22.8,27.900000000000002
2007-10-10,,31.8,22.8,27.200000000000003
2007-10-11,,28.200000000000003,18.6,24.900000000000002
2007-10-12,,31.0,23.200000000000003,27.6
2007-10-13,,31.0,24.200000000000003,27.700000000000003
2007-10-14,,30.400000000000002,,27.400000000000002
2007-10-15,,,,26.900000000000002
2007-10-16,,32.6,22.400000000000002,27.400000000000002
2007-10-17,,32.300000000000004,23.0,27.8
2007-10-18,,32.800000000000004,23.200000000000003,27.5
2007-10-19,,34.0,23.400000000000002,27.900000000000002
2007-10-20,,33.800000000000004,,27.8
2007-10-21,,32.9,22.6,27.400000000000002
2007-10-22,,32.0,22.400000000000002,27.1
2007-10-23,,31.400000000000002,22.700000000000003,27.3
2007-10-24,,31.0,23.200000000000003,27.200000000000003
2007-10-25,,32.4,24.0,28.1
2007-10-26,,30.400000000000002,25.400000000000002,27.0
2007-10-27,,31.200000000000003,,27.8
2007-10-28,,27.8,23.0,24.700000000000003
2007-10-30,,32.4,,25.400000000000002
2007-10-31,,32.4,,27.6
2007-11-01,,33.4,23.0,27.6
2007-11-02,,32.0,23.0,27.8
2007-11-03,,31.400000000000002,,26.900000000000002
2007-11-04,,32.4,,26.900000000000002
2007-11-05,,30.6,,27.1
2007-11-06,,,23.0,27.1
2007-11-07,,31.6,23.200000000000003,28.3
2007-11-08,,31.8,,27.1
2007-11-09,,33.2,23.400000000000002,28.8
2007-11-10,,30.200000000000003,23.6,26.3
2007-11-11,,32.2,24.0,27.0
2007-11-12,,32.6,,28.0
2007-11-13,,31.0,23.6,27.6
2007-11-14,,31.0,24.8,26.200000000000003
2007-11-15,,31.0,24.6,28.1
2007-11-16,,31.6,24.400000000000002,28.400000000000002
2007-11-17,,31.6,24.400000000000002,27.700000000000003
2007-11-18,,31.6,24.200000000000003,28.1
2007-11-19,,31.0,24.8,27.700000000000003
2007-11-20,,,25.400000000000002,27.8
2007-11-21,,,,26.8
2007-11-22,,32.5,,28.200000000000003
2007-11-23,,,23.3,27.8
2007-11-24,,33.4,24.0,28.700000000000003
2007-11-25,,33.2,,28.200000000000003
2007-11-26,,31.8,23.0,27.3
2007-11-27,,32.6,23.8,27.900000000000002
2007-11-28,,33.0,24.0,27.8
2007-11-29,,31.8,24.6,28.1
2007-11-30,,,24.200000000000003,27.900000000000002
2007-12-01,,32.4,,28.700000000000003
2007-12-02,,33.0,24.6,29.900000000000002
2007-12-03,,32.6,25.400000000000002,28.3
2007-12-04,,32.9,,27.5
2007-12-05,,33.0,23.8,29.1
2007-12-06,,32.6,24.200000000000003,28.700000000000003
2007-12-07,,,24.200000000000003,29.200000000000003
2007-12-08,,,,28.700000000000003
2007-12-09,,33.4,24.6,28.700000000000003
2007-12-10,,34.4,,28.5
2007-12-11,,33.2,24.0,28.900000000000002
2007-12-12,,33.800000000000004,24.6,29.8
2007-12-13,,33.2,,28.0
2007-12-14,,33.0,23.400000000000002,28.6
2007-12-15,,34.0,24.3,29.200000000000003
2007-12-16,,,24.200000000000003,27.6
2007-12-17,,34.300000000000004,24.6,29.400000000000002
2007-12-18,,32.6,,28.1
2007-12-19,,31.200000000000003,24.6,27.200000000000003
2007-12-20,,34.0,24.5,29.400000000000002
2007-12-21,,35.4,24.200000000000003,28.400000000000002
2007-12-22,,33.0,24.200000000000003,28.6
2007-12-23,,33.4,24.0,28.5
2007-12-24,,30.0,24.200000000000003,26.3
2007-12-25,,,,28.200000000000003
2007-12-26,,31.400000000000002,23.0,27.200000000000003
2007-12-27,,,24.400000000000002,29.1
2007-12-28,,29.200000000000003,,26.1
2007-12-29,,33.0,24.0,27.900000000000002
2007-12-30,,,24.3,27.0
2007-12-31,,32.0,24.0,27.0
2008-01-01,,32.0,24.400000000000002,26.6
2008-01-02,,30.400000000000002,24.8,25.900000000000002
2008-01-03,,29.6,,25.8
2008-01-04,,29.8,24.200000000000003,27.3
2008-01-05,,32.800000000000004,24.400000000000002,29.1
2008-01-06,,,,28.1
2008-01-07,,33.2,24.8,28.200000000000003
2008-01-08,,32.0,25.200000000000003,28.5
2008-01-09,,,,28.200000000000003
2008-01-10,,32.4,24.0,28.400000000000002
2008-01-11,,33.0,,29.1
2008-01-12,,32.4,25.0,29.0
2008-01-13,,32.4,24.200000000000003,28.3
2008-01-14,,32.2,24.8,28.3
2008-01-15,,32.4,24.6,27.5
2008-01-16,,31.8,25.0,27.400000000000002
2008-01-17,,32.6,,27.700000000000003
2008-01-18,,32.4,24.200000000000003,27.5
2008-01-19,,32.4,,26.8
2008-01-20,,31.200000000000003,24.0,26.8
2008-01-21,,31.0,24.6,26.200000000000003
2008-01-22,,32.0,,27.400000000000002
2008-01-23,,,24.200000000000003,28.900000000000002
2008-01-24,,32.6,,26.1
2008-01-25,,30.400000000000002,,27.1
2008-01-26,,32.1,23.6,28.200000000000003
2008-01-27,,32.4,24.6,28.8
2008-01-28,,32.800000000000004,24.8,28.400000000000002
2008-01-29,,32.6,,27.8
2008-01-30,,33.800000000000004,24.400000000000002,29.1
2008-01-31,,33.4,24.8,29.400000000000002
2008-02-01,,33.2,,27.900000000000002
2008-02-02,,33.2,24.6,28.6
2008-02-03,,28.400000000000002,,26.1
2008-02-04,,29.3,24.0,26.6
2008-02-05,,32.1,24.200000000000003,27.700000000000003
2008-02-06,,31.200000000000003,,27.3
2008-02-07,,31.400000000000002,,25.900000000000002
2008-02-08,,29.6,24.3,27.1
2008-02-09,,31.6,23.8,27.0
2008-02-10,,32.0,,27.6
2008-02-11,,31.0,24.5,27.200000000000003
2008-02-12,,33.800000000000004,,27.5
2008-02-13,,33.6,,27.400000000000002
2008-02-14,,31.6,24.0,27.200000000000003
2008-02-15,,33.4,25.200000000000003,28.8
2008-02-16,,31.6,,27.5
2008-02-17,,31.6,,26.8
2008-02-18,,32.0,23.900000000000002,27.6
2008-02-19,,31.400000000000002,,27.900000000000002
2008-02-20,,31.5,,27.8
2008-02-21,,,,26.8
2008-02-22,,30.0,,26.200000000000003
2008-02-23,,31.8,,26.0
2008-02-24,,32.4,22.400000000000002,26.400000000000002
2008-02-25,,32.300000000000004,24.8,26.6
2008-02-26,,31.6,24.8,27.3
2008-02-27,,31.8,,27.700000000000003
2008-02-28,,31.8,,27.700000000000003
2008-02-29,,,23.200000000000003,28.200000000000003
2008-03-01,,32.0,25.400000000000002,29.900000000000002
2008-03-02,,31.200000000000003,,26.700000000000003
2008-03-05,,31.5,23.0,29.6
2008-03-09,,28.400000000000002,23.0,25.700000000000003
2008-03-10,,32.0,23.8,28.200000000000003
2008-03-11,,31.6,24.400000000000002,27.900000000000002
2008-03-12,,32.2,,28.1
2008-03-13,,30.0,,25.700000000000003
2008-03-14,,,21.8,27.8
2008-03-15,,31.6,,26.1
2008-03-16,,31.0,24.400000000000002,27.6
2008-03-17,,,24.700000000000003,28.1
2008-03-18,,32.4,25.0,28.3
2008-03-19,,30.6,,27.400000000000002
2008-03-20,,31.8,24.0,27.6
2008-03-21,,30.0,,25.5
2008-03-22,,31.400000000000002,23.8,26.900000000000002
2008-03-23,,30.8,,27.400000000000002
2008-03-24,,31.8,,27.8
2008-03-25,,31.400000000000002,23.0,27.8
2008-03-26,,29.0,24.200000000000003,26.700000000000003
2008-03-27,,30.400000000000002,,26.6
2008-03-28,,31.0,24.0,27.0
2008-03-29,,31.0,,27.3
2008-03-30,,31.8,23.400000000000002,27.900000000000002
2008-03-31,,32.2,24.0,27.8
2008-04-01,,32.2,23.8,27.400000000000002
2008-04-02,,30.200000000000003,25.0,27.1
2008-04-05,,30.8,,26.1
2008-04-06,,31.400000000000002,,26.900000000000002
2008-04-07,,32.4,,26.900000000000002
2008-04-08,,32.0,22.0,27.400000000000002
2008-04-09,,32.6,23.400000000000002,27.400000000000002
2008-04-10,,32.2,23.8,27.200000000000003
2008-04-11,,33.0,24.0,27.6
2008-04-12,,30.6,24.0,26.400000000000002
2008-04-13,,,24.0,27.400000000000002
2008-04-14,,32.4,23.6,27.1
2008-04-15,,32.0,,26.900000000000002
2008-04-16,,27.6,,24.8
2008-04-17,,30.6,23.8,26.8
2008-04-18,,,23.8,27.1
2008-04-19,,31.200000000000003,23.6,26.400000000000002
2008-04-20,,31.6,,27.400000000000002
2008-04-21,,32.4,23.0,26.8
2008-04-22,,30.6,23.0,27.1
2008-04-23,,32.0,25.400000000000002,28.1
2008-04-24,,31.6,24.0,27.400000000000002
2008-04-25,,31.6,,27.700000000000003
2008-04-26,,31.400000000000002,,26.900000000000002
2008-04-27,,30.6,24.200000000000003,26.6
2008-04-28,,27.200000000000003,,25.400000000000002
2008-04-29,,30.6,24.0,27.0
2008-04-30,,31.700000000000003,24.400000000000002,27.8
2008-05-01,,32.4,25.0,28.3
2008-05-02,,28.8,,26.0
2008-05-03,,30.200000000000003,23.8,26.8
2008-05-04,,27.200000000000003,23.200000000000003,24.8
2008-05-05,,30.0,24.0,26.1
2008-05-06,,,,25.8
2008-05-07,,30.6,23.6,27.1
2008-05-08,,30.6,,26.8
2008-05-09,11.9,29.900000000000002,23.0,25.5
2008-05-10,,30.200000000000003,23.6,26.6
2008-05-11,,31.0,24.400000000000002,26.8
2008-05-12,,30.200000000000003,24.200000000000003,26.1
2008-05-13,,29.6,23.900000000000002,26.3
2008-05-14,,30.6,23.200000000000003,26.6
2008-05-15,,31.0,23.6,26.8
2008-05-16,,30.6,24.0,26.700000000000003
2008-05-17,,30.400000000000002,,25.900000000000002
2008-05-18,,31.0,,25.900000000000002
2008-05-19,,,,25.6
2008-05-20,,31.400000000000002,20.6,26.1
2008-05-21,,30.6,19.6,25.200000000000003
2008-05-22,,30.400000000000002,21.200000000000003,25.400000000000002
2008-05-23,,30.6,21.3,25.900000000000002
2008-05-24,,28.8,21.8,25.700000000000003
2008-05-25,,31.6,,26.8
2008-05-26,,31.6,19.6,26.3
2008-05-27,,28.6,22.400000000000002,24.5
2008-05-28,,29.8,,25.200000000000003
2008-05-29,,30.400000000000002,21.400000000000002,25.700000000000003
2008-05-30,,29.8,,26.1
2008-05-31,,30.0,22.200000000000003,26.0
2008-06-01,,28.200000000000003,,25.6
2008-06-02,,28.8,23.0,26.0
2008-06-03,,29.0,23.0,26.3
2008-06-04,,31.400000000000002,24.0,26.900000000000002
2008-06-05,,31.8,23.8,28.3
2008-06-06,,32.2,24.200000000000003,27.5
2008-06-07,,30.0,,27.1
2008-06-08,,,23.0,25.700000000000003
2008-06-09,,30.400000000000002,,26.400000000000002
2008-06-10,,29.8,,25.8
2008-06-11,,30.200000000000003,,25.8
2008-06-12,,30.400000000000002,22.400000000000002,26.1
2008-06-13,,29.8,22.0,25.1
2008-06-14,,29.1,21.8,25.3
2008-06-15,,28.0,,24.900000000000002
2008-06-16,,30.8,,25.900000000000002
2008-06-17,,30.0,21.8,25.6
2008-06-18,,29.200000000000003,22.0,25.6
2008-06-19,,32.0,22.6,26.3
2008-06-20,,,23.5,26.0
2008-06-21,,27.400000000000002,23.400000000000002,24.8
2008-06-22,,30.6,23.6,25.8
2008-06-23,,,22.8,24.900000000000002
2008-06-24,,28.0,,25.3
2008-06-25,,29.0,22.200000000000003,25.1
2008-06-26,,28.6,22.8,25.700000000000003
2008-06-27,,29.400000000000002,,25.6
2008-06-28,,29.6,22.8,25.0
2008-06-29,,28.0,,25.1
2008-06-30,,30.400000000000002,,25.3
2008-07-01,,27.0,22.0,24.400000000000002
2008-07-02,,28.8,22.0,25.0
2008-07-03,,28.200000000000003,21.400000000000002,25.0
2008-07-04,,27.6,22.8,25.6
2008-07-05,,28.6,22.6,25.6
2008-07-06,,27.8,,24.900000000000002
2008-07-07,,28.200000000000003,22.700000000000003,25.3
2008-07-08,,,21.6,24.700000000000003
2008-07-09,,27.0,22.400000000000002,24.700000000000003
2008-07-10,,27.6,22.3,24.6
2008-07-11,,26.8,22.8,24.900000000000002
2008-07-12,,29.200000000000003,23.900000000000002,26.0
2008-07-13,,29.900000000000002,23.200000000000003,26.0
2008-07-14,,28.6,23.200000000000003,25.400000000000002
2008-07-15,,27.6,,24.200000000000003
2008-07-16,,28.8,21.8,25.6
2008-07-17,,,23.0,26.1
2008-07-18,,29.6,23.3,25.700000000000003
2008-07-19,,29.8,24.0,25.700000000000003
2008-07-20,,30.6,23.900000000000002,26.200000000000003
2008-07-21,,28.0,,25.8
2008-07-22,,30.6,,26.3
2008-07-23,,29.6,24.1,26.400000000000002
2008-07-24,,28.400000000000002,,26.0
2008-07-25,,28.0,,24.900000000000002
2008-07-28,,28.6,,24.200000000000003
2008-07-29,,28.3,19.0,23.8
2008-07-30,,29.400000000000002,19.5,24.400000000000002
2008-07-31,,29.3,,23.6
2008-08-01,,28.400000000000002,19.0,23.700000000000003
2008-08-02,,28.0,21.0,24.6
2008-08-03,,28.400000000000002,22.0,24.6
2008-08-04,,30.400000000000002,,24.400000000000002
2008-08-05,,30.400000000000002,19.400000000000002,24.1
2008-08-06,,29.400000000000002,,23.700000000000003
2008-08-07,,31.0,19.200000000000003,24.8
2008-08-08,,29.200000000000003,21.400000000000002,25.8
2008-08-09,,30.400000000000002,23.400000000000002,25.400000000000002
2008-08-10,,26.0,23.400000000000002,24.6
2008-08-11,,27.400000000000002,23.6,25.3
2008-08-12,,,,24.6
2008-08-13,,27.6,23.0,24.8
2008-08-14,,28.400000000000002,22.6,25.0
2008-08-15,,26.0,,24.3
2008-08-16,0.0,27.3,23.6,25.1
2008-08-17,,,,25.8
2008-08-18,,,23.200000000000003,25.1
2008-08-19,,29.6,,25.3
2008-08-20,,30.400000000000002,23.200000000000003,25.900000000000002
2008-08-21,,28.1,23.200000000000003,25.1
2008-08-22,,28.400000000000002,23.200000000000003,25.5
2008-08-23,,30.5,24.0,26.5
2008-08-24,,28.6,24.3,26.200000000000003
2008-08-25,,31.200000000000003,24.200000000000003,26.6
2008-08-26,,30.0,24.1,27.0
2008-08-27,,,23.0,25.700000000000003
2008-08-28,,30.0,,26.200000000000003
2008-08-29,,30.6,23.6,26.8
2008-08-30,,30.400000000000002,24.8,27.200000000000003
2008-08-31,,,,27.200000000000003
2008-09-01,,30.6,22.0,27.1
2008-09-02,,30.400000000000002,,25.8
2008-09-03,,30.0,22.8,25.8
2008-09-04,,29.400000000000002,22.8,26.0
2008-09-05,,29.8,21.6,25.8
2008-09-06,,29.0,23.0,26.200000000000003
2008-09-07,,31.0,24.200000000000003,26.700000000000003
2008-09-08,,30.6,,26.3
2008-09-09,,32.2,23.0,26.700000000000003
2008-09-10,,32.2,23.400000000000002,26.900000000000002
2008-09-11,,30.400000000000002,22.3,26.0
2008-09-12,,30.0,22.400000000000002,26.700000000000003
2008-09-13,,,23.0,26.900000000000002
2008-09-14,,29.400000000000002,23.6,26.3
2008-09-15,,29.0,,25.200000000000003
2008-09-16,,31.6,22.0,26.900000000000002
2008-09-17,,30.400000000000002,22.400000000000002,26.900000000000002
2008-09-18,,31.400000000000002,,26.200000000000003
2008-09-19,,30.6,21.8,25.6
2008-09-20,,30.8,,26.200000000000003
2008-09-21,,30.200000000000003,,25.700000000000003
2008-09-22,,29.200000000000003,22.400000000000002,26.700000000000003
2008-09-23,,32.4,23.8,26.8
2008-09-24,,31.0,,26.5
2008-09-25,,30.6,,26.1
2008-09-26,,31.0,20.8,26.900000000000002
2008-09-27,,31.6,23.200000000000003,26.6
2008-09-28,,30.6,22.0,26.5
2008-09-29,,30.400000000000002,23.0,27.200000000000003
2008-09-30,,31.700000000000003,23.6,27.400000000000002
2008-10-01,,30.6,,26.3
2008-10-02,,30.8,21.8,27.1
2008-10-03,,32.800000000000004,22.400000000000002,27.6
2008-10-04,,31.200000000000003,24.0,27.5
2008-10-05,,33.6,,27.400000000000002
2008-10-06,,33.0,,27.6
2008-10-07,,,22.6,27.400000000000002
2008-10-08,,,22.0,27.200000000000003
2008-10-09,,30.8,24.200000000000003,28.3
2008-10-10,,32.2,,26.3
2008-10-11,,33.0,23.200000000000003,27.400000000000002
2008-10-12,,32.300000000000004,23.400000000000002,27.1
2008-10-13,,30.6,24.8,27.8
2008-10-14,,32.0,24.8,27.200000000000003
2008-10-15,,32.2,,25.3
2008-10-16,,32.300000000000004,23.0,26.8
2008-10-17,,32.6,24.400000000000002,27.3
2008-10-18,,31.400000000000002,,27.400000000000002
2008-10-19,,29.6,23.200000000000003,26.400000000000002
2008-10-20,,30.0,,27.0
2008-10-21,,30.6,24.6,27.3
2008-10-22,,31.0,24.400000000000002,27.3
2008-10-23,,31.8,24.8,27.700000000000003
2008-10-24,,,24.0,26.900000000000002
2008-10-25,,32.0,24.200000000000003,27.400000000000002
2008-10-26,,33.0,,27.8
2008-10-27,,33.800000000000004,23.200000000000003,28.1
2008-10-28,,31.400000000000002,23.200000000000003,27.6
2008-10-29,,31.6,23.0,27.400000000000002
2008-10-30,,31.3,,25.400000000000002
2008-10-31,,,,26.3
2008-11-03,,,22.3,27.3
2008-11-04,,32.4,24.400000000000002,27.6
2008-11-05,,31.6,24.6,27.700000000000003
2008-11-06,,30.8,,28.200000000000003
2008-11-07,,,,27.5
2008-11-08,,31.400000000000002,24.6,27.700000000000003
2008-11-09,,32.300000000000004,,26.5
2008-11-10,,31.6,,26.6
2008-11-11,,32.6,,27.700000000000003
2008-11-12,,33.0,23.8,28.200000000000003
2008-11-13,,,23.6,28.200000000000003
2008-11-14,,32.7,23.8,29.0
2008-11-15,,32.800000000000004,25.3,28.8
2008-11-16,,32.0,,27.0
2008-11-17,,,,26.700000000000003
2008-11-18,,31.6,24.0,28.3
2008-11-19,,32.4,,27.700000000000003
2008-11-20,,,24.3,29.1
2008-11-21,,32.6,24.200000000000003,29.0
2008-11-22,,32.800000000000004,,29.1
2008-11-23,,33.2,23.8,29.1
2008-11-24,,33.6,25.6,29.700000000000003
2008-11-25,,33.0,25.6,29.3
2008-11-26,,33.2,,27.200000000000003
2008-11-27,,33.0,24.700000000000003,29.400000000000002
2008-11-28,,31.3,,27.3
2008-11-29,,,25.0,28.200000000000003
2008-12-01,,28.6,24.6,26.200000000000003
2008-12-02,,32.0,24.5,28.700000000000003
2008-12-03,,,24.400000000000002,27.1
2008-12-04,,31.3,24.6,27.900000000000002
2008-12-05,,,25.0,27.6
2008-12-06,,31.6,,27.200000000000003
2008-12-07,,31.8,24.900000000000002,28.200000000000003
2008-12-08,,,,28.1
2008-12-09,,33.2,24.8,29.200000000000003
2008-12-10,,33.0,,26.400000000000002
2008-12-11,,32.4,23.8,27.3
2008-12-12,,,,29.0
2008-12-13,,,25.0,28.900000000000002
2008-12-14,,31.3,,27.1
2008-12-15,,32.2,24.8,27.900000000000002
2008-12-16,,31.6,,27.5
2008-12-17,,31.8,,25.700000000000003
2008-12-18,,,23.6,27.200000000000003
2008-12-19,,28.400000000000002,24.6,26.3
2008-12-20,,28.0,,25.8
2008-12-21,,32.800000000000004,,27.5
2008-12-22,,32.2,,24.900000000000002
2008-12-23,,,23.400000000000002,27.6
2008-12-24,,34.4,24.8,28.900000000000002
2008-12-25,,32.4,25.0,28.0
2008-12-26,,31.200000000000003,,27.6
2008-12-27,,31.8,,27.8
2008-12-28,,31.0,24.6,27.3
2008-12-29,,30.5,24.400000000000002,27.5
2008-12-30,,34.0,24.6,29.5
2008-12-31,,30.6,,26.400000000000002
2009-01-01,,,,29.1
2009-01-02,,30.8,24.6,27.1
2009-01-03,,34.0,24.400000000000002,30.1
2009-01-04,,31.400000000000002,,27.0
2009-01-05,,33.4,,28.0
2009-01-06,,32.2,,26.6
2009-01-07,,,,27.1
2009-01-08,,33.4,,27.6
2009-01-09,,28.6,23.0,25.700000000000003
2009-01-10,,31.400000000000002,24.200000000000003,27.8
2009-01-11,,,25.1,29.1
2009-01-12,,,25.0,29.0
2009-01-13,,,25.8,31.1
2009-01-14,,,,27.200000000000003
2009-01-15,,30.6,,27.1
2009-01-16,,32.0,,27.700000000000003
2009-01-17,,,24.8,27.1
2009-01-18,,31.3,24.400000000000002,27.900000000000002
2009-01-19,,32.4,25.0,28.400000000000002
2009-01-20,,,,27.200000000000003
2009-01-21,,32.2,,28.1
2009-01-22,,31.8,,24.0
2009-01-23,,32.4,22.200000000000003,28.0
2009-01-24,,,,27.700000000000003
2009-01-25,,32.800000000000004,23.8,29.5
2009-01-26,,,,26.200000000000003
2009-01-27,,31.700000000000003,24.0,28.1
2009-01-28,,32.0,24.200000000000003,28.8
2009-01-29,,,,26.6
2009-01-30,,32.4,24.200000000000003,27.8
2009-01-31,,32.0,,25.200000000000003
2009-02-01,,32.300000000000004,23.0,27.900000000000002
2009-02-02,,32.2,,27.1
2009-02-03,,31.6,24.200000000000003,27.400000000000002
2009-02-04,,30.400000000000002,24.8,27.3
2009-02-05,,30.400000000000002,,26.0
2009-02-06,,30.400000000000002,23.400000000000002,25.8
2009-02-07,,32.0,24.0,26.3
2009-02-08,,31.6,24.400000000000002,27.200000000000003
2009-02-09,,33.800000000000004,,28.200000000000003
2009-02-10,,32.4,24.8,27.5
2009-02-11,,33.0,,28.1
2009-02-12,,30.0,23.0,26.6
2009-02-13,,32.0,25.200000000000003,28.6
2009-02-14,,31.200000000000003,,26.900000000000002
2009-02-15,,28.200000000000003,24.0,25.900000000000002
2009-02-16,,31.5,24.0,27.6
2009-02-17,,28.0,,25.700000000000003
2009-02-18,,,23.400000000000002,25.6
2009-02-19,,31.8,24.200000000000003,27.8
2009-02-20,,32.0,24.200000000000003,26.900000000000002
2009-02-21,,31.400000000000002,24.0,27.0
2009-02-22,,31.6,,26.700000000000003
2009-02-23,,32.0,23.8,27.8
2009-02-24,,33.0,24.8,27.8
2009-02-25,,32.0,25.0,27.200000000000003
2009-02-26,,29.900000000000002,,26.200000000000003
2009-02-27,,31.6,24.200000000000003,29.8
2009-02-28,,31.8,,27.8
2009-03-01,,31.400000000000002,24.6,27.8
2009-03-02,,29.8,,27.6
2009-03-03,,30.0,24.0,25.900000000000002
2009-03-04,,30.6,24.200000000000003,28.1
2009-03-05,,31.6,25.400000000000002,28.3
2009-03-06,,31.400000000000002,25.0,27.8
2009-03-07,,31.400000000000002,,26.700000000000003
2009-03-08,,,24.0,27.3
2009-03-09,,31.3,24.200000000000003,27.8
2009-03-10,,30.200000000000003,25.400000000000002,27.200000000000003
2009-03-11,,31.400000000000002,,27.6
2009-03-12,,30.400000000000002,,26.900000000000002
2009-03-13,,30.200000000000003,24.400000000000002,27.400000000000002
2009-03-14,,31.0,24.8,26.1
2009-03-15,,31.400000000000002,,28.700000000000003
2009-03-16,,28.200000000000003,,26.5
2009-03-17,,,,26.3
2009-03-18,,31.0,23.6,27.200000000000003
2009-03-19,,31.0,24.0,27.700000000000003
2009-03-20,,29.400000000000002,,26.400000000000002
2009-03-21,,28.8,22.0,25.8
2009-03-22,,,24.200000000000003,28.0
2009-03-23,,31.3,24.0,27.700000000000003
2009-03-24,,31.5,,26.400000000000002
2009-03-25,,31.6,23.400000000000002,26.700000000000003
2009-03-26,,31.8,24.400000000000002,27.6
2009-03-27,,31.400000000000002,,26.3
2009-03-28,,31.400000000000002,23.8,26.400000000000002
2009-03-29,,32.300000000000004,24.0,27.8
2009-03-30,,30.200000000000003,,26.1
2009-03-31,,31.0,23.400000000000002,27.700000000000003
2009-04-01,,32.6,,28.1
2009-04-02,,33.0,22.3,27.3
2009-04-03,,32.300000000000004,22.8,27.8
2009-04-04,,32.0,,27.3
2009-04-05,,31.400000000000002,,27.0
2009-04-06,,31.200000000000003,22.8,27.5
2009-04-07,,,23.200000000000003,28.400000000000002
2009-04-08,,33.800000000000004,25.0,28.8
2009-04-09,,,,28.900000000000002
2009-04-10,,32.800000000000004,24.200000000000003,28.200000000000003
2009-04-11,,33.2,,28.5
2009-04-12,,34.0,24.0,29.8
2009-04-13,,34.0,25.400000000000002,29.6
2009-04-17,,,24.400000000000002,26.3
2009-04-18,,32.0,24.6,27.900000000000002
2009-04-19,,30.8,,27.6
2009-04-20,,29.8,,25.3
2009-04-21,,31.6,23.400000000000002,28.400000000000002
2009-04-22,,31.400000000000002,,27.700000000000003
2009-04-23,,32.0,24.400000000000002,27.200000000000003
2009-04-24,,26.0,,24.6
2009-04-25,,30.6,23.0,27.200000000000003
2009-04-26,,,23.6,27.3
2009-04-27,,31.200000000000003,23.6,27.400000000000002
2009-04-28,,31.200000000000003,23.8,27.8
2009-04-29,,31.400000000000002,25.0,27.6
2009-04-30,,31.8,24.900000000000002,28.1
2009-05-01,,33.6,,27.5
2009-05-02,,29.200000000000003,,25.6
2009-05-03,,32.0,23.8,27.3
2009-05-04,,33.2,23.6,27.900000000000002
2009-05-05,,32.6,,26.5
2009-05-06,,32.4,24.0,27.1
2009-05-07,,29.200000000000003,,24.400000000000002
2009-05-08,,31.200000000000003,22.6,26.900000000000002
2009-05-09,,32.800000000000004,23.8,28.0
2009-05-10,,,,27.200000000000003
2009-05-11,,32.800000000000004,23.8,27.0
2009-05-12,,31.200000000000003,,27.200000000000003
2009-05-13,,,24.400000000000002,27.8
2009-05-14,,30.200000000000003,,27.400000000000002
2009-05-15,,31.8,25.0,27.8
2009-05-16,,,24.0,28.200000000000003
2009-05-17,,30.0,20.8,26.900000000000002
2009-05-18,,,25.0,28.6
2009-05-23,,,,25.6
2009-05-24,,29.8,21.0,24.900000000000002
2009-05-25,,30.3,23.0,26.8
2009-05-26,,31.400000000000002,23.400000000000002,26.6
2009-05-27,,30.200000000000003,23.8,26.700000000000003
2009-05-28,,31.6,23.400000000000002,27.400000000000002
2009-05-29,,32.2,24.400000000000002,27.0
2009-05-30,,31.400000000000002,24.200000000000003,27.200000000000003
2009-05-31,,29.200000000000003,24.400000000000002,26.8
2009-06-01,,30.8,23.400000000000002,27.1
2009-06-02,,29.0,,26.200000000000003
2009-06-03,,,24.6,26.0
2009-06-04,,29.8,,26.6
2009-06-05,,29.8,24.0,25.6
2009-06-06,,29.700000000000003,24.0,26.3
2009-06-07,,31.400000000000002,,26.200000000000003
2009-06-08,,31.6,,26.8
2009-06-09,,29.0,,25.8
2009-06-10,,29.0,,25.700000000000003
2009-06-11,,29.200000000000003,22.8,26.200000000000003
2009-06-12,,29.6,24.6,26.400000000000002
2009-06-13,,30.0,,25.1
2009-06-14,,29.5,23.400000000000002,25.6
2009-06-15,,29.200000000000003,23.400000000000002,26.3
2009-06-16,,30.400000000000002,,25.700000000000003
2009-06-17,,30.200000000000003,23.3,26.3
2009-06-18,,28.400000000000002,23.8,25.8
2009-06-19,,30.8,,26.200000000000003
2009-06-20,,30.200000000000003,23.0,26.5
2009-06-21,,30.400000000000002,22.400000000000002,25.900000000000002
2009-06-22,,30.0,22.6,26.1
2009-06-23,,29.400000000000002,23.0,26.200000000000003
2009-06-24,,29.400000000000002,,25.700000000000003
2009-06-25,,30.400000000000002,22.200000000000003,26.3
2009-06-26,,31.1,23.200000000000003,27.1
2009-06-27,,30.6,,26.1
2009-06-28,,30.0,,25.6
2009-06-29,,30.200000000000003,22.0,26.400000000000002
2009-06-30,,30.0,22.8,26.700000000000003
2009-07-01,,30.6,,25.400000000000002
2009-07-02,,28.8,,24.8
2009-07-03,,29.0,20.0,24.900000000000002
2009-07-04,,29.3,21.0,25.6
2009-07-05,,31.400000000000002,,26.3
2009-07-06,,29.0,23.0,25.900000000000002
2009-07-07,,30.200000000000003,22.6,25.900000000000002
2009-07-08,,28.8,,25.6
2009-07-09,,30.400000000000002,23.400000000000002,26.3
2009-07-10,,31.0,,26.6
2009-07-11,,,,24.900000000000002
2009-07-12,,30.0,20.200000000000003,25.1
2009-07-13,,30.0,20.6,24.8
2009-07-14,,28.8,,25.3
2009-07-15,,29.200000000000003,22.0,25.3
2009-07-16,,28.400000000000002,21.8,25.400000000000002
2009-07-17,,29.400000000000002,,25.200000000000003
2009-07-18,,28.200000000000003,23.400000000000002,25.900000000000002
2009-07-19,,28.8,22.6,25.400000000000002
2009-07-20,,28.8,22.8,25.5
2009-07-21,,28.6,,25.3
2009-07-22,,31.0,23.200000000000003,26.200000000000003
2009-07-23,,30.8,22.200000000000003,25.900000000000002
2009-07-24,,29.0,23.0,25.8
2009-07-25,,31.0,,25.900000000000002
2009-07-26,,,,24.700000000000003
2009-07-27,,28.200000000000003,20.6,24.900000000000002
2009-07-28,,29.200000000000003,20.400000000000002,24.900000000000002
2009-07-29,,28.200000000000003,21.8,25.200000000000003
2009-07-30,,28.200000000000003,22.8,25.1
2009-07-31,,29.200000000000003,22.0,25.3
2009-08-01,,30.0,22.0,26.200000000000003
2009-08-02,,29.0,22.6,25.6
2009-08-03,,28.8,23.200000000000003,25.700000000000003
2009-08-04,,28.8,23.0,25.8
2009-08-05,,28.6,23.200000000000003,25.900000000000002
2009-08-06,,29.6,,24.900000000000002
2009-08-07,,30.0,,25.8
2009-08-08,,30.200000000000003,,24.200000000000003
2009-08-09,,28.0,22.0,24.6
2009-08-10,,,23.0,26.3
2009-08-11,,29.6,,25.8
2009-08-12,,30.200000000000003,21.200000000000003,25.3
2009-08-13,,31.0,22.0,26.1
2009-08-14,,30.6,,25.200000000000003
2009-08-15,,30.200000000000003,,25.0
2009-08-16,,31.6,19.6,26.400000000000002
2009-08-17,,30.5,20.6,26.200000000000003
2009-08-18,,30.6,22.8,25.1
2009-08-19,,28.400000000000002,,24.900000000000002
2009-08-20,,31.6,21.0,25.3
2009-08-21,,,20.6,25.700000000000003
2009-08-22,,32.0,,25.3
2009-08-23,,29.400000000000002,20.0,24.400000000000002
2009-08-24,,31.0,20.0,25.3
2009-08-25,,,22.0,26.6
2009-08-26,,31.6,,25.6
2009-08-27,,32.800000000000004,20.400000000000002,25.6
2009-08-28,,31.0,20.6,25.900000000000002
2009-08-29,,29.0,22.200000000000003,25.700000000000003
2009-08-30,,30.200000000000003,23.200000000000003,26.400000000000002
2009-08-31,,30.200000000000003,,25.3
2009-09-01,,30.6,20.400000000000002,25.6
2009-09-02,,33.0,21.400000000000002,26.8
2009-09-03,,33.4,22.400000000000002,27.3
2009-09-04,,32.0,,26.5
2009-09-05,,31.8,20.0,26.700000000000003
2009-09-06,,30.6,20.8,26.200000000000003
2009-09-07,,32.6,,25.6
2009-09-08,,31.8,,25.5
2009-09-09,,31.200000000000003,20.0,26.1
2009-09-10,,,21.200000000000003,26.8
2009-09-11,,31.400000000000002,22.6,26.3
2009-09-12,,33.2,22.0,27.1
2009-09-13,,33.4,22.0,27.3
2009-09-14,,31.0,,26.8
2009-09-15,,33.2,22.0,26.0
2009-09-16,,32.0,,26.3
2009-09-17,,32.4,20.8,26.8
2009-09-18,,31.6,,26.900000000000002
2009-09-19,,33.0,,26.8
2009-09-20,,32.2,22.200000000000003,26.3
2009-09-21,,32.2,22.0,25.900000000000002
2009-09-22,,30.8,22.400000000000002,27.0
2009-09-23,,33.0,,27.200000000000003
2009-09-24,,29.200000000000003,,25.400000000000002
2009-09-25,,30.0,23.0,26.700000000000003
2009-09-26,,32.6,23.400000000000002,27.5
2009-09-27,,30.200000000000003,,27.0
2009-09-28,,30.200000000000003,,26.700000000000003
2009-09-29,,,24.0,27.0
2009-09-30,,32.2,,27.6
2009-10-01,,33.4,23.200000000000003,27.700000000000003
2009-10-02,,30.6,,26.6
2009-10-03,,,23.200000000000003,27.400000000000002
2009-10-04,,30.200000000000003,,24.700000000000003
2009-10-05,,32.0,23.200000000000003,27.400000000000002
2009-10-06,,30.8,,27.3
2009-10-07,,32.2,23.6,28.200000000000003
2009-10-08,,32.2,,27.3
2009-10-09,,31.0,22.8,27.5
2009-10-10,,31.6,,27.5
2009-10-11,,32.0,22.0,27.1
2009-10-12,,32.0,,26.700000000000003
2009-10-13,,32.0,22.400000000000002,26.5
2009-10-14,,30.0,23.0,26.8
2009-10-15,,30.200000000000003,21.400000000000002,27.3
2009-10-16,,31.0,23.6,26.8
2009-10-17,,28.400000000000002,23.400000000000002,25.700000000000003
2009-10-18,,30.200000000000003,23.6,26.1
2009-10-19,,32.0,24.0,26.0
2009-10-20,,31.6,,26.8
2009-10-21,,31.400000000000002,22.200000000000003,26.3
2009-10-22,,30.200000000000003,22.8,26.5
2009-10-23,,32.2,22.200000000000003,26.700000000000003
2009-10-24,,32.0,22.200000000000003,27.0
2009-10-25,,32.0,,26.0
2009-10-26,,31.400000000000002,21.8,26.200000000000003
2009-10-27,,31.0,,26.3
2009-10-28,,31.200000000000003,20.6,26.400000000000002
2009-10-29,,30.8,21.5,26.3
2009-10-30,,,22.0,27.200000000000003
2009-10-31,,34.0,,27.0
2009-11-01,,31.0,25.0,27.6
2009-11-02,,32.2,,27.1
2009-11-03,,32.0,23.8,27.400000000000002
2009-11-04,,31.200000000000003,,27.200000000000003
2009-11-05,,33.2,24.200000000000003,27.700000000000003
2009-11-06,,34.2,,27.6
2009-11-07,,32.4,23.8,28.6
2009-11-08,,,23.6,28.700000000000003
2009-11-09,,33.4,25.200000000000003,27.900000000000002
2009-11-10,,33.800000000000004,,28.1
2009-11-11,,31.8,24.8,28.1
2009-11-12,,,24.0,27.900000000000002
2009-11-13,,32.0,24.200000000000003,27.400000000000002
2009-11-14,,32.800000000000004,,27.3
2009-11-15,,33.4,24.400000000000002,28.5
2009-11-16,,33.2,,28.3
2009-11-17,,33.2,24.0,28.200000000000003
2009-11-18,,33.0,,27.900000000000002
2009-11-19,,31.8,24.0,28.0
2009-11-20,,33.0,24.200000000000003,28.200000000000003
2009-11-21,,33.4,24.6,27.8
2009-11-22,,33.800000000000004,24.6,28.5
2009-11-23,,33.800000000000004,24.6,28.900000000000002
2009-11-24,,33.4,24.6,28.3
2009-11-25,,32.9,25.0,29.200000000000003
2009-11-26,,32.6,,26.400000000000002
2009-11-27,,29.0,24.0,26.200000000000003
2009-11-28,,32.2,,26.200000000000003
2009-11-29,,33.7,,28.900000000000002
2009-11-30,,33.6,,27.700000000000003
2009-12-01,,31.400000000000002,,28.1
2009-12-02,,,23.200000000000003,28.0
2009-12-03,,32.6,24.8,28.6
2009-12-04,,,24.8,28.700000000000003
2009-12-05,,31.200000000000003,25.0,27.6
2009-12-06,,33.0,24.200000000000003,27.900000000000002
2009-12-07,,31.0,24.8,27.200000000000003
2009-12-08,,31.0,24.400000000000002,26.8
2009-12-09,,32.4,,26.6
2009-12-10,,32.800000000000004,23.0,28.6
2009-12-11,,33.4,25.400000000000002,29.6
2009-12-12,,29.6,,24.8
2009-12-13,,33.2,23.200000000000003,27.0
2009-12-14,,32.0,24.200000000000003,28.200000000000003
2009-12-15,,33.4,24.200000000000003,29.1
2009-12-16,,33.6,24.8,29.0
2009-12-17,,,,27.900000000000002
2009-12-18,,33.800000000000004,22.0,28.0
2009-12-19,,32.800000000000004,23.0,27.700000000000003
2009-12-20,,32.6,24.200000000000003,28.3
2009-12-21,,33.4,24.400000000000002,28.900000000000002
2009-12-22,,32.4,,28.200000000000003
2009-12-23,,31.5,23.8,27.1
2009-12-24,,32.2,24.400000000000002,28.700000000000003
2009-12-25,,33.4,25.200000000000003,29.700000000000003
2009-12-26,,33.0,,27.200000000000003
2009-12-27,,33.0,24.6,29.6
2009-12-28,,33.0,,28.0
2009-12-29,,32.4,24.8,28.200000000000003
2009-12-30,,31.0,24.8,26.900000000000002
2009-12-31,,31.3,,27.1
2010-01-01,,32.800000000000004,24.6,28.400000000000002
2010-01-02,,27.400000000000002,,25.8
2010-01-03,,32.2,23.8,27.700000000000003
2010-01-04,,31.400000000000002,24.200000000000003,27.6
2010-01-05,,31.0,,27.0
2010-01-06,,32.2,23.200000000000003,27.6
2010-01-07,,30.200000000000003,,26.5
2010-01-08,,30.5,,27.1
2010-01-09,,31.0,24.200000000000003,27.3
2010-01-10,,30.200000000000003,,26.400000000000002
2010-01-11,,29.8,24.8,27.1
2010-01-12,,28.5,,25.3
2010-01-13,,31.6,,28.1
2010-01-14,,29.8,,26.1
2010-01-15,,31.8,24.400000000000002,27.3
2010-01-16,,32.0,,26.900000000000002
2010-01-17,,31.6,24.5,26.3
2010-01-18,,29.8,,25.8
2010-01-19,,31.0,24.6,27.900000000000002
2010-01-20,,32.2,,27.1
2010-01-21,,28.6,,26.0
2010-01-22,,30.0,,26.700000000000003
2010-01-23,,30.200000000000003,24.200000000000003,26.5
2010-01-24,,30.200000000000003,,26.3
2010-01-25,,29.6,,25.8
2010-01-26,,31.200000000000003,24.200000000000003,27.400000000000002
2010-01-27,,32.2,24.0,28.200000000000003
2010-01-28,,33.0,,28.700000000000003
2010-01-29,,33.6,24.8,29.3
2010-01-30,,32.2,26.0,29.0
2010-01-31,,32.800000000000004,24.8,28.200000000000003
2010-02-01,,31.5,,27.5
2010-02-02,,30.8,,27.400000000000002
2010-02-03,,29.8,,26.6
2010-02-04,,31.8,24.400000000000002,27.6
2010-02-05,,31.6,,27.8
2010-02-06,,32.2,,28.400000000000002
2010-02-07,,32.0,23.400000000000002,27.8
2010-02-08,,,25.200000000000003,28.400000000000002
2010-02-09,,32.1,,28.6
2010-02-10,,31.8,,27.700000000000003
2010-02-11,,31.400000000000002,23.400000000000002,28.400000000000002
2010-02-12,,32.0,25.0,28.700000000000003
2010-02-13,,33.4,25.6,29.3
2010-02-14,,32.800000000000004,,29.400000000000002
2010-02-15,,32.7,26.200000000000003,29.700000000000003
2010-02-16,,32.800000000000004,,28.8
2010-02-17,,33.4,25.400000000000002,29.3
2010-02-18,,32.800000000000004,25.6,28.6
2010-02-19,,33.0,24.900000000000002,29.6
2010-02-20,,32.2,,28.200000000000003
2010-02-21,,32.0,,26.900000000000002
2010-02-22,,29.0,,24.900000000000002
2010-02-23,,28.400000000000002,24.0,26.200000000000003
2010-02-24,,34.4,23.8,29.400000000000002
2010-02-25,,33.1,,27.200000000000003
2010-02-26,,30.8,24.6,27.5
2010-02-27,,34.4,24.5,29.1
2010-02-28,,33.800000000000004,25.0,30.200000000000003
2010-03-01,,32.6,,28.200000000000003
2010-03-02,,32.6,25.5,28.8
2010-03-03,,33.0,24.6,27.400000000000002
2010-03-04,,28.8,24.0,26.0
2010-03-05,,32.300000000000004,24.200000000000003,28.700000000000003
2010-03-06,,,25.400000000000002,30.0
2010-03-07,,32.2,,25.8
2010-03-08,,32.2,24.6,28.700000000000003
2010-03-09,,33.5,,28.200000000000003
2010-03-10,,31.0,,27.400000000000002
2010-03-11,,32.800000000000004,25.0,26.8
2010-03-12,,31.6,23.5,27.900000000000002
2010-03-13,,31.0,,27.400000000000002
2010-03-14,,31.200000000000003,24.0,26.900000000000002
2010-03-15,,31.400000000000002,24.400000000000002,27.900000000000002
2010-03-16,,32.2,25.400000000000002,28.5
2010-03-17,,32.0,,26.8
2010-03-18,,32.4,24.6,26.8
2010-03-19,,30.200000000000003,25.0,27.3
2010-03-20,,32.0,25.0,27.700000000000003
2010-03-21,,33.0,,27.6
2010-03-22,,33.4,24.8,28.6
2010-03-23,,31.400000000000002,,26.6
2010-03-24,,30.6,24.3,27.900000000000002
2010-03-25,,28.400000000000002,,25.6
2010-03-26,,32.4,24.6,28.200000000000003
2010-03-27,,31.6,,27.8
2010-03-28,,31.0,24.0,26.6
2010-03-29,,32.0,24.6,27.8
2010-03-30,,32.2,24.5,27.8
2010-03-31,,32.4,25.0,28.5
2010-04-01,,33.2,25.700000000000003,28.400000000000002
2010-04-02,,,,28.0
2010-04-03,,33.4,25.200000000000003,27.900000000000002
2010-04-04,,32.2,,28.200000000000003
2010-04-05,,,24.1,28.3
2010-04-06,,32.300000000000004,25.200000000000003,28.6
2010-04-07,,33.2,,27.700000000000003
2010-04-08,,32.2,23.6,27.900000000000002
2010-04-09,,31.8,24.5,27.6
2010-04-10,,32.2,25.0,27.700000000000003
2010-04-11,,31.8,25.8,28.700000000000003
2010-04-12,,32.4,26.0,29.1
2010-04-13,,32.2,,26.6
2010-04-14,,31.3,,26.8
2010-04-15,,33.4,24.6,28.700000000000003
2010-04-16,,32.800000000000004,24.900000000000002,29.1
2010-04-17,,34.2,25.200000000000003,27.8
2010-04-18,,32.300000000000004,,26.700000000000003
2010-04-19,,30.8,24.5,26.1
2010-04-20,,30.8,,26.8
2010-04-21,,30.8,,26.3
2010-04-22,,31.0,23.6,26.400000000000002
2010-04-23,,31.200000000000003,24.3,27.900000000000002
2010-04-24,,31.0,,26.5
2010-04-25,,,23.5,28.400000000000002
2010-04-26,,34.2,,28.8
2010-04-27,,,23.8,27.200000000000003
2010-04-28,,33.4,25.400000000000002,29.1
2010-04-29,,34.6,25.1,28.700000000000003
2010-04-30,,32.4,25.8,28.6
2010-05-01,3.6,32.6,,27.200000000000003
2010-05-02,,33.7,25.200000000000003,28.6
2010-05-03,,33.800000000000004,24.6,29.8
2010-05-04,,33.0,25.6,28.6
2010-05-05,,32.6,25.8,27.5
2010-05-06,,32.4,,27.700000000000003
2010-05-07,,32.4,24.1,27.900000000000002
2010-05-08,,30.0,25.6,27.400000000000002
2010-05-09,,31.400000000000002,,27.8
2010-05-10,,30.400000000000002,,27.200000000000003
2010-05-11,,32.6,25.200000000000003,28.0
2010-05-12,,30.5,,27.400000000000002
2010-05-13,,32.4,24.6,27.1
2010-05-14,,32.2,,28.3
2010-05-15,,,25.400000000000002,29.5
2010-05-16,,33.2,,28.0
2010-05-17,,32.6,25.700000000000003,28.400000000000002
2010-05-18,,31.400000000000002,,27.6
2010-05-19,,32.0,24.0,28.3
2010-05-20,,32.300000000000004,25.0,28.200000000000003
2010-05-21,,30.6,25.0,27.8
2010-05-22,,33.4,25.0,28.400000000000002
2010-05-23,,33.2,24.400000000000002,28.400000000000002
2010-05-24,,32.2,,27.700000000000003
2010-05-25,,30.6,24.6,27.6
2010-05-26,,31.0,24.8,27.6
2010-05-27,,30.400000000000002,25.0,27.5
2010-05-28,,32.300000000000004,25.0,28.1
2010-05-29,,32.4,,27.200000000000003
2010-05-30,,31.0,23.6,26.6
2010-05-31,,31.200000000000003,22.8,27.400000000000002
2010-06-01,,32.2,24.1,28.200000000000003
2010-06-02,,31.400000000000002,24.6,28.3
2010-06-03,,31.400000000000002,,27.700000000000003
2010-06-04,,,24.0,26.6
2010-06-05,,,24.8,27.200000000000003
2010-06-06,,31.400000000000002,24.8,27.400000000000002
2010-06-07,,32.2,24.8,27.700000000000003
2010-06-08,,32.800000000000004,24.0,27.6
2010-06-09,,32.2,24.700000000000003,27.6
2010-06-10,,31.400000000000002,,26.8
2010-06-11,,30.400000000000002,23.8,26.900000000000002
2010-06-12,,31.8,24.200000000000003,27.8
2010-06-13,,31.400000000000002,,27.200000000000003
2010-06-14,,32.2,23.900000000000002,27.3
2010-06-15,,31.8,24.6,27.5
2010-06-16,,32.6,23.3,27.900000000000002
2010-06-17,,31.5,,27.400000000000002
2010-06-18,,31.0,22.8,26.200000000000003
2010-06-19,,31.200000000000003,23.0,26.900000000000002
2010-06-20,,31.6,22.400000000000002,26.900000000000002
2010-06-21,,30.200000000000003,23.900000000000002,26.200000000000003
2010-06-22,1.3,30.400000000000002,24.0,26.3
2010-06-23,,30.400000000000002,,25.8
2010-06-24,,31.0,24.400000000000002,26.900000000000002
2010-06-25,,30.400000000000002,24.400000000000002,26.200000000000003
2010-06-26,,29.400000000000002,24.400000000000002,26.8
2010-06-27,,29.0,,26.0
2010-06-28,,30.400000000000002,23.8,26.400000000000002
2010-06-29,,30.0,24.200000000000003,26.8
2010-06-30,,29.6,,25.8
2010-07-01,,30.0,25.200000000000003,26.6
2010-07-02,,31.6,23.900000000000002,27.400000000000002
2010-07-03,,31.6,25.200000000000003,27.400000000000002
2010-07-04,,,,27.3
2010-07-05,,30.6,,26.8
2010-07-06,,30.6,,27.1
2010-07-07,,29.8,25.0,26.700000000000003
2010-07-08,,30.200000000000003,,26.700000000000003
2010-07-09,,30.8,23.700000000000003,26.400000000000002
2010-07-10,,29.200000000000003,,25.900000000000002
2010-07-11,,29.6,,25.5
2010-07-12,,31.8,23.1,26.900000000000002
2010-07-13,,,23.6,27.0
2010-07-14,,30.400000000000002,,25.6
2010-07-15,,30.6,21.6,27.700000000000003
2010-07-16,,30.6,23.200000000000003,26.200000000000003
2010-07-17,,30.8,22.400000000000002,26.1
2010-07-18,,30.200000000000003,23.0,26.6
2010-07-19,,30.0,23.6,26.5
2010-07-20,,28.8,23.6,26.3
2010-07-21,,31.0,,26.5
2010-07-22,,30.400000000000002,23.8,26.6
2010-07-23,,31.3,,26.6
2010-07-24,,31.6,24.0,27.400000000000002
2010-07-25,,31.400000000000002,,26.900000000000002
2010-07-26,,32.2,23.0,27.8
2010-07-27,,,,27.6
2010-07-28,,30.0,24.200000000000003,27.0
2010-07-29,,31.700000000000003,,27.200000000000003
2010-07-30,,32.6,23.200000000000003,27.3
2010-07-31,,31.400000000000002,,26.900000000000002
2010-08-01,,31.6,24.6,27.200000000000003
2010-08-02,,30.8,,26.8
2010-08-03,,31.200000000000003,,26.400000000000002
2010-08-04,,29.700000000000003,23.200000000000003,26.8
2010-08-05,,30.6,24.6,26.400000000000002
2010-08-06,,28.400000000000002,,25.900000000000002
2010-08-07,,29.0,22.700000000000003,26.200000000000003
2010-08-08,,31.0,,27.1
2010-08-09,,30.8,24.0,26.8
2010-08-10,,29.200000000000003,24.200000000000003,25.900000000000002
2010-08-11,,29.6,23.400000000000002,26.6
2010-08-12,,29.0,23.6,26.3
2010-08-13,,29.6,,26.3
2010-08-14,,29.0,,25.400000000000002
2010-08-15,,29.8,21.8,26.200000000000003
2010-08-16,,,22.8,26.3
2010-08-17,,,23.700000000000003,26.6
2010-08-18,,31.200000000000003,24.0,27.200000000000003
2010-08-19,,32.0,,27.400000000000002
2010-08-20,,32.0,24.200000000000003,27.1
2010-08-21,,31.400000000000002,,27.200000000000003
2010-08-22,,32.800000000000004,,27.400000000000002
2010-08-23,,33.0,22.3,26.900000000000002
2010-08-24,,31.0,23.0,27.400000000000002
2010-08-25,,30.0,,26.6
2010-08-26,,29.8,,26.400000000000002
2010-08-27,,29.6,24.200000000000003,26.3
2010-08-28,,31.200000000000003,,26.700000000000003
2010-08-29,,30.0,23.700000000000003,26.5
2010-08-30,,30.200000000000003,24.6,26.900000000000002
2010-08-31,,33.0,23.8,27.700000000000003
2010-09-01,,31.6,,27.3
2010-09-02,,33.4,23.8,27.400000000000002
2010-09-03,,32.2,23.8,27.900000000000002
2010-09-04,,32.0,,27.5
2010-09-05,,31.6,23.0,27.6
2010-09-06,,31.6,24.6,28.1
2010-09-07,,34.0,,28.5
2010-09-08,,33.800000000000004,23.5,28.200000000000003
2010-09-09,,31.6,,27.1
2010-09-10,,31.200000000000003,22.700000000000003,27.200000000000003
2010-09-11,,31.200000000000003,,25.900000000000002
2010-09-12,,32.0,23.200000000000003,27.6
2010-09-13,,31.400000000000002,23.6,26.400000000000002
2010-09-14,,31.200000000000003,24.6,26.400000000000002
2010-09-15,,31.0,,26.700000000000003
2010-09-16,,31.200000000000003,22.8,26.900000000000002
2010-09-17,,,24.6,27.3
2010-09-18,,33.0,,28.3
2010-09-19,,31.200000000000003,,24.700000000000003
2010-09-20,,31.0,23.200000000000003,27.0
2010-09-21,,32.0,,27.700000000000003
2010-09-22,,32.800000000000004,24.1,27.700000000000003
2010-09-23,,32.2,,27.6
2010-09-24,,32.6,22.5,26.1
2010-09-25,,32.0,24.0,27.900000000000002
2010-09-26,,31.0,,27.200000000000003
2010-09-27,,30.8,23.6,27.400000000000002
2010-09-28,,31.200000000000003,23.8,27.6
2010-09-29,,32.0,25.0,28.1
2010-09-30,,32.800000000000004,,27.900000000000002
2010-10-01,,33.2,24.8,27.200000000000003
2010-10-02,,34.4,24.8,29.3
2010-10-03,,33.2,,28.5
2010-10-04,,34.6,24.5,28.400000000000002
2010-10-05,,34.2,24.200000000000003,28.400000000000002
2010-10-06,,34.2,24.6,28.700000000000003
2010-10-07,,34.0,25.200000000000003,28.400000000000002
2010-10-08,,31.0,,26.3
2010-10-09,,31.8,24.6,26.8
2010-10-10,,,,27.200000000000003
2010-10-11,,29.400000000000002,23.6,26.6
2010-10-12,,31.400000000000002,,26.900000000000002
2010-10-13,,,,26.200000000000003
2010-10-14,,,23.400000000000002,28.3
2010-10-15,,32.2,,28.400000000000002
2010-10-16,,32.4,23.400000000000002,28.5
2010-10-17,,31.0,,27.6
2010-10-18,,31.0,23.5,26.8
2010-10-19,,33.0,24.6,28.6
2010-10-20,,32.4,,26.5
2010-10-21,,29.0,,26.400000000000002
2010-10-22,,29.200000000000003,23.8,26.3
2010-10-23,,32.2,23.6,26.3
2010-10-24,,33.4,,26.0
2010-10-25,,33.4,,27.3
2010-10-26,,34.0,22.900000000000002,28.700000000000003
2010-10-27,,32.6,,26.8
2010-10-28,,28.6,23.0,25.700000000000003
2010-10-29,,33.9,24.6,27.200000000000003
2010-10-30,,33.4,,27.1
2010-10-31,,,23.6,27.6
2010-11-01,,29.8,24.5,26.8
2010-11-02,,32.800000000000004,25.200000000000003,28.3
2010-11-03,,32.6,24.5,26.900000000000002
2010-11-04,,29.400000000000002,24.1,26.400000000000002
2010-11-05,,31.200000000000003,24.5,27.900000000000002
2010-11-06,,30.400000000000002,,25.3
2010-11-07,,,22.700000000000003,27.700000000000003
2010-11-08,,32.2,23.8,27.400000000000002
2010-11-09,,30.6,,26.900000000000002
2010-11-10,,32.4,24.0,27.700000000000003
2010-11-11,,33.0,24.400000000000002,27.700000000000003
2010-11-12,,31.400000000000002,,26.900000000000002
2010-11-13,,32.6,24.200000000000003,29.0
2010-11-14,,33.4,,28.8
2010-11-15,,,,28.700000000000003
2010-11-16,,33.1,24.6,29.0
2010-11-17,,32.0,,26.6
2010-11-18,,31.200000000000003,,27.5
2010-11-19,,32.2,24.5,27.8
2010-11-20,,31.8,24.8,26.6
2010-11-21,,29.400000000000002,24.8,27.0
2010-11-22,,31.8,25.0,29.0
2010-11-23,,29.700000000000003,,26.6
2010-11-24,,32.0,24.400000000000002,27.900000000000002
2010-11-25,,32.2,24.400000000000002,28.700000000000003
2010-11-26,,33.5,,29.0
2010-11-27,,32.2,25.0,28.6
2010-11-28,,31.6,,27.6
2010-11-29,,33.4,25.0,29.400000000000002
2010-11-30,,33.2,,28.6
2010-12-01,,33.2,25.200000000000003,29.6
2010-12-02,,32.2,24.0,27.3
2010-12-03,,32.6,24.8,28.400000000000002
2010-12-04,,32.800000000000004,25.200000000000003,29.700000000000003
2010-12-05,,33.800000000000004,24.5,28.1
2010-12-06,,33.0,24.200000000000003,28.6
2010-12-07,,33.800000000000004,,28.5
2010-12-08,,,22.400000000000002,26.0
2010-12-09,,32.2,,26.700000000000003
2010-12-10,,29.8,23.0,26.700000000000003
2010-12-11,,32.2,,28.6
2010-12-12,,31.6,24.400000000000002,28.1
2010-12-13,,,,28.1
2010-12-14,,29.200000000000003,23.900000000000002,25.200000000000003
2010-12-15,,,24.0,27.200000000000003
2010-12-16,,33.4,,27.700000000000003
2010-12-17,,30.0,23.200000000000003,27.1
2010-12-18,,32.0,25.0,28.900000000000002
2010-12-19,,32.0,,28.400000000000002
2010-12-20,,32.4,,27.900000000000002
2010-12-21,,32.2,23.0,27.3
2010-12-22,,30.200000000000003,24.8,27.0
2010-12-23,,30.5,,27.0
2010-12-24,,31.400000000000002,24.900000000000002,27.3
2010-12-25,,30.6,24.8,26.3
2010-12-26,,31.400000000000002,22.700000000000003,26.700000000000003
2010-12-27,,32.4,24.0,26.700000000000003
2010-12-28,,,,27.6
2010-12-29,,33.0,24.0,28.6
2010-12-30,,31.200000000000003,,26.200000000000003
2010-12-31,,31.0,24.0,26.200000000000003
2011-01-01,,30.6,24.8,27.5
2011-01-02,,,,26.200000000000003
2011-01-03,,,23.3,28.3
2011-01-04,,32.6,24.200000000000003,29.5
2011-01-05,,29.8,,26.1
2011-01-06,,,,26.200000000000003
2011-01-07,,30.400000000000002,22.900000000000002,27.1
2011-01-08,,31.6,24.400000000000002,28.5
2011-01-09,,30.6,,25.6
2011-01-10,,29.200000000000003,23.0,26.1
2011-01-11,,32.800000000000004,24.0,28.3
2011-01-12,,33.6,25.0,28.400000000000002
2011-01-13,,,25.200000000000003,29.700000000000003
2011-01-14,,32.6,,27.6
2011-01-15,,32.6,24.0,27.1
2011-01-16,,30.3,,26.400000000000002
2011-01-17,,32.800000000000004,24.0,27.200000000000003
2011-01-18,,,25.0,27.900000000000002
2011-01-19,,,25.400000000000002,29.1
2011-01-20,,,,28.0
2011-01-21,,,24.3,28.1
2011-01-22,,28.6,24.0,26.3
2011-01-23,,,,25.6
2011-01-24,,31.8,23.200000000000003,26.6
2011-01-25,,29.6,,26.900000000000002
2011-01-26,,31.200000000000003,23.6,28.1
2011-01-27,,31.0,,27.8
2011-01-28,,32.0,,27.5
2011-01-29,,30.6,,25.8
2011-01-30,,31.6,23.8,28.400000000000002
2011-01-31,,31.8,24.200000000000003,28.6
2011-02-01,,32.4,,27.200000000000003
2011-02-02,,31.8,,28.200000000000003
2011-02-03,,,25.400000000000002,28.6
2011-02-04,,31.200000000000003,23.6,26.200000000000003
2011-02-05,,32.300000000000004,23.8,27.5
2011-02-06,,31.200000000000003,,28.3
2011-02-07,,28.200000000000003,,25.200000000000003
2011-02-08,,30.0,23.8,27.200000000000003
2011-02-09,,30.700000000000003,,26.700000000000003
2011-02-10,,31.200000000000003,24.8,27.400000000000002
2011-02-11,,,,28.1
2011-02-12,,29.0,24.0,26.3
2011-02-13,,,24.200000000000003,26.6
2011-02-14,,30.8,20.400000000000002,27.5
2011-02-15,,30.1,,25.6
2011-02-16,,32.0,24.0,27.6
2011-02-17,,33.800000000000004,24.6,28.700000000000003
2011-02-18,,,24.0,28.400000000000002
2011-02-19,,,20.8,27.700000000000003
2011-02-20,,31.8,,27.900000000000002
2011-02-21,,31.6,24.6,27.5
2011-02-22,,32.0,,27.700000000000003
2011-02-23,,32.2,24.200000000000003,27.900000000000002
2011-02-24,,29.400000000000002,,25.6
2011-02-25,,30.0,,25.200000000000003
2011-02-26,,32.800000000000004,22.6,27.6
2011-02-27,,31.900000000000002,,26.900000000000002
2011-02-28,,32.0,,27.6
2011-03-01,,31.5,23.8,27.3
2011-03-02,,32.6,,28.6
2011-03-03,,31.6,25.0,28.1
2011-03-04,,28.6,,24.200000000000003
2011-03-05,,28.0,,24.900000000000002
2011-03-06,,31.6,23.5,27.900000000000002
2011-03-07,,,25.0,28.1
2011-03-08,,31.200000000000003,25.200000000000003,27.6
2011-03-09,,33.0,25.1,29.0
2011-03-10,,,,27.5
2011-03-11,,,,29.200000000000003
2011-03-12,,32.2,24.8,27.5
2011-03-13,,33.6,,28.8
2011-03-14,,32.4,25.200000000000003,28.6
2011-03-15,,29.1,,25.900000000000002
2011-03-16,,30.6,23.3,26.700000000000003
2011-03-17,,32.0,,27.900000000000002
2011-03-18,,31.0,24.5,27.900000000000002
2011-03-19,,,25.0,27.8
2011-03-20,,32.0,25.6,28.400000000000002
2011-03-21,,32.0,,26.900000000000002
2011-03-22,,30.6,24.200000000000003,27.700000000000003
2011-03-23,,30.6,,26.1
2011-03-24,,,24.400000000000002,28.0
2011-03-25,,31.5,,27.8
2011-03-26,,31.400000000000002,,27.8
2011-03-27,,31.400000000000002,24.6,26.700000000000003
2011-03-28,,32.0,,26.900000000000002
2011-03-29,,31.0,,26.400000000000002
2011-03-30,,32.800000000000004,24.200000000000003,27.200000000000003
2011-03-31,,32.800000000000004,24.200000000000003,28.200000000000003
2011-04-01,,,24.0,27.8
2011-04-02,,33.2,,28.200000000000003
2011-04-03,,32.800000000000004,23.6,27.8
2011-04-04,,32.0,24.6,28.5
2011-04-06,,31.0,,26.900000000000002
2011-04-07,,32.800000000000004,24.8,28.700000000000003
2011-04-08,,30.8,,27.900000000000002
2011-04-09,,28.200000000000003,24.0,26.6
2011-04-10,,31.6,,28.200000000000003
2011-04-11,,,24.6,28.3
2011-04-12,,31.200000000000003,,27.700000000000003
2011-04-13,,,24.200000000000003,27.0
2011-04-14,,30.0,,26.700000000000003
2011-04-15,,30.400000000000002,,27.0
2011-04-16,,31.0,24.0,26.400000000000002
2011-04-17,,27.8,24.200000000000003,25.8
2011-04-18,,29.400000000000002,,26.700000000000003
2011-04-19,,30.0,25.3,27.1
2011-04-20,,30.200000000000003,,25.5
2011-04-21,,,24.0,26.8
2011-04-22,,31.3,,26.400000000000002
2011-04-23,,31.6,24.8,27.6
2011-04-24,,31.6,21.8,26.900000000000002
2011-04-25,,31.200000000000003,,26.700000000000003
2011-04-26,,28.6,,25.400000000000002
2011-04-27,,30.0,23.8,27.1
2011-04-28,,31.200000000000003,24.400000000000002,27.6
2011-04-29,,30.400000000000002,,27.3
2011-04-30,,32.0,,27.700000000000003
2011-05-01,,31.400000000000002,,26.900000000000002
2011-05-02,,31.0,23.200000000000003,26.900000000000002
2011-05-03,,32.2,23.0,27.0
2011-05-04,,31.0,23.6,27.900000000000002
2011-05-05,,31.200000000000003,,27.700000000000003
2011-05-06,,32.300000000000004,,27.3
2011-05-07,,32.0,24.200000000000003,27.700000000000003
2011-05-08,,30.8,,27.3
2011-05-09,,30.400000000000002,,27.3
2011-05-10,,30.6,25.0,27.400000000000002
2011-05-11,,30.0,,26.6
2011-05-12,,29.700000000000003,24.1,26.6
2011-05-13,,32.2,,27.200000000000003
2011-05-14,,31.3,24.200000000000003,27.400000000000002
2011-05-15,,31.6,24.5,26.700000000000003
2011-05-16,,30.200000000000003,,26.6
2011-05-17,,31.8,23.5,27.200000000000003
2011-05-18,,31.6,24.0,26.6
2011-05-19,,32.2,,26.8
2011-05-20,,30.0,,26.200000000000003
2011-05-21,,32.4,23.6,27.6
2011-05-22,,30.6,25.0,27.6
2011-05-23,,29.8,,26.6
2011-05-24,,31.0,24.8,27.3
2011-05-25,,28.400000000000002,,26.200000000000003
2011-05-26,,28.3,,26.1
2011-05-27,,,,26.6
2011-05-28,,29.5,23.400000000000002,26.400000000000002
2011-05-29,,30.200000000000003,,26.6
2011-05-30,,30.3,24.0,26.400000000000002
2011-05-31,,29.8,24.6,26.400000000000002
2011-06-01,,29.200000000000003,,25.3
2011-06-02,,,22.6,26.200000000000003
2011-06-03,,29.400000000000002,,25.5
2011-06-04,,,,26.400000000000002
2011-06-05,,,23.6,26.900000000000002
2011-06-06,,30.200000000000003,23.200000000000003,26.3
2011-06-07,,29.3,24.400000000000002,26.700000000000003
2011-06-08,,30.400000000000002,,26.200000000000003
2011-06-09,,29.400000000000002,,26.0
2011-06-10,,29.6,,26.1
2011-06-11,,27.5,23.6,26.200000000000003
2011-06-12,,26.6,,24.700000000000003
2011-06-13,,29.0,,25.3
2011-06-14,,27.6,22.200000000000003,24.200000000000003
2011-06-15,,32.800000000000004,22.200000000000003,24.5
2011-06-16,,27.200000000000003,,24.8
2011-06-17,,27.700000000000003,,23.6
2011-06-18,,28.0,20.400000000000002,23.8
2011-06-19,,27.700000000000003,21.200000000000003,24.3
2011-06-20,,28.400000000000002,22.200000000000003,25.1
2011-06-21,,27.8,23.0,25.0
2011-06-22,,27.6,,25.1
2011-06-23,,27.6,23.0,25.700000000000003
2011-06-24,,29.0,,25.6
2011-06-25,,29.0,,25.200000000000003
2011-06-26,,28.200000000000003,,25.1
2011-06-27,,28.6,,24.8
2011-06-28,,29.0,22.400000000000002,25.1
2011-06-29,,28.6,,25.3
2011-06-30,,31.400000000000002,,25.3
2011-07-01,,29.0,,25.1
2011-07-02,,30.400000000000002,,24.700000000000003
2011-07-03,,28.0,20.200000000000003,24.400000000000002
2011-07-04,,28.6,21.200000000000003,24.3
2011-07-05,,27.0,22.0,24.1
2011-07-06,,,22.5,25.0
2011-07-07,,,22.200000000000003,24.400000000000002
2011-07-08,,27.200000000000003,,23.900000000000002
2011-07-09,,29.6,21.8,25.400000000000002
2011-07-10,,28.400000000000002,23.1,24.700000000000003
2011-07-11,,29.0,23.200000000000003,25.5
2011-07-12,,27.8,23.8,24.8
2011-07-13,,30.200000000000003,23.400000000000002,26.200000000000003
2011-07-14,,29.8,24.0,25.6
2011-07-15,,28.0,24.200000000000003,25.8
2011-07-16,,28.200000000000003,24.200000000000003,25.700000000000003
2011-07-17,,,,24.900000000000002
2011-07-18,,26.8,23.5,24.400000000000002
2011-07-19,,,23.6,24.8
2011-07-20,,28.6,,24.6
2011-07-21,,26.900000000000002,22.8,24.5
2011-07-22,,29.6,,24.200000000000003
2011-07-23,,29.5,,24.200000000000003
2011-07-24,,29.200000000000003,,23.900000000000002
2011-07-25,,28.900000000000002,,24.3
2011-07-26,,29.6,,24.200000000000003
2011-07-27,,27.8,21.400000000000002,24.5
2011-07-28,,29.0,18.1,25.0
2011-07-29,0.0,30.1,22.8,25.200000000000003
2011-07-30,,30.0,23.6,26.200000000000003
2011-07-31,,,23.200000000000003,25.400000000000002
2011-08-01,,29.6,,24.8
2011-08-02,,29.700000000000003,21.0,24.200000000000003
2011-08-03,,30.400000000000002,21.0,24.8
2011-08-04,,31.400000000000002,,24.700000000000003
2011-08-05,,28.8,,24.5
2011-08-06,,27.900000000000002,,24.400000000000002
2011-08-07,,28.200000000000003,21.1,24.3
2011-08-08,,,22.0,24.900000000000002
2011-08-09,,27.8,,23.900000000000002
2011-08-10,,30.0,,24.1
2011-08-11,,30.200000000000003,20.0,24.200000000000003
2011-08-12,,28.200000000000003,20.0,23.700000000000003
2011-08-13,,30.6,20.0,25.1
2011-08-14,,30.0,22.0,25.6
2011-08-15,,28.400000000000002,,24.5
2011-08-16,,30.0,20.200000000000003,25.6
2011-08-17,,28.0,,24.5
2011-08-18,,30.3,,24.6
2011-08-19,,30.200000000000003,19.5,24.400000000000002
2011-08-20,,29.0,21.6,24.5
2011-08-21,,28.200000000000003,,24.1
2011-08-22,,28.200000000000003,22.200000000000003,24.6
2011-08-23,,29.0,,24.900000000000002
2011-08-24,,28.8,,24.1
2011-08-25,,29.0,,24.6
2011-08-26,,29.1,21.200000000000003,25.0
2011-08-27,,27.6,22.8,25.700000000000003
2011-08-28,,31.5,,26.6
2011-08-29,,28.8,24.0,26.1
2011-08-30,,30.6,24.0,26.3
2011-08-31,,32.0,25.0,27.200000000000003
2011-09-01,,,,25.400000000000002
2011-09-02,,29.0,23.3,25.3
2011-09-03,,30.700000000000003,,26.0
2011-09-04,,28.8,23.6,25.900000000000002
2011-09-05,,31.0,,26.200000000000003
2011-09-06,,29.8,,25.3
2011-09-07,,30.0,,25.200000000000003
2011-09-08,,31.0,21.8,25.400000000000002
2011-09-09,,29.0,,25.400000000000002
2011-09-10,,28.400000000000002,22.8,25.6
2011-09-11,,28.8,23.200000000000003,25.200000000000003
2011-09-12,,31.200000000000003,,25.400000000000002
2011-09-13,,28.400000000000002,,25.3
2011-09-14,,29.200000000000003,22.6,25.6
2011-09-15,,30.0,23.200000000000003,26.3
2011-09-16,,27.0,,25.1
2011-09-17,,31.900000000000002,23.400000000000002,25.400000000000002
2011-09-18,,31.400000000000002,23.6,26.8
2011-09-19,,28.400000000000002,24.6,26.0
2011-09-20,,29.8,,25.8
2011-09-21,,30.6,,25.200000000000003
2011-09-22,,30.6,20.200000000000003,25.700000000000003
2011-09-23,,31.8,23.400000000000002,27.1
2011-09-24,,32.4,,25.900000000000002
2011-09-25,,31.0,,25.8
2011-09-26,,30.400000000000002,21.8,25.8
2011-09-27,,,23.0,27.1
2011-09-28,,32.0,24.400000000000002,26.900000000000002
2011-09-29,,31.6,24.400000000000002,26.700000000000003
2011-09-30,,30.8,,26.0
2011-10-01,,30.8,,26.8
2011-10-02,,30.6,24.0,26.900000000000002
2011-10-03,,30.5,,26.200000000000003
2011-10-04,,,24.0,27.3
2011-10-05,,,,26.3
2011-10-06,,32.2,,26.700000000000003
2011-10-07,,32.0,,26.400000000000002
2011-10-08,,32.6,22.400000000000002,26.900000000000002
2011-10-09,,31.900000000000002,,26.8
2011-10-10,,31.400000000000002,22.400000000000002,26.700000000000003
2011-10-11,,32.0,,27.5
2011-10-12,,32.0,23.200000000000003,27.6
2011-10-13,,31.8,,26.8
2011-10-14,,33.2,23.1,27.400000000000002
2011-10-15,,31.200000000000003,23.200000000000003,27.6
2011-10-16,,31.8,24.200000000000003,27.900000000000002
2011-10-17,,33.7,23.8,27.8
2011-10-18,,36.0,,29.1
2011-10-19,,34.6,,27.400000000000002
2011-10-20,,34.2,23.900000000000002,28.200000000000003
2011-10-21,,34.2,24.200000000000003,28.8
2011-10-22,,33.800000000000004,23.8,28.700000000000003
2011-10-23,,34.0,,28.200000000000003
2011-10-24,,34.4,,27.1
2011-10-25,,33.2,,27.200000000000003
2011-10-26,,34.2,24.400000000000002,28.0
2011-10-27,,34.2,24.0,28.6
2011-10-28,,30.0,24.200000000000003,26.900000000000002
2011-10-29,,,24.8,28.900000000000002
2011-10-30,,31.6,,28.1
2011-10-31,,34.300000000000004,24.0,28.1
2011-11-01,,32.6,25.200000000000003,28.700000000000003
2011-11-02,,33.2,,28.1
2011-11-03,,32.800000000000004,25.0,28.400000000000002
2011-11-04,,34.1,,27.6
2011-11-05,,31.6,,26.8
2011-11-06,,31.8,23.0,28.400000000000002
2011-11-07,,32.0,,27.700000000000003
2011-11-08,,34.5,24.0,28.400000000000002
2011-11-09,,34.800000000000004,,28.3
2011-11-10,,34.0,24.6,29.1
2011-11-11,,34.6,24.200000000000003,28.3
2011-11-12,,35.6,24.0,28.8
2011-11-13,,34.2,,27.6
2011-11-14,,32.7,23.6,29.1
2011-11-15,,31.200000000000003,,28.1
2011-11-16,,34.4,,27.6
2011-11-17,,33.0,,25.700000000000003
2011-11-18,,33.1,23.200000000000003,28.1
2011-11-19,,33.0,23.6,28.200000000000003
2011-11-20,,33.4,,27.8
2011-11-21,,34.0,24.200000000000003,29.0
2011-11-22,,33.6,25.200000000000003,28.1
2011-11-23,,33.6,24.0,29.1
2011-11-24,,33.2,24.900000000000002,29.1
2011-11-25,,35.0,,29.6
2011-11-26,,34.1,26.200000000000003,29.6
2011-11-27,,33.2,,28.6
2011-11-28,,32.800000000000004,24.6,29.700000000000003
2011-11-29,,34.4,,29.5
2011-11-30,,34.4,25.200000000000003,28.6
2011-12-01,,33.6,25.0,29.900000000000002
2011-12-02,,34.0,,28.900000000000002
2011-12-03,,,25.0,27.8
2011-12-04,,33.0,,28.400000000000002
2011-12-05,,33.2,24.8,28.900000000000002
2011-12-06,,33.0,,27.700000000000003
2011-12-07,10.200000000000001,32.2,25.0,27.900000000000002
2011-12-08,,32.4,25.0,27.3
2011-12-09,,32.2,,28.200000000000003
2011-12-10,,29.6,,26.200000000000003
2011-12-11,,31.200000000000003,24.8,27.700000000000003
2011-12-12,,34.0,24.8,28.5
2011-12-13,,33.0,25.400000000000002,29.8
2011-12-14,,,,26.6
2011-12-15,,32.800000000000004,,27.700000000000003
2011-12-16,,,23.8,26.700000000000003
2011-12-17,,32.2,24.6,28.8
2011-12-18,,33.2,,27.900000000000002
2011-12-19,,32.0,24.8,27.700000000000003
2011-12-20,,32.0,,27.6
2011-12-21,,32.0,24.400000000000002,27.6
2011-12-22,,32.0,24.400000000000002,27.400000000000002
2011-12-23,,32.4,,28.700000000000003
2011-12-24,,29.400000000000002,,26.1
2011-12-25,,32.6,24.0,27.8
2011-12-26,,33.9,,28.700000000000003
2011-12-27,,32.4,24.200000000000003,28.6
2011-12-28,,33.0,,28.3
2011-12-29,,31.200000000000003,,27.400000000000002
2011-12-30,,30.1,25.400000000000002,27.6
2011-12-31,,31.8,24.0,27.700000000000003
2012-01-01,,29.8,,26.1
2012-01-02,,31.400000000000002,23.400000000000002,27.900000000000002
2012-01-03,,32.4,,27.3
2012-01-04,,32.2,,26.5
2012-01-05,,32.0,24.200000000000003,28.400000000000002
2012-01-06,,,,25.5
2012-01-07,,32.2,23.8,28.400000000000002
2012-01-08,,32.0,,27.900000000000002
2012-01-09,,32.2,23.200000000000003,28.700000000000003
2012-01-10,,32.800000000000004,24.200000000000003,28.8
2012-01-11,,33.0,,28.400000000000002
2012-01-12,,32.6,,28.200000000000003
2012-01-13,,33.4,,26.6
2012-01-14,,32.2,24.200000000000003,28.200000000000003
2012-01-15,,31.400000000000002,,26.200000000000003
2012-01-16,,32.800000000000004,24.400000000000002,26.700000000000003
2012-01-17,,31.8,,27.0
2012-01-18,,,,27.900000000000002
2012-01-19,,33.0,23.200000000000003,26.3
2012-01-20,,30.6,23.8,27.700000000000003
2012-01-21,,29.900000000000002,23.6,26.3
2012-01-22,,31.6,23.3,25.8
2012-01-23,,,24.0,27.6
2012-01-24,,31.8,23.3,26.8
2012-01-25,,31.0,23.6,26.900000000000002
2012-01-26,,33.6,23.700000000000003,27.700000000000003
2012-01-27,,,25.400000000000002,29.400000000000002
2012-01-28,,32.0,,27.900000000000002
2012-01-29,,33.0,,25.900000000000002
2012-01-30,,32.2,24.0,25.700000000000003
2012-01-31,,30.400000000000002,23.400000000000002,25.900000000000002
2012-02-01,,32.0,23.6,26.8
2012-02-02,,30.0,24.200000000000003,27.400000000000002
2012-02-03,,30.400000000000002,,27.1
2012-02-04,,31.3,21.200000000000003,27.3
2012-02-05,,32.0,,27.1
2012-02-06,,32.2,23.6,27.900000000000002
2012-02-07,,31.200000000000003,24.0,27.1
2012-02-08,,30.0,22.200000000000003,26.200000000000003
2012-02-09,,31.400000000000002,24.8,27.6
2012-02-10,31.0,30.8,,26.200000000000003
2012-02-11,,31.200000000000003,,27.1
2012-02-12,,29.6,23.8,26.200000000000003
2012-02-13,,30.400000000000002,,26.900000000000002
2012-02-14,,,,26.1
2012-02-15,,31.8,,24.700000000000003
2012-02-16,,31.0,23.6,27.8
2012-02-17,,33.0,25.400000000000002,28.8
2012-02-18,,33.6,25.200000000000003,27.3
2012-02-19,,32.800000000000004,24.0,27.400000000000002
2012-02-20,,31.5,25.0,27.8
2012-02-21,,30.0,25.0,27.5
2012-02-22,,31.700000000000003,,25.700000000000003
2012-02-23,,32.6,24.0,28.0
2012-02-24,,33.0,,28.3
2012-02-25,,31.400000000000002,24.400000000000002,27.6
2012-02-26,,32.4,25.200000000000003,28.3
2012-02-27,,32.6,25.400000000000002,29.0
2012-02-28,,30.0,,26.6
2012-02-29,,32.4,24.8,28.700000000000003
2012-03-01,,31.0,24.400000000000002,25.6
2012-03-02,,31.400000000000002,24.200000000000003,27.700000000000003
2012-03-03,,33.4,25.200000000000003,27.6
2012-03-04,,,22.6,26.5
2012-03-05,,32.0,24.8,27.900000000000002
2012-03-06,,32.0,,27.6
2012-03-07,,30.200000000000003,,27.1
2012-03-08,,31.400000000000002,,27.400000000000002
2012-03-09,,31.0,,27.1
2012-03-10,,,24.0,29.1
2012-03-11,,,25.200000000000003,27.400000000000002
2012-03-12,,30.0,,27.400000000000002
2012-03-13,,30.8,,27.3
2012-03-14,,29.200000000000003,,26.6
2012-03-15,,28.0,23.400000000000002,25.5
2012-03-16,,31.0,24.200000000000003,26.1
2012-03-17,,32.2,,26.1
2012-03-18,,31.200000000000003,,27.900000000000002
2012-03-19,23.900000000000002,30.0,,26.900000000000002
2012-03-20,,31.8,24.6,27.5
2012-03-21,,31.200000000000003,,27.6
2012-03-22,,,24.8,27.400000000000002
2012-03-23,,31.0,,27.0
2012-03-24,,30.8,,25.700000000000003
2012-03-25,,31.200000000000003,,26.700000000000003
2012-03-26,,,23.6,28.200000000000003
2012-03-27,,31.400000000000002,,27.900000000000002
2012-03-28,,31.400000000000002,,25.8
2012-03-29,,29.200000000000003,,25.3
2012-03-30,,31.200000000000003,24.200000000000003,26.6
2012-03-31,,30.3,,26.900000000000002
2012-04-01,,30.0,,26.700000000000003
2012-04-02,,32.300000000000004,23.400000000000002,27.700000000000003
2012-04-03,,32.0,,27.400000000000002
2012-04-04,,32.300000000000004,,27.200000000000003
2012-04-05,,31.6,22.400000000000002,26.900000000000002
2012-04-06,,32.4,22.8,27.200000000000003
2012-04-07,,32.6,,27.3
2012-04-08,,31.6,23.0,27.1
2012-04-09,,32.6,23.200000000000003,27.8
2012-04-10,,32.800000000000004,23.0,27.700000000000003
2012-04-11,,,23.6,28.1
2012-04-12,,,24.0,27.400000000000002
2012-04-13,,32.6,24.6,28.8
2012-04-14,,30.0,,27.1
2012-04-15,,29.6,24.200000000000003,26.400000000000002
2012-04-16,,33.0,,27.900000000000002
2012-04-17,,30.200000000000003,22.6,25.6
2012-04-18,,31.200000000000003,23.8,27.200000000000003
2012-04-19,,31.0,,27.700000000000003
2012-04-20,,31.200000000000003,25.0,27.6
2012-04-21,,31.400000000000002,25.0,27.900000000000002
2012-04-22,,33.6,25.200000000000003,27.8
2012-04-23,,31.6,,26.400000000000002
2012-04-24,,31.200000000000003,24.0,27.400000000000002
2012-04-25,,29.8,,26.700000000000003
2012-04-26,,28.6,,26.3
2012-04-27,,31.200000000000003,,28.1
2012-04-28,,28.0,,23.900000000000002
2012-04-29,,,23.0,28.200000000000003
2012-04-30,,31.8,25.0,26.8
2012-05-01,,29.8,,26.700000000000003
2012-05-02,,30.400000000000002,,25.400000000000002
2012-05-03,,31.8,24.200000000000003,27.8
2012-05-04,,26.0,,24.6
2012-05-05,,,23.8,25.900000000000002
2012-05-06,,,,24.8
2012-05-07,,32.0,22.400000000000002,27.200000000000003
2012-05-08,6.1000000000000005,30.700000000000003,,25.900000000000002
2012-05-09,,31.400000000000002,23.0,26.900000000000002
2012-05-10,,30.1,24.1,27.0
2012-05-11,,28.400000000000002,,26.1
2012-05-12,,28.6,23.400000000000002,25.0
2012-05-13,,,23.400000000000002,27.6
2012-05-14,,30.0,23.8,26.6
2012-05-15,,28.0,,25.400000000000002
2012-05-16,,30.0,,24.8
2012-05-17,,32.2,22.5,26.400000000000002
2012-05-18,,30.200000000000003,,25.3
2012-05-19,,30.400000000000002,23.400000000000002,26.3
2012-05-20,,30.8,,26.6
2012-05-21,,29.400000000000002,24.200000000000003,26.8
2012-05-22,,30.0,24.400000000000002,26.400000000000002
2012-05-23,,31.6,,26.8
2012-05-24,,30.0,,26.700000000000003
2012-05-25,,,25.200000000000003,27.3
2012-05-26,5.1000000000000005,28.8,25.0,25.900000000000002
2012-05-27,,29.200000000000003,,24.900000000000002
2012-05-28,,29.400000000000002,,25.6
2012-05-29,,30.400000000000002,24.200000000000003,26.8
2012-05-30,,30.0,24.400000000000002,26.8
2012-05-31,,30.6,25.0,26.900000000000002
2012-06-01,,29.200000000000003,,26.6
2012-06-02,,29.6,24.8,26.900000000000002
2012-06-03,,28.700000000000003,24.400000000000002,26.200000000000003
2012-06-04,,29.6,25.0,26.200000000000003
2012-06-05,,29.0,,26.1
2012-06-06,,28.3,25.0,26.1
2012-06-07,,28.6,,25.200000000000003
2012-06-08,,,,25.900000000000002
2012-06-09,,29.200000000000003,,24.700000000000003
2012-06-10,,29.200000000000003,20.200000000000003,24.1
2012-06-11,,29.200000000000003,20.8,24.900000000000002
2012-06-12,,28.200000000000003,21.200000000000003,25.0
2012-06-13,,29.0,,25.1
2012-06-14,,30.400000000000002,21.8,25.8
2012-06-15,,30.400000000000002,,25.1
2012-06-16,,29.200000000000003,20.0,25.400000000000002
2012-06-17,,29.0,23.400000000000002,25.700000000000003
2012-06-18,,29.6,23.400000000000002,25.700000000000003
2012-06-19,0.0,29.200000000000003,23.6,25.3
2012-06-20,14.0,28.0,,25.0
2012-06-21,,29.400000000000002,,25.700000000000003
2012-06-22,,29.8,,25.200000000000003
2012-06-23,,29.700000000000003,,25.1
2012-06-24,,28.400000000000002,23.3,25.6
2012-06-25,,28.0,,25.0
2012-06-26,,28.200000000000003,,24.900000000000002
2012-06-27,,29.200000000000003,,25.3
2012-06-28,,29.6,23.0,25.400000000000002
2012-06-29,,29.400000000000002,23.400000000000002,25.400000000000002
2012-06-30,,28.700000000000003,,25.200000000000003
2012-07-01,,30.400000000000002,,24.8
2012-07-02,,29.8,20.1,25.3
2012-07-03,,28.6,22.8,25.700000000000003
2012-07-04,,29.0,,24.8
2012-07-05,,26.700000000000003,,24.700000000000003
2012-07-06,3.0,27.400000000000002,,24.8
2012-07-07,,29.400000000000002,24.0,25.900000000000002
2012-07-08,,30.0,24.6,26.8
2012-07-09,,30.0,,26.400000000000002
2012-07-10,,30.400000000000002,24.0,26.700000000000003
2012-07-11,,30.0,,26.200000000000003
2012-07-12,,30.200000000000003,,26.6
2012-07-13,,29.400000000000002,24.200000000000003,25.5
2012-07-14,,29.0,,26.5
2012-07-15,,30.0,,26.1
2012-07-16,,30.200000000000003,,26.6
2012-07-17,,30.0,23.200000000000003,26.1
2012-07-18,,30.400000000000002,,25.1
2012-07-19,,29.0,,25.6
2012-07-20,,30.6,,25.900000000000002
2012-07-21,,30.400000000000002,22.400000000000002,25.8
2012-07-22,,30.400000000000002,,25.3
2012-07-23,,30.6,,25.6
2012-07-24,,30.200000000000003,21.0,25.3
2012-07-25,,32.2,,25.8
2012-07-26,,31.6,,25.1
2012-07-27,,29.400000000000002,,24.200000000000003
2012-07-28,,29.8,20.400000000000002,24.8
2012-07-29,,30.200000000000003,,25.200000000000003
2012-07-30,,27.400000000000002,21.400000000000002,24.5
2012-07-31,,28.400000000000002,22.400000000000002,24.900000000000002
2012-08-01,,28.8,,24.700000000000003
2012-08-02,,30.6,,25.0
2012-08-03,,28.200000000000003,,24.6
2012-08-04,,30.0,21.0,24.8
2012-08-05,,28.200000000000003,,24.8
2012-08-06,,29.0,22.0,24.900000000000002
2012-08-07,,,,25.900000000000002
2012-08-09,,30.0,22.0,25.5
2012-08-10,,28.0,,24.6
2012-08-11,,27.200000000000003,,24.1
2012-08-12,,29.1,,24.3
2012-08-13,,,,24.200000000000003
2012-08-14,,28.5,20.0,24.8
2012-08-15,,29.6,20.400000000000002,24.900000000000002
2012-08-16,,28.400000000000002,,24.1
2012-08-17,,29.8,21.0,24.700000000000003
2012-08-18,,28.0,21.8,24.900000000000002
2012-08-19,,31.0,,25.8
2012-08-20,,,23.8,26.700000000000003
2012-08-21,,29.200000000000003,,26.5
2012-08-22,,28.400000000000002,23.8,25.8
2012-08-23,,30.6,24.400000000000002,26.700000000000003
2012-08-24,,31.0,,26.3
2012-08-25,,30.0,23.400000000000002,26.6
2012-08-26,,29.0,,25.900000000000002
2012-08-27,,30.400000000000002,,26.200000000000003
2012-08-28,,30.8,23.0,26.0
2012-08-29,,30.400000000000002,,26.1
2012-08-30,,29.5,,24.8
2012-08-31,,28.900000000000002,,25.3
2012-09-01,,27.8,22.6,25.3
2012-09-02,,29.8,,25.3
2012-09-03,,29.5,23.400000000000002,26.1
2012-09-04,,30.200000000000003,,26.3
2012-09-05,,29.6,,26.1
2012-09-06,,30.400000000000002,22.8,26.5
2012-09-07,,30.200000000000003,,25.400000000000002
2012-09-08,,31.8,23.200000000000003,26.200000000000003
2012-09-09,,29.5,23.6,26.3
2012-09-10,,30.0,24.200000000000003,26.3
2012-09-11,,30.0,24.200000000000003,26.1
2012-09-12,,30.0,,25.900000000000002
2012-09-13,,,,26.700000000000003
2012-09-14,,31.0,,26.3
2012-09-15,,31.6,,25.8
2012-09-16,,,22.0,25.900000000000002
2012-09-17,,30.200000000000003,,25.1
2012-09-18,,30.8,,24.6
2012-09-19,,,,25.5
2012-09-20,,32.300000000000004,,26.3
2012-09-21,,29.8,21.6,25.5
2012-09-22,,30.0,,25.200000000000003
2012-09-23,,31.200000000000003,20.400000000000002,25.400000000000002
2012-09-24,,31.0,21.0,26.6
2012-09-25,,31.0,,26.5
2012-09-26,,29.8,23.0,26.6
2012-09-27,,32.6,,25.900000000000002
2012-09-28,,34.0,22.6,26.8
2012-09-29,,,,25.900000000000002
2012-09-30,,32.6,19.8,24.900000000000002
2012-10-01,,31.0,,25.1
2012-10-02,,30.400000000000002,20.0,26.3
2012-10-03,,33.2,20.200000000000003,27.6
2012-10-04,,32.0,,26.200000000000003
2012-10-05,,32.4,22.0,26.1
2012-10-06,,31.0,,26.6
2012-10-07,,32.2,21.200000000000003,26.400000000000002
2012-10-08,,32.0,,26.200000000000003
2012-10-09,,32.0,,26.200000000000003
2012-10-10,,33.0,,26.5
2012-10-11,,32.2,23.0,27.0
2012-10-12,,31.6,,27.0
2012-10-13,,31.200000000000003,23.6,25.700000000000003
2012-10-14,,33.0,,27.700000000000003
2012-10-15,,,23.900000000000002,27.900000000000002
2012-10-16,,31.8,,26.900000000000002
2012-10-17,,33.2,,26.900000000000002
2012-10-18,,32.5,,27.1
2012-10-19,,33.0,22.6,27.0
2012-10-20,,32.6,22.6,27.6
2012-10-21,,32.0,23.0,27.8
2012-10-22,,30.0,,25.400000000000002
2012-10-23,,30.0,23.0,26.0
2012-10-24,,32.6,23.8,26.5
2012-10-25,,32.4,24.6,27.400000000000002
2012-10-26,,31.0,,26.900000000000002
2012-10-27,,31.200000000000003,,27.1
2012-10-28,,31.5,23.6,27.200000000000003
2012-10-29,,32.2,22.700000000000003,26.900000000000002
2012-10-30,,34.0,23.200000000000003,27.6
2012-10-31,,33.800000000000004,23.400000000000002,27.8
2012-11-01,,32.300000000000004,,27.5
2012-11-02,,33.2,,27.1
2012-11-03,,31.0,23.6,27.3
2012-11-04,,,24.0,28.200000000000003
2012-11-05,,,,27.6
2012-11-06,,33.800000000000004,23.400000000000002,27.8
2012-11-07,,31.8,24.6,27.8
2012-11-08,,,25.200000000000003,28.0
2012-11-09,,30.8,,27.400000000000002
2012-11-10,,31.400000000000002,,27.3
2012-11-11,,32.1,,26.8
2012-11-12,,34.2,24.0,28.0
2012-11-13,,35.4,24.6,28.8
2012-11-14,,32.0,,28.200000000000003
2012-11-15,,32.4,,26.1
2012-11-16,,32.4,,27.3
2012-11-17,,32.4,24.200000000000003,27.900000000000002
2012-11-18,,32.6,,27.3
2012-11-19,,33.4,24.400000000000002,28.8
2012-11-20,,33.2,,28.900000000000002
2012-11-21,,33.800000000000004,,28.700000000000003
2012-11-22,,33.6,,28.1
2012-11-23,,33.2,,28.200000000000003
2012-11-24,,33.0,,26.700000000000003
2012-11-25,,33.5,22.200000000000003,27.700000000000003
2012-11-26,,33.0,23.6,27.6
2012-11-27,,33.4,,26.900000000000002
2012-11-28,,32.4,,26.700000000000003
2012-11-29,,33.0,22.3,27.200000000000003
2012-11-30,,34.2,23.6,27.400000000000002
2012-12-01,,33.6,23.200000000000003,28.1
2012-12-02,,34.6,23.400000000000002,29.200000000000003
2012-12-03,,34.6,,28.8
2012-12-04,,34.0,25.400000000000002,29.1
2012-12-05,,32.300000000000004,,29.0
2012-12-06,,33.2,25.6,29.6
2012-12-07,,32.4,,27.1
2012-12-08,,35.4,24.3,27.8
2012-12-09,,33.2,,28.6
2012-12-10,,33.2,,27.1
2012-12-11,,32.4,24.6,28.1
2012-12-12,0.0,33.0,,27.3
2012-12-13,,33.2,24.0,28.3
2012-12-14,,33.0,24.0,27.8
2012-12-15,,,,28.5
2012-12-16,,35.0,,28.0
2012-12-17,,35.5,23.200000000000003,28.6
2012-12-18,,33.2,24.200000000000003,28.8
2012-12-19,,33.6,,27.8
2012-12-20,,32.0,,27.6
2012-12-21,,32.800000000000004,24.200000000000003,28.6
2012-12-22,,34.4,,28.400000000000002
2012-12-23,,34.0,24.1,29.1
2012-12-24,,33.2,26.0,28.1
2012-12-25,,34.2,,29.3
2012-12-26,,34.6,25.0,28.900000000000002
2012-12-27,,34.2,25.400000000000002,29.3
2012-12-28,,34.6,,28.400000000000002
2012-12-29,,33.0,25.200000000000003,28.8
2012-12-30,,32.9,25.200000000000003,29.200000000000003
2012-12-31,,34.4,25.400000000000002,28.6
2013-01-01,,33.0,,28.700000000000003
2013-01-02,,35.4,,29.6
2013-01-03,,32.800000000000004,,27.200000000000003
2013-01-04,,34.2,25.0,27.400000000000002
2013-01-05,,32.0,,26.700000000000003
2013-01-06,,30.8,24.1,26.3
2013-01-07,,29.0,24.400000000000002,26.0
2013-01-08,,31.200000000000003,,26.6
2013-01-09,,,23.0,26.0
2013-01-10,,32.0,24.400000000000002,26.8
2013-01-11,,32.2,24.400000000000002,27.8
2013-01-12,,,,27.700000000000003
2013-01-13,,30.0,25.1,27.3
2013-01-14,,27.8,,24.6
2013-01-15,,33.0,24.1,28.5
2013-01-16,,32.0,,26.6
2013-01-17,,31.6,25.0,27.5
2013-01-18,,32.0,25.400000000000002,28.6
2013-01-19,,32.800000000000004,26.0,28.5
2013-01-20,,33.4,,29.400000000000002
2013-01-21,,33.2,26.0,29.700000000000003
2013-01-22,,30.200000000000003,,26.1
2013-01-23,,31.400000000000002,24.0,27.900000000000002
2013-01-24,,32.4,25.400000000000002,27.8
2013-01-25,,32.4,25.200000000000003,28.3
2013-01-26,,33.2,25.6,29.0
2013-01-27,,33.4,26.400000000000002,29.700000000000003
2013-01-28,,33.2,,27.6
2013-01-29,,31.6,,26.900000000000002
2013-01-30,,31.0,,27.200000000000003
2013-01-31,,30.8,23.200000000000003,26.900000000000002
2013-02-01,,31.0,,27.400000000000002
2013-02-02,,31.400000000000002,24.1,27.3
2013-02-03,,32.2,,27.6
2013-02-04,,32.0,25.200000000000003,28.8
2013-02-05,,33.4,,28.200000000000003
2013-02-06,,33.0,,28.5
2013-02-07,,32.5,,28.200000000000003
2013-02-08,,33.0,,28.5
2013-02-09,,32.6,25.0,28.6
2013-02-10,,32.5,,28.6
2013-02-11,,32.6,25.0,28.700000000000003
2013-02-12,,33.0,,27.900000000000002
2013-02-13,,,,26.700000000000003
2013-02-14,,32.2,24.400000000000002,28.8
2013-02-15,,,25.1,29.400000000000002
2013-02-16,,31.6,25.0,27.400000000000002
2013-02-17,,30.400000000000002,,27.3
2013-02-18,,30.8,,26.8
2013-02-19,,32.0,,27.700000000000003
2013-02-20,,,23.400000000000002,25.900000000000002
2013-02-21,,,23.900000000000002,28.8
2013-02-22,,31.6,23.400000000000002,26.1
2013-02-23,,31.200000000000003,,25.900000000000002
2013-02-24,,31.200000000000003,24.0,27.3
2013-02-25,,30.8,24.900000000000002,27.700000000000003
2013-02-26,,,25.0,28.0
2013-02-27,,30.0,,25.8
2013-02-28,,29.400000000000002,,26.900000000000002
2013-03-01,,,24.6,26.700000000000003
2013-03-02,,33.0,,26.900000000000002
2013-03-03,,30.6,23.0,26.3
2013-03-04,,30.400000000000002,24.8,27.5
2013-03-05,,31.5,25.400000000000002,27.8
2013-03-06,,32.4,25.3,27.5
2013-03-07,,29.6,,26.200000000000003
2013-03-08,,31.5,24.8,27.900000000000002
2013-03-09,,31.6,,26.400000000000002
2013-03-10,,31.0,,26.700000000000003
2013-03-11,,31.6,24.400000000000002,26.5
2013-03-12,,31.8,,27.1
2013-03-13,,27.400000000000002,,24.8
2013-03-14,,31.6,23.0,27.900000000000002
2013-03-15,,30.400000000000002,24.8,26.900000000000002
2013-03-16,,31.400000000000002,,27.400000000000002
2013-03-17,,31.3,24.6,27.8
2013-03-18,,33.4,24.8,28.5
2013-03-19,,32.1,,28.3
2013-03-20,,32.2,24.1,28.0
2013-03-21,,32.0,,27.700000000000003
2013-03-22,,32.800000000000004,24.400000000000002,28.8
2013-03-23,,33.0,,28.6
2013-03-24,,31.8,25.8,27.400000000000002
2013-03-25,,32.0,24.400000000000002,28.1
2013-03-26,,32.0,,27.8
2013-03-27,,32.6,,27.8
2013-03-28,,,24.6,28.8
2013-03-29,,33.0,25.0,28.700000000000003
2013-03-30,,33.2,,28.6
2013-03-31,,33.800000000000004,25.0,28.900000000000002
2013-04-01,,33.2,,28.900000000000002
2013-04-02,,33.5,25.200000000000003,29.1
2013-04-03,,32.4,,28.6
2013-04-04,,,23.5,28.400000000000002
2013-04-05,,34.0,25.200000000000003,29.6
2013-04-06,,30.0,,25.700000000000003
2013-04-07,,31.8,24.400000000000002,27.5
2013-04-08,,,25.400000000000002,27.900000000000002
2013-04-09,,32.0,26.0,28.200000000000003
2013-04-10,,28.0,,25.400000000000002
2013-04-11,,29.200000000000003,,25.400000000000002
2013-04-12,,29.200000000000003,24.400000000000002,26.400000000000002
2013-04-13,,31.200000000000003,24.0,26.700000000000003
2013-04-14,,31.0,22.0,27.700000000000003
2013-04-15,,31.0,24.400000000000002,27.6
2013-04-16,,31.400000000000002,,27.700000000000003
2013-04-17,,33.2,24.8,28.1
2013-04-18,,,24.8,27.700000000000003
2013-04-19,,33.2,25.0,28.6
2013-04-20,,,,27.900000000000002
2013-04-21,,,,27.6
2013-04-22,,31.200000000000003,24.6,27.8
2013-04-23,,31.8,,27.5
2013-04-24,,32.300000000000004,,27.6
2013-04-25,,31.200000000000003,,27.6
2013-04-26,,32.800000000000004,,27.6
2013-04-27,,,23.400000000000002,28.3
2013-04-28,,31.8,,26.8
2013-04-29,,31.8,22.8,26.900000000000002
2013-04-30,,31.0,24.200000000000003,27.0
2013-05-01,,,24.0,27.8
2013-05-02,,,,28.400000000000002
2013-05-03,,,,27.900000000000002
2013-05-04,,,25.400000000000002,27.8
2013-05-05,,,,27.400000000000002
2013-05-06,,,,26.3
2013-05-07,,,24.400000000000002,27.900000000000002
2013-05-08,,,25.0,27.6
2013-05-09,,,25.400000000000002,28.6
2013-05-10,,,,27.8
2013-05-11,,,25.1,28.1
2013-05-12,,,,27.400000000000002
2013-05-13,,,,27.200000000000003
2013-05-14,,,,28.3
2013-05-15,,,,25.900000000000002
2013-05-16,,,25.200000000000003,27.8
2013-05-17,,,,26.900000000000002
2013-05-18,,,25.0,26.900000000000002
2013-05-19,,,,26.6
2013-05-20,,,,24.8
2013-05-21,,,23.0,26.6
2013-05-22,,,24.8,27.5
2013-05-23,,,,25.6
2013-05-24,,,,26.6
2013-05-25,,,24.400000000000002,27.400000000000002
2013-05-26,,,,25.8
2013-05-27,,,23.8,26.200000000000003
2013-05-28,,,24.0,27.200000000000003
2013-05-29,,,,26.700000000000003
2013-05-30,,,23.0,27.200000000000003
2013-05-31,,,23.6,26.8
2013-06-01,,,,26.8
2013-06-02,,,,26.200000000000003
2013-06-03,,,,26.0
2013-06-04,,,23.6,26.6
2013-06-05,,,23.8,26.200000000000003
2013-06-06,,,24.3,27.200000000000003
2013-06-07,,,,26.400000000000002
2013-06-08,,,24.400000000000002,26.5
2013-06-09,,,24.400000000000002,26.900000000000002
2013-06-10,,,,26.700000000000003
2013-06-11,,,25.0,26.6
2013-06-12,,,,25.8
2013-06-13,,,24.8,26.700000000000003
2013-06-14,,,,26.1
2013-06-15,,,,26.200000000000003
2013-06-16,,,24.3,25.8
2013-06-17,,,,26.1
2013-06-18,,,,26.400000000000002
2013-06-19,,,,26.200000000000003
2013-06-20,,,,25.6
2013-06-21,,,,25.8
2013-06-22,,,,26.5
2013-06-23,,,,25.8
2013-06-24,,,24.1,25.8
2013-06-25,,,24.0,25.6
2013-06-26,,,,24.900000000000002
2013-06-27,,,24.0,26.200000000000003
2013-06-28,,,,25.900000000000002
2013-06-29,,,22.400000000000002,26.700000000000003
2013-06-30,,,,24.700000000000003
2013-07-01,,,,25.0
2013-07-02,,,21.6,25.400000000000002
2013-07-03,,,,23.8
2013-07-04,,,21.0,25.0
2013-07-05,,,22.400000000000002,25.400000000000002
2013-07-06,,,23.0,26.1
2013-07-07,,,,26.400000000000002
2013-07-08,,,,27.0
2013-07-09,,,,25.6
2013-07-10,,,23.200000000000003,26.3
2013-07-11,,,,27.400000000000002
2013-07-12,,,,26.6
2013-07-13,,,22.5,25.900000000000002
2013-07-14,,,,25.6
2013-07-15,,,22.200000000000003,25.700000000000003
2013-07-16,,,,25.6
2013-07-18,,,23.200000000000003,25.6
2013-07-19,,,23.400000000000002,26.3
2013-07-20,,,23.0,25.8
2013-07-21,,,,24.8
2013-07-22,,,23.400000000000002,25.200000000000003
2013-07-23,0.0,,,24.900000000000002
2013-07-24,,,,24.700000000000003
2013-07-25,,,21.6,25.400000000000002
2013-07-26,,,23.1,25.200000000000003
2013-07-27,,,,25.200000000000003
2013-07-28,,,23.200000000000003,25.200000000000003
2013-07-29,,,,25.200000000000003
2013-07-30,,,,24.900000000000002
2013-07-31,,,,24.400000000000002
2013-08-01,,,21.400000000000002,25.0
2013-08-02,,,21.6,25.200000000000003
2013-08-03,,,,25.6
2013-08-04,,,,25.900000000000002
2013-08-05,,,,24.400000000000002
2013-08-06,,,,24.400000000000002
2013-08-07,,,20.900000000000002,24.900000000000002
2013-08-08,,,,23.700000000000003
2013-08-09,,,,24.1
2013-08-10,,,,24.6
2013-08-11,,,21.0,25.6
2013-08-12,,,,24.900000000000002
2013-08-13,,,23.1,25.700000000000003
2013-08-14,,,,25.900000000000002
2013-08-15,,,22.200000000000003,25.200000000000003
2013-08-16,,,,25.3
2013-08-17,,,,24.200000000000003
2013-08-18,,,20.8,26.1
2013-08-19,,,21.5,25.8
2013-08-20,,,,24.400000000000002
2013-08-21,,,,24.6
2013-08-22,,,,25.200000000000003
2013-08-23,,,20.400000000000002,25.8
2013-08-24,,,,24.900000000000002
2013-08-25,,,21.200000000000003,25.200000000000003
2013-08-26,,,21.6,26.6
2013-08-27,,,21.6,26.200000000000003
2013-08-28,,,24.200000000000003,26.200000000000003
2013-08-29,,,24.8,26.900000000000002
2013-08-30,,,,26.700000000000003
2013-08-31,,,,25.0
2013-09-01,,,,24.5
2013-09-02,,,,26.3
2013-09-03,,,,25.1
2013-09-04,,,19.8,26.200000000000003
2013-09-05,,,,24.1
2013-09-06,,,20.400000000000002,25.200000000000003
2013-09-07,,,20.8,25.900000000000002
2013-09-08,,,23.1,25.8
2013-09-09,,,23.400000000000002,26.400000000000002
2013-09-10,,,,25.900000000000002
2013-09-11,,,,25.5
2013-09-12,,,23.400000000000002,26.3
2013-09-13,,,,26.0
2013-09-14,,,23.200000000000003,26.900000000000002
2013-09-15,,,,26.400000000000002
2013-09-16,,,,26.400000000000002
2013-09-17,,,22.400000000000002,26.5
2013-09-18,,,,25.3
2013-09-19,,,21.200000000000003,25.3
2013-09-20,,,,25.400000000000002
2013-09-21,,,23.0,26.0
2013-09-22,,31.200000000000003,,26.6
2013-09-23,,,23.0,26.700000000000003
2013-09-24,,,,26.6
2013-09-25,,,21.400000000000002,26.3
2013-09-26,,,21.400000000000002,26.700000000000003
2013-09-27,,,22.6,26.6
2013-09-28,,,,26.200000000000003
2013-09-29,,,21.6,27.200000000000003
2013-09-30,,,22.200000000000003,26.8
2013-10-01,,,22.8,27.400000000000002
2013-10-02,,,24.0,26.8
2013-10-03,,,,25.900000000000002
2013-10-04,,,23.0,26.6
2013-10-05,,,,27.200000000000003
2013-10-06,,,21.8,26.400000000000002
2013-10-07,,,22.3,26.3
2013-10-08,,,,26.0
2013-10-09,,,,26.5
2013-10-10,,,23.700000000000003,28.3
2013-10-11,,,,26.6
2013-10-12,,,,26.8
2013-10-13,,,23.400000000000002,27.8
2013-10-14,,,24.400000000000002,27.8
2013-10-15,,,,27.3
2013-10-16,,,,27.3
2013-10-17,,,23.0,27.3
2013-10-18,,,22.700000000000003,27.6
2013-10-19,,,23.400000000000002,27.0
2013-10-20,,,24.400000000000002,28.700000000000003
2013-10-21,,,,27.3
2013-10-22,,,22.3,27.200000000000003
2013-10-23,,,,28.0
2013-10-24,,,,27.1
2013-10-25,,,,25.700000000000003
2013-10-26,,,21.0,27.3
2013-10-27,,,22.6,27.1
2013-10-28,,,23.0,28.400000000000002
2013-10-29,,,23.0,28.200000000000003
2013-10-30,,,23.6,27.8
2013-10-31,,,,27.1
2013-11-01,,,,25.900000000000002
2013-11-02,,,23.200000000000003,25.8
2013-11-03,,34.2,22.8,27.900000000000002
2013-11-04,,,,27.200000000000003
2013-11-05,,,23.0,27.6
2013-11-06,,,,28.1
2013-11-07,,,24.0,27.8
2013-11-08,,,24.200000000000003,26.700000000000003
2013-11-09,,,24.200000000000003,27.400000000000002
2013-11-10,,,,27.200000000000003
2013-11-11,,,,27.6
2013-11-12,,,24.200000000000003,28.1
2013-11-13,,,,27.700000000000003
2013-11-14,,,,26.3
2013-11-15,,,24.0,28.1
2013-11-16,,,24.900000000000002,28.8
2013-11-17,,,,26.6
2013-11-18,,,24.400000000000002,28.400000000000002
2013-11-19,,,,27.200000000000003
2013-11-20,,,24.0,27.6
2013-11-21,,,,25.3
2013-11-22,,,,27.700000000000003
2013-11-23,,,,27.3
2013-11-24,,,25.0,27.700000000000003
2013-11-25,,,,27.8
2013-11-26,,,24.0,28.6
2013-11-27,,,23.8,28.6
2013-11-28,,,24.200000000000003,26.400000000000002
2013-11-29,,,23.6,26.8
2013-11-30,,,21.200000000000003,26.900000000000002
2013-12-01,,,24.700000000000003,27.6
2013-12-02,,,,26.6
2013-12-03,,,,28.1
2013-12-04,,,24.200000000000003,27.900000000000002
2013-12-05,,,24.6,27.700000000000003
2013-12-06,,,24.6,28.0
2013-12-07,,,,26.3
2013-12-08,,,24.6,26.700000000000003
2013-12-09,,,24.6,26.3
2013-12-10,,,24.6,27.900000000000002
2013-12-11,,,,27.200000000000003
2013-12-12,,,23.6,26.200000000000003
2013-12-13,,,24.8,28.200000000000003
2013-12-14,,,24.6,28.900000000000002
2013-12-15,,,24.8,28.700000000000003
2013-12-16,,,25.3,27.900000000000002
2013-12-17,,32.800000000000004,24.8,29.200000000000003
2013-12-18,,,,26.8
2013-12-19,,,,26.6
2013-12-20,,,24.6,27.3
2013-12-21,,,24.6,27.700000000000003
2013-12-22,,,,25.8
2013-12-23,,,24.8,27.400000000000002
2013-12-24,,,,27.3
2013-12-25,,,24.200000000000003,25.8
2013-12-26,,,24.400000000000002,27.8
2013-12-27,,,,27.8
2013-12-28,,,,25.400000000000002
2013-12-29,,,23.200000000000003,28.1
2013-12-30,,,,27.400000000000002
2013-12-31,,,,27.700000000000003
2014-01-01,,,25.0,28.700000000000003
2014-01-02,,,,28.900000000000002
2014-01-03,,,25.1,28.700000000000003
2014-01-04,,,25.900000000000002,29.400000000000002
2014-01-05,,,,28.1
2014-01-06,,,25.400000000000002,28.8
2014-01-07,,,,28.1
2014-01-08,,,,26.700000000000003
2014-01-09,,,24.200000000000003,27.1
2014-01-10,,,24.200000000000003,27.200000000000003
2014-01-11,,,24.8,27.3
2014-01-12,,,,27.6
2014-01-13,,,24.5,28.200000000000003
2014-01-14,,,,28.1
2014-01-15,,,24.400000000000002,27.700000000000003
2014-01-16,,,23.200000000000003,27.900000000000002
2014-01-17,,,,25.400000000000002
2014-01-18,,,,25.5
2014-01-19,,,23.5,26.3
2014-01-20,,,23.8,26.3
2014-01-21,,,24.200000000000003,26.6
2014-01-22,,,24.400000000000002,26.6
2014-01-23,,,,26.3
2014-01-24,,,23.200000000000003,27.900000000000002
2014-01-25,,,,26.6
2014-01-26,,,,25.700000000000003
2014-01-27,,,24.0,26.8
2014-01-28,,,23.8,26.1
2014-01-29,,,22.200000000000003,25.3
2014-01-30,,,24.6,27.6
2014-01-31,,,24.8,27.0
2014-02-01,,,25.200000000000003,28.8
2014-02-02,,,24.400000000000002,28.8
2014-02-03,,,,27.8
2014-02-04,,,24.400000000000002,28.200000000000003
2014-02-05,,,,28.3
2014-02-06,,,25.200000000000003,28.3
2014-02-07,,,25.8,28.6
2014-02-08,,,,28.6
2014-02-09,,,,28.200000000000003
2014-02-10,,,,28.3
2014-02-11,,,,26.8
2014-02-12,,,,25.900000000000002
2014-02-13,,,23.8,25.8
2014-02-14,,,,27.1
2014-02-15,,,,25.1
2014-02-16,,,24.200000000000003,26.900000000000002
2014-02-17,,,,26.200000000000003
2014-02-18,,,,26.1
2014-02-19,,,,25.1
2014-02-20,,,22.0,25.1
2014-02-21,,,22.0,26.3
2014-02-22,,,23.400000000000002,26.5
2014-02-23,,,,25.700000000000003
2014-02-24,,,,26.0
2014-02-25,,,,26.400000000000002
2014-02-26,,,,26.8
2014-02-27,,,,26.200000000000003
2014-02-28,,,23.8,26.900000000000002
2014-03-01,,,24.200000000000003,26.8
2014-03-02,,,24.200000000000003,26.900000000000002
2014-03-03,,,25.1,27.400000000000002
2014-03-04,,,,27.200000000000003
2014-03-05,15.5,,,26.1
2014-03-06,13.0,,,26.1
2014-03-07,,,24.200000000000003,26.200000000000003
2014-03-08,,,,26.6
2014-03-09,,,22.400000000000002,27.200000000000003
2014-03-10,,,24.200000000000003,26.6
2014-03-11,,,25.0,27.400000000000002
2014-03-12,,,25.0,27.6
2014-03-13,,,25.200000000000003,28.0
2014-03-14,,,25.0,27.8
2014-03-15,,,,26.200000000000003
2014-03-16,,,24.200000000000003,26.3
2014-03-17,,,23.6,25.900000000000002
2014-03-18,,,,26.8
2014-03-19,,,,28.1
2014-03-20,,,24.5,28.6
2014-03-21,,,,26.8
2014-03-22,,,,28.200000000000003
2014-03-23,,,,26.3
2014-03-24,,,24.0,27.200000000000003
2014-03-25,,,24.200000000000003,27.3
2014-03-26,,,24.400000000000002,27.700000000000003
2014-03-27,,,24.8,28.400000000000002
2014-03-28,,,,29.3
2014-03-29,,,,28.400000000000002
2014-03-30,,,24.0,28.200000000000003
2014-03-31,,,,28.700000000000003
2014-04-01,,,24.6,27.6
2014-04-02,,,24.700000000000003,26.8
2014-04-03,,,,26.0
2014-04-04,,,,27.700000000000003
2014-04-05,,,,27.700000000000003
2014-04-06,,,25.0,29.0
2014-04-07,,,,28.0
2014-04-08,,,,27.3
2014-04-09,,,,27.0
2014-04-10,,,24.200000000000003,26.1
2014-04-11,,,,27.200000000000003
2014-04-12,,,24.1,27.900000000000002
2014-04-13,,,,27.700000000000003
2014-04-14,,,24.200000000000003,26.700000000000003
2014-04-15,,,,27.1
2014-04-16,,,25.0,27.8
2014-04-17,,,,26.0
2014-04-18,,,,25.900000000000002
2014-04-19,,,,25.900000000000002
2014-04-20,,,24.8,26.200000000000003
2014-04-21,,,25.0,26.700000000000003
2014-04-22,,,25.400000000000002,27.8
2014-04-23,,,25.400000000000002,28.3
2014-04-24,,,,26.8
2014-04-25,,,24.0,27.3
2014-04-26,,,,25.6
2014-04-27,,,24.0,26.700000000000003
2014-04-28,,,,27.900000000000002
2014-04-29,,,,27.700000000000003
2014-04-30,,,,26.8
2014-05-01,,,23.200000000000003,26.6
2014-05-02,,,23.200000000000003,26.900000000000002
2014-05-03,,,,26.400000000000002
2014-05-04,,,,26.1
2014-05-05,,,,26.400000000000002
2014-05-06,,,23.400000000000002,27.700000000000003
2014-05-07,,,24.0,28.200000000000003
2014-05-08,,,25.0,27.8
2014-05-09,,,,27.8
2014-05-10,,,24.5,26.8
2014-05-11,,,25.0,27.3
2014-05-12,,,,26.8
2014-05-13,,,,27.3
2014-05-14,,,,27.700000000000003
2014-05-15,,,,26.700000000000003
2014-05-16,,,,25.400000000000002
2014-05-17,,,,26.200000000000003
2014-05-18,,,23.8,27.0
2014-05-19,,,,26.5
2014-05-20,,,22.700000000000003,27.200000000000003
2014-05-21,,32.0,,27.6
2014-05-22,,31.0,,26.8
2014-05-23,,31.8,,26.3
2014-05-24,,32.0,23.0,26.8
2014-05-25,,31.8,23.700000000000003,27.0
2014-05-26,,30.3,,26.900000000000002
2014-05-27,,31.0,,26.700000000000003
2014-05-28,,30.0,24.200000000000003,27.1
2014-05-29,,31.400000000000002,,26.700000000000003
2014-05-30,,31.8,,26.6
2014-05-31,,30.0,23.3,26.1
2014-06-01,,30.3,23.3,26.8
2014-06-02,,29.6,,26.400000000000002
2014-06-03,,32.0,23.900000000000002,27.1
2014-06-04,,31.6,24.5,26.900000000000002
2014-06-05,,31.0,25.200000000000003,27.8
2014-06-06,,29.5,,25.6
2014-06-07,,28.8,,25.900000000000002
2014-06-08,,29.0,22.900000000000002,25.3
2014-06-09,,30.8,21.400000000000002,23.900000000000002
2014-06-10,,28.400000000000002,21.0,24.700000000000003
2014-06-11,,28.8,23.200000000000003,25.8
2014-06-12,,29.400000000000002,,25.700000000000003
2014-06-13,,29.1,,25.5
2014-06-14,,29.8,22.200000000000003,25.3
2014-06-15,,30.0,22.8,26.3
2014-06-16,,29.5,,25.6
2014-06-17,,30.400000000000002,23.0,26.3
2014-06-18,,30.8,24.6,26.700000000000003
2014-06-19,,30.6,22.200000000000003,26.1
2014-06-20,,,,26.1
2014-06-21,,30.3,,25.8
2014-06-22,,27.6,22.200000000000003,24.900000000000002
2014-06-23,,,,24.6
2014-06-24,,,20.900000000000002,25.400000000000002
2014-06-25,,29.0,,24.900000000000002
2014-06-26,,30.6,21.3,24.700000000000003
2014-06-27,,30.200000000000003,22.200000000000003,25.700000000000003
2014-06-28,,28.6,,24.900000000000002
2014-06-29,,30.200000000000003,22.3,25.8
2014-06-30,,28.0,,25.700000000000003
2014-07-01,,29.1,,25.6
2014-07-02,,27.0,,24.200000000000003
2014-07-03,,29.0,,24.3
2014-07-04,,28.0,21.400000000000002,25.3
2014-07-05,,,22.6,25.6
2014-07-06,,28.1,,25.200000000000003
2014-07-07,,29.0,,25.900000000000002
2014-07-08,,29.200000000000003,,24.8
2014-07-09,,28.6,,24.6
2014-07-10,,28.6,20.6,24.700000000000003
2014-07-11,,28.200000000000003,22.0,25.200000000000003
2014-07-12,,,,25.5
2014-07-13,,28.8,21.200000000000003,25.3
2014-07-14,,30.0,,24.700000000000003
2014-07-15,,28.200000000000003,22.6,24.6
2014-07-16,,30.700000000000003,,24.900000000000002
2014-07-17,,28.6,,24.5
2014-07-18,,29.8,,24.8
2014-07-19,,29.400000000000002,,22.900000000000002
2014-07-20,,,19.6,24.900000000000002
2014-07-21,,28.5,,22.1
2014-07-22,,29.200000000000003,20.5,24.6
2014-07-23,,30.0,22.400000000000002,24.700000000000003
2014-07-24,,,,24.6
2014-07-25,,29.0,21.6,24.8
2014-07-26,,30.700000000000003,22.0,25.400000000000002
2014-07-27,,30.200000000000003,22.0,25.1
2014-07-28,,30.200000000000003,,24.6
2014-07-29,,29.5,21.3,25.1
2014-07-30,,,,24.3
2014-07-31,,28.8,21.1,24.900000000000002
2014-08-01,,27.8,,24.400000000000002
2014-08-02,,31.400000000000002,21.0,25.8
2014-08-03,,31.0,,24.6
2014-08-04,,28.1,21.200000000000003,25.200000000000003
2014-08-05,,29.0,23.3,24.700000000000003
2014-08-06,,29.6,22.8,25.5
2014-08-07,,30.0,,24.6
2014-08-08,,29.3,,24.8
2014-08-09,,30.0,21.400000000000002,23.700000000000003
2014-08-10,,28.700000000000003,21.0,24.8
2014-08-11,,29.0,20.0,24.0
2014-08-12,,,,24.5
2014-08-13,,29.400000000000002,23.0,25.400000000000002
2014-08-14,,,23.200000000000003,25.200000000000003
2014-08-15,,27.3,,25.400000000000002
2014-08-16,,28.8,,26.0
2014-08-17,,28.8,,25.6
2014-08-18,,28.200000000000003,,25.700000000000003
2014-08-19,,28.6,,24.700000000000003
2014-08-20,,28.0,22.0,25.200000000000003
2014-08-21,,,,25.200000000000003
2014-08-22,,29.6,21.8,25.6
2014-08-23,,30.200000000000003,23.200000000000003,25.1
2014-08-24,,30.0,,26.0
2014-08-25,,30.200000000000003,,25.400000000000002
2014-08-26,,30.6,23.0,25.5
2014-08-27,,31.8,,24.3
2014-08-28,,28.400000000000002,21.0,25.6
2014-08-29,,31.0,21.8,25.5
2014-08-30,,29.0,,24.900000000000002
2014-08-31,,29.200000000000003,22.3,25.6
2014-09-01,,29.0,,24.700000000000003
2014-09-02,,,21.5,25.900000000000002
2014-09-03,,30.0,,25.6
2014-09-04,,28.6,,24.200000000000003
2014-09-05,,,20.400000000000002,25.5
2014-09-06,,32.1,,25.5
2014-09-07,,31.5,,25.6
2014-09-08,,32.0,20.400000000000002,24.8
2014-09-09,,32.4,,24.400000000000002
2014-09-10,,31.400000000000002,18.900000000000002,24.1
2014-09-11,,29.0,,23.200000000000003
2014-09-12,,30.3,18.1,23.900000000000002
2014-09-13,,30.200000000000003,18.8,25.5
2014-09-14,,28.200000000000003,19.8,25.1
2014-09-15,,30.200000000000003,,25.1
2014-09-16,,32.2,20.400000000000002,25.200000000000003
2014-09-17,,32.4,,24.3
2014-09-18,,29.700000000000003,20.0,23.400000000000002
2014-09-19,,32.0,20.3,25.700000000000003
2014-09-20,,29.400000000000002,22.5,25.1
2014-09-21,,30.200000000000003,22.6,26.6
2014-09-22,,30.0,,25.400000000000002
2014-09-23,,,21.8,26.400000000000002
2014-09-24,,31.1,22.700000000000003,25.3
2014-09-25,,31.900000000000002,22.900000000000002,27.0
2014-09-26,,34.0,,24.8
2014-09-27,,33.4,,25.3
2014-09-28,,33.4,,25.900000000000002
2014-09-29,,31.400000000000002,19.200000000000003,24.700000000000003
2014-09-30,,,,25.3
2014-10-01,,30.6,19.6,25.700000000000003
2014-10-02,,31.6,20.200000000000003,26.6
2014-10-03,,,,26.5
2014-10-04,,31.8,,26.5
2014-10-05,,,21.8,26.8
2014-10-06,,31.200000000000003,,25.8
2014-10-07,,32.9,,24.8
2014-10-08,,33.0,18.6,24.8
2014-10-09,,30.6,19.1,26.6
2014-10-10,,32.6,24.0,26.900000000000002
2014-10-11,,31.200000000000003,,26.900000000000002
2014-10-12,,34.0,22.6,27.400000000000002
2014-10-13,,,23.200000000000003,26.900000000000002
2014-10-14,,,,26.5
2014-10-15,,32.1,23.1,26.8
2014-10-16,,,23.3,28.3
2014-10-17,,,,27.700000000000003
2014-10-18,,33.6,,27.200000000000003
2014-10-19,,32.800000000000004,20.700000000000003,26.8
2014-10-20,,33.2,21.900000000000002,26.3
2014-10-21,,,21.200000000000003,27.8
2014-10-22,,31.5,,27.1
2014-10-23,,32.800000000000004,22.8,26.900000000000002
2014-10-24,,,,26.900000000000002
2014-10-25,,30.8,23.0,27.1
2014-10-26,,32.5,,26.1
2014-10-27,,31.8,23.0,26.400000000000002
2014-10-28,,32.0,23.200000000000003,26.700000000000003
2014-10-29,,30.8,,26.900000000000002
2014-10-30,,,23.0,26.700000000000003
2014-10-31,,32.2,24.200000000000003,27.200000000000003
2014-11-01,,32.0,23.3,27.3
2014-11-02,,31.8,23.3,28.5
2014-11-03,,33.0,,29.200000000000003
2014-11-04,,33.800000000000004,,27.900000000000002
2014-11-05,,,,27.3
2014-11-06,,,,27.1
2014-11-07,,33.0,,27.1
2014-11-08,,32.6,22.0,27.1
2014-11-09,,31.400000000000002,,27.900000000000002
2014-11-10,,32.2,24.6,28.700000000000003
2014-11-11,,33.0,25.0,27.8
2014-11-12,,33.2,,28.200000000000003
2014-11-13,,32.4,,26.400000000000002
2014-11-14,,31.700000000000003,24.0,27.6
2014-11-15,,,24.0,27.900000000000002
2014-11-16,,33.4,,27.5
2014-11-17,,32.2,23.3,27.900000000000002
2014-11-18,,33.300000000000004,,27.6
2014-11-19,,,,28.1
2014-11-20,,33.2,23.8,28.1
2014-11-21,,34.2,25.200000000000003,29.1
2014-11-22,,32.300000000000004,25.6,28.8
2014-11-23,,32.800000000000004,,28.200000000000003
2014-11-24,,,24.1,28.3
2014-11-25,,32.2,24.0,28.400000000000002
2014-11-26,,34.5,,27.700000000000003
2014-11-27,,,24.400000000000002,27.700000000000003
2014-11-28,,31.900000000000002,24.400000000000002,27.900000000000002
2014-11-29,,32.800000000000004,,27.8
2014-11-30,,33.2,23.400000000000002,27.900000000000002
2014-12-01,,,23.5,27.8
2014-12-02,,32.6,,27.6
2014-12-03,,31.200000000000003,23.5,28.200000000000003
2014-12-04,,33.0,24.6,29.200000000000003
2014-12-05,,33.6,25.8,29.1
2014-12-06,,32.2,,27.900000000000002
2014-12-07,,32.4,,27.700000000000003
2014-12-08,,33.0,23.8,29.1
2014-12-09,,31.400000000000002,,27.400000000000002
2014-12-10,,33.2,25.3,27.8
2014-12-11,,32.4,,27.400000000000002
2014-12-12,,33.0,24.8,26.200000000000003
2014-12-13,,32.2,24.900000000000002,28.900000000000002
2014-12-14,,33.800000000000004,25.200000000000003,28.200000000000003
2014-12-15,,33.2,,28.1
2014-12-16,,33.6,24.400000000000002,28.700000000000003
2014-12-17,,32.6,24.200000000000003,28.3
2014-12-18,,,25.0,29.3
2014-12-19,,32.6,,28.1
2014-12-20,,32.800000000000004,24.6,28.700000000000003
2014-12-21,,31.8,,27.8
2014-12-22,,34.6,25.1,28.200000000000003
2014-12-23,,33.6,25.0,28.900000000000002
2014-12-24,,35.800000000000004,,29.1
2014-12-25,,33.4,24.400000000000002,29.0
2014-12-26,,35.800000000000004,,29.3
2014-12-27,,34.7,25.0,29.6
2014-12-28,,35.0,25.8,28.0
2014-12-29,,,25.6,27.700000000000003
2014-12-30,,31.400000000000002,,27.5
2014-12-31,,31.6,24.3,28.0
2015-01-01,,,25.1,27.400000000000002
2015-01-02,,31.400000000000002,,27.6
2015-01-03,,32.4,24.0,28.8
2015-01-04,,30.200000000000003,,26.6
2015-01-05,,,,27.0
2015-01-06,32.0,29.700000000000003,23.400000000000002,25.3
2015-01-07,,,23.900000000000002,26.1
2015-01-08,,28.6,,24.900000000000002
2015-01-09,,29.200000000000003,23.6,25.8
2015-01-10,,30.400000000000002,23.700000000000003,27.200000000000003
2015-01-11,,26.8,,24.400000000000002
2015-01-12,,30.0,22.6,25.1
2015-01-13,,32.0,23.400000000000002,27.900000000000002
2015-01-14,,31.200000000000003,,27.3
2015-01-15,,33.2,24.3,28.3
2015-01-16,,32.800000000000004,,27.900000000000002
2015-01-17,,31.0,,25.700000000000003
2015-01-18,,,23.200000000000003,27.8
2015-01-19,,32.4,23.8,29.6
2015-01-20,,33.0,,27.0
2015-01-21,,32.6,24.200000000000003,27.700000000000003
2015-01-22,,31.5,24.900000000000002,27.6
2015-01-23,,32.800000000000004,25.0,27.3
2015-01-24,,30.200000000000003,,26.200000000000003
2015-01-25,,33.2,23.700000000000003,28.700000000000003
2015-01-26,,33.0,,27.400000000000002
2015-01-27,,,24.200000000000003,26.700000000000003
2015-01-28,,30.8,24.6,28.200000000000003
2015-01-29,,29.400000000000002,,25.6
2015-01-30,,32.2,24.0,26.3
2015-01-31,,30.0,23.8,25.900000000000002
2015-02-01,,31.0,,26.400000000000002
2015-02-02,,,24.0,27.700000000000003
2015-02-03,,30.200000000000003,,26.3
2015-02-04,,31.0,23.400000000000002,25.3
2015-02-05,,,23.400000000000002,27.200000000000003
2015-02-06,,31.400000000000002,23.8,26.900000000000002
2015-02-07,,31.8,24.200000000000003,27.900000000000002
2015-02-08,,32.0,,27.8
2015-02-09,,30.6,,26.700000000000003
2015-02-10,,29.0,22.700000000000003,26.400000000000002
2015-02-11,,29.6,,25.8
2015-02-12,,,23.400000000000002,26.400000000000002
2015-02-13,,,23.400000000000002,26.0
2015-02-14,,29.8,23.400000000000002,25.6
2015-02-15,,30.0,24.1,26.700000000000003
2015-02-16,,30.400000000000002,,26.700000000000003
2015-02-17,,31.3,23.6,26.3
2015-02-18,,33.2,24.200000000000003,27.3
2015-02-19,,,24.700000000000003,28.400000000000002
2015-02-20,,33.6,25.0,29.1
2015-02-21,,32.4,,26.400000000000002
2015-02-22,,32.0,24.1,28.200000000000003
2015-02-23,,33.2,,27.700000000000003
2015-02-24,,31.200000000000003,24.0,27.6
2015-02-25,,31.6,,27.900000000000002
2015-02-26,,31.8,,26.8
2015-02-27,,32.2,23.1,26.3
2015-02-28,,30.3,,25.8
2015-03-01,,31.6,24.0,26.8
2015-03-02,,31.8,23.8,27.400000000000002
2015-03-03,,32.2,,26.400000000000002
2015-03-04,,30.200000000000003,23.900000000000002,25.200000000000003
2015-03-05,,30.8,23.8,26.900000000000002
2015-03-06,5.1000000000000005,30.400000000000002,24.1,26.200000000000003
2015-03-07,,31.0,23.900000000000002,26.0
2015-03-08,,30.400000000000002,23.8,25.3
2015-03-09,,29.8,,24.700000000000003
2015-03-10,,30.400000000000002,21.200000000000003,26.3
2015-03-11,,30.400000000000002,23.700000000000003,27.3
2015-03-12,,30.0,24.400000000000002,28.1
2015-03-13,,,,26.700000000000003
2015-03-14,,32.0,21.900000000000002,25.1
2015-03-15,,30.0,22.8,26.6
2015-03-16,,30.200000000000003,,27.6
2015-03-17,,,22.200000000000003,25.6
2015-03-18,,31.0,23.6,27.8
2015-03-19,,31.200000000000003,,27.6
2015-03-20,,30.8,25.0,28.200000000000003
2015-03-21,,31.200000000000003,,27.0
2015-03-22,,33.0,,27.3
2015-03-23,,33.2,,28.200000000000003
2015-03-24,,,24.400000000000002,26.6
2015-03-25,,33.0,24.200000000000003,28.3
2015-03-26,,32.4,,28.400000000000002
2015-03-27,,32.0,,27.200000000000003
2015-03-28,,33.0,23.0,28.1
2015-03-29,,33.1,24.8,28.700000000000003
2015-03-30,,32.800000000000004,,28.200000000000003
2015-03-31,,32.2,24.400000000000002,28.6
2015-04-01,,33.4,,27.1
2015-04-02,,32.6,24.700000000000003,27.700000000000003
2015-04-03,,33.0,,28.6
2015-04-04,,30.8,25.0,27.700000000000003
2015-04-05,,31.200000000000003,,27.1
2015-04-06,,32.4,23.6,27.200000000000003
2015-04-07,,32.6,23.700000000000003,28.200000000000003
2015-04-08,,31.900000000000002,,27.900000000000002
2015-04-09,,32.4,23.200000000000003,27.900000000000002
2015-04-10,,31.400000000000002,23.8,28.400000000000002
2015-04-11,,33.4,,27.0
2015-04-12,,,23.900000000000002,29.3
2015-04-13,,33.0,24.900000000000002,27.5
2015-04-14,,32.800000000000004,,27.400000000000002
2015-04-15,,31.8,,27.400000000000002
2015-04-16,,33.6,,26.200000000000003
2015-04-17,,32.0,,26.8
2015-04-18,,31.0,23.900000000000002,27.3
2015-04-19,,30.6,,27.200000000000003
2015-04-20,,31.400000000000002,24.200000000000003,26.900000000000002
2015-04-21,,32.2,,27.200000000000003
2015-04-22,23.900000000000002,30.200000000000003,,25.700000000000003
2015-04-23,,29.5,,26.1
2015-04-24,,30.3,23.0,27.200000000000003
2015-04-25,,31.200000000000003,,27.3
2015-04-26,,33.1,,27.1
2015-04-27,,32.0,23.1,27.8
2015-04-28,,30.8,,27.3
2015-04-29,,29.6,23.8,26.400000000000002
2015-04-30,,30.0,,26.200000000000003
2015-05-01,,33.0,,26.1
2015-05-02,,30.8,23.5,27.3
2015-05-03,,30.8,,27.200000000000003
2015-05-04,,32.0,,26.3
2015-05-05,,32.2,,26.3
2015-05-06,,31.5,,26.200000000000003
2015-05-07,,31.400000000000002,,26.200000000000003
2015-05-08,,31.200000000000003,22.5,27.3
2015-05-09,,33.0,,27.1
2015-05-10,,31.5,,26.900000000000002
2015-05-11,,,,26.8
2015-05-12,,30.8,22.8,26.200000000000003
2015-05-13,,30.6,,25.900000000000002
2015-05-14,,30.400000000000002,22.6,26.900000000000002
2015-05-15,,29.400000000000002,23.6,25.900000000000002
2015-05-16,,,,26.3
2015-05-17,,32.4,23.3,26.5
2015-05-18,,31.200000000000003,24.0,27.400000000000002
2015-05-19,,31.200000000000003,,26.400000000000002
2015-05-20,,31.400000000000002,,26.1
2015-05-21,,32.6,,26.400000000000002
2015-05-22,,30.900000000000002,21.900000000000002,26.0
2015-05-23,,31.6,22.1,26.3
2015-05-24,,28.6,23.400000000000002,25.6
2015-05-25,,31.6,,26.0
2015-05-26,,30.3,,25.6
2015-05-27,,30.200000000000003,22.900000000000002,25.900000000000002
2015-05-28,,29.900000000000002,24.3,25.900000000000002
2015-05-29,,32.1,,26.5
2015-05-30,,26.6,,24.200000000000003
2015-05-31,,30.0,22.200000000000003,25.8
2015-06-01,,30.6,23.400000000000002,26.6
2015-06-02,,30.400000000000002,,26.400000000000002
2015-06-03,,32.0,21.700000000000003,26.200000000000003
2015-06-04,,30.5,23.8,26.8
2015-06-05,,31.400000000000002,,26.6
2015-06-06,,30.0,24.0,26.1
2015-06-07,,29.8,,26.1
2015-06-08,,31.8,22.900000000000002,26.200000000000003
2015-06-09,,29.200000000000003,,24.8
2015-06-10,,31.200000000000003,22.3,26.200000000000003
2015-06-11,,30.1,22.6,25.8
2015-06-12,,30.0,23.1,26.8
2015-06-13,,,,25.6
2015-06-14,,30.200000000000003,24.0,26.1
2015-06-15,,28.400000000000002,23.6,26.0
2015-06-16,,30.400000000000002,23.900000000000002,26.0
2015-06-17,,30.1,24.8,25.6
2015-06-18,,,,26.0
2015-06-19,,30.200000000000003,23.900000000000002,26.200000000000003
2015-06-20,,29.8,,25.5
2015-06-21,,30.5,22.1,26.0
2015-06-22,,31.200000000000003,23.1,26.1
2015-06-23,,29.400000000000002,,24.900000000000002
2015-06-24,,28.6,,23.700000000000003
2015-06-25,,28.5,19.0,23.5
2015-06-26,,30.6,19.6,25.0
2015-06-27,,29.8,20.6,25.6
2015-06-28,,29.6,21.700000000000003,25.200000000000003
2015-06-29,,29.1,,23.900000000000002
2015-06-30,,30.0,19.400000000000002,23.700000000000003
2015-07-01,,30.400000000000002,19.5,24.900000000000002
2015-07-02,,28.6,21.3,23.900000000000002
2015-07-03,,,,23.200000000000003
2015-07-04,,30.1,18.2,24.200000000000003
2015-07-05,,,,26.200000000000003
2015-07-06,,29.900000000000002,20.400000000000002,24.700000000000003
2015-07-07,,30.0,,24.700000000000003
2015-07-08,,,,24.400000000000002
2015-07-09,,30.200000000000003,21.3,25.3
2015-07-10,,,22.8,26.1
2015-07-11,,29.900000000000002,,25.8
2015-07-12,,28.6,,25.1
2015-07-13,,30.200000000000003,21.400000000000002,25.5
2015-07-14,,30.8,23.0,25.6
2015-07-15,,28.200000000000003,,24.700000000000003
2015-07-16,,,21.700000000000003,24.8
2015-07-17,,26.900000000000002,,23.400000000000002
2015-07-18,,29.200000000000003,20.0,24.400000000000002
2015-07-19,,29.200000000000003,22.0,25.3
2015-07-20,,,22.5,25.900000000000002
2015-07-21,,30.5,22.200000000000003,25.900000000000002
2015-07-22,,29.6,22.400000000000002,25.700000000000003
2015-07-23,,30.0,,24.900000000000002
2015-07-24,,29.200000000000003,22.0,25.3
2015-07-25,,28.400000000000002,23.6,25.5
2015-07-26,,29.1,22.700000000000003,25.900000000000002
2015-07-27,,29.8,22.8,25.700000000000003
2015-07-28,,30.0,22.200000000000003,25.400000000000002
2015-07-29,,31.8,,25.5
2015-07-30,,,,25.200000000000003
2015-07-31,,30.900000000000002,,24.400000000000002
2015-08-01,,,,24.1
2015-08-02,,30.200000000000003,19.900000000000002,24.200000000000003
2015-08-03,,29.8,20.0,24.8
2015-08-04,,,,23.400000000000002
2015-08-05,,28.400000000000002,18.3,23.6
2015-08-06,,30.0,17.400000000000002,24.3
2015-08-07,,30.6,,23.900000000000002
2015-08-08,,29.200000000000003,19.200000000000003,25.200000000000003
2015-08-09,,,19.200000000000003,23.6
2015-08-10,,,19.400000000000002,24.6
2015-08-11,,29.900000000000002,,24.0
2015-08-12,,29.8,19.8,23.8
2015-08-13,,31.0,,24.3
2015-08-14,,31.6,19.200000000000003,24.3
2015-08-15,,30.5,19.700000000000003,24.400000000000002
2015-08-16,,30.0,,24.900000000000002
2015-08-17,,30.0,,24.1
2015-08-18,,31.8,20.200000000000003,24.200000000000003
2015-08-19,,31.0,,25.1
2015-08-20,,30.900000000000002,19.8,24.6
2015-08-21,,30.700000000000003,,24.400000000000002
2015-08-22,,32.2,,24.900000000000002
2015-08-23,,30.400000000000002,22.200000000000003,25.700000000000003
2015-08-24,,29.0,,24.8
2015-08-25,,30.8,,25.3
2015-08-26,,31.6,,24.8
2015-08-27,,30.200000000000003,20.0,24.8
2015-08-28,,30.0,20.6,25.8
2015-08-29,,30.6,,25.3
2015-08-30,,29.900000000000002,,24.700000000000003
2015-08-31,,30.400000000000002,20.6,24.700000000000003
2015-09-01,,30.200000000000003,,24.8
2015-09-02,,32.800000000000004,,24.8
2015-09-03,,29.3,18.7,24.3
2015-09-04,,30.6,19.200000000000003,24.8
2015-09-05,,30.0,,23.1
2015-09-06,,31.1,19.6,25.1
2015-09-07,,32.5,,25.200000000000003
2015-09-08,,33.0,20.5,25.200000000000003
2015-09-09,,32.0,20.8,25.5
2015-09-10,,32.6,,25.200000000000003
2015-09-11,,29.5,20.200000000000003,26.1
2015-09-12,,30.3,22.900000000000002,25.6
2015-09-13,,32.0,,25.5
2015-09-14,,,,25.8
2015-09-15,,31.0,,25.900000000000002
2015-09-16,,31.900000000000002,20.5,26.200000000000003
2015-09-17,,32.0,,26.1
2015-09-18,,30.6,,24.6
2015-09-19,,30.0,,24.400000000000002
2015-09-20,,30.700000000000003,19.900000000000002,24.900000000000002
2015-09-21,,31.400000000000002,20.6,25.6
2015-09-22,,33.800000000000004,,25.400000000000002
2015-09-23,,32.9,,25.1
2015-09-24,,33.0,19.3,25.3
2015-09-25,,31.200000000000003,21.0,25.700000000000003
2015-09-26,,,21.0,25.400000000000002
2015-09-27,,31.200000000000003,21.3,26.700000000000003
2015-09-28,,31.3,,26.5
2015-09-29,,31.0,,25.900000000000002
2015-09-30,,31.900000000000002,21.200000000000003,26.1
2015-10-01,,,,25.700000000000003
2015-10-02,,,20.0,26.6
2015-10-03,,33.4,,27.3
2015-10-04,,32.4,20.8,25.8
2015-10-05,,31.3,,25.8
2015-10-06,,,20.400000000000002,25.8
2015-10-07,,32.2,21.700000000000003,26.6
2015-10-08,,32.300000000000004,22.6,27.3
2015-10-09,,31.5,21.0,26.200000000000003
2015-10-10,,30.3,23.200000000000003,26.6
2015-10-11,,33.0,22.6,26.3
2015-10-12,,32.1,,26.200000000000003
2015-10-13,,32.6,,25.900000000000002
2015-10-14,,30.700000000000003,21.1,25.700000000000003
2015-10-15,,31.200000000000003,,25.400000000000002
2015-10-16,,31.400000000000002,20.0,25.400000000000002
2015-10-17,,32.4,21.0,26.3
2015-10-18,,31.400000000000002,,24.900000000000002
2015-10-19,,31.3,21.200000000000003,25.900000000000002
2015-10-20,,32.0,21.0,25.900000000000002
2015-10-21,,,21.8,26.6
2015-10-22,,32.300000000000004,,26.0
2015-10-23,,32.6,,25.900000000000002
2015-10-24,,31.200000000000003,21.8,27.200000000000003
2015-10-25,,33.4,22.0,27.8
2015-10-26,,32.6,22.6,27.900000000000002
2015-10-27,,33.4,,27.8
2015-10-28,,31.8,23.400000000000002,27.0
2015-10-29,,31.6,24.3,27.5
2015-10-30,,31.400000000000002,,27.3
2015-10-31,,,23.900000000000002,27.700000000000003
2015-11-01,,32.6,23.8,27.8
2015-11-02,,32.0,24.8,28.200000000000003
2015-11-03,,31.8,24.6,27.900000000000002
2015-11-04,,31.6,21.8,27.6
2015-11-05,,,25.0,28.6
2015-11-06,,32.800000000000004,25.0,28.200000000000003
2015-11-07,,,25.3,29.8
2015-11-08,,32.0,,28.0
2015-11-09,,32.300000000000004,24.8,28.6
2015-11-10,,33.6,,28.700000000000003
2015-11-11,,33.2,,28.3
2015-11-12,,32.5,24.400000000000002,28.3
2015-11-13,,,,28.0
2015-11-14,,33.0,,27.1
2015-11-15,,31.3,22.0,27.8
2015-11-16,,32.0,24.0,28.3
2015-11-17,,32.5,25.0,29.200000000000003
2015-11-18,,32.6,,28.6
2015-11-19,,,,28.200000000000003
2015-11-20,,32.0,21.8,27.8
2015-11-21,,33.6,24.0,28.700000000000003
2015-11-22,,33.4,24.400000000000002,28.8
2015-11-23,,33.4,24.200000000000003,29.1
2015-11-24,,33.0,25.400000000000002,29.3
2015-11-25,,34.6,25.6,29.200000000000003
2015-11-26,,34.7,25.5,28.3
2015-11-27,,,,28.400000000000002
2015-11-28,,33.4,24.400000000000002,28.400000000000002
2015-11-29,,33.6,24.200000000000003,28.8
2015-11-30,,33.4,25.1,29.700000000000003
2015-12-01,,33.2,,28.700000000000003
2015-12-02,,33.2,,28.8
2015-12-03,,32.6,24.8,29.200000000000003
2015-12-04,,,24.5,29.5
2015-12-05,,34.6,,29.3
2015-12-06,,33.800000000000004,,29.1
2015-12-07,,33.800000000000004,,28.6
2015-12-08,,34.2,23.8,28.700000000000003
2015-12-09,,34.0,24.3,28.8
2015-12-10,,34.5,25.200000000000003,29.5
2015-12-11,,34.800000000000004,26.0,29.3
2015-12-12,,33.1,25.200000000000003,29.1
2015-12-13,,33.6,25.8,29.200000000000003
2015-12-14,,,25.6,29.3
2015-12-15,,34.0,,29.900000000000002
2015-12-16,,33.5,24.0,28.400000000000002
2015-12-17,,31.700000000000003,24.400000000000002,28.3
2015-12-18,,,25.6,29.400000000000002
2015-12-19,,30.6,,25.700000000000003
2015-12-20,,32.6,24.200000000000003,28.200000000000003
2015-12-21,,32.0,,26.400000000000002
2015-12-22,,29.3,,24.8
2015-12-23,,33.4,23.0,28.5
2015-12-24,,,23.200000000000003,29.8
2015-12-25,,34.0,25.400000000000002,30.1
2015-12-26,,33.800000000000004,,29.8
2015-12-27,,,25.400000000000002,29.900000000000002
2015-12-28,,33.800000000000004,25.900000000000002,29.6
2015-12-29,,34.0,,29.700000000000003
2015-12-30,,33.6,25.6,29.700000000000003
2015-12-31,,33.4,25.8,28.8
2016-01-01,,32.6,,29.1
2016-01-02,,32.6,,28.900000000000002
2016-01-03,,32.800000000000004,25.200000000000003,29.200000000000003
2016-01-04,,32.6,,29.1
2016-01-05,,32.4,,28.8
2016-01-06,,,,29.8
2016-01-07,,32.7,,29.5
2016-01-08,,,,28.6
2016-01-09,,33.0,25.1,29.8
2016-01-10,,34.7,,29.3
2016-01-11,,34.9,,29.200000000000003
2016-01-12,,,25.200000000000003,29.3
2016-01-13,,33.2,,28.6
2016-01-14,,35.0,25.0,29.1
2016-01-15,,33.5,25.700000000000003,29.8
2016-01-16,,34.6,25.200000000000003,29.700000000000003
2016-01-17,,34.2,,28.5
2016-01-18,,34.6,25.5,29.400000000000002
2016-01-19,,33.5,25.0,27.900000000000002
2016-01-20,,33.9,25.8,29.700000000000003
2016-01-21,,33.4,26.1,29.6
2016-01-22,,33.6,,29.5
2016-01-23,,35.0,25.0,29.6
2016-01-24,,33.300000000000004,,29.1
2016-01-25,,33.2,25.0,27.400000000000002
2016-01-26,,32.4,,28.0
2016-01-27,,33.0,24.900000000000002,28.0
2016-01-28,,32.800000000000004,,28.0
2016-01-29,,32.800000000000004,24.0,27.900000000000002
2016-01-30,,32.4,25.0,27.8
2016-01-31,,33.0,,27.0
2016-02-01,,32.2,24.400000000000002,27.3
2016-02-02,,33.0,25.0,29.0
2016-02-03,,32.800000000000004,24.1,29.1
2016-02-04,,32.800000000000004,23.8,26.6
2016-02-05,,31.400000000000002,24.400000000000002,27.400000000000002
2016-02-06,,28.6,,25.400000000000002
2016-02-07,,31.0,24.5,28.3
2016-02-08,,30.400000000000002,,27.0
2016-02-09,,,24.8,27.400000000000002
2016-02-10,,31.400000000000002,25.1,27.6
2016-02-11,,32.0,,27.1
2016-02-12,,29.8,25.200000000000003,27.400000000000002
2016-02-13,,,25.200000000000003,25.8
2016-02-14,,29.8,23.0,26.1
2016-02-15,,29.8,23.0,26.6
2016-02-16,,31.6,24.200000000000003,26.700000000000003
2016-02-17,,31.8,25.0,27.900000000000002
2016-02-18,,32.1,25.0,28.1
2016-02-19,,31.6,22.8,27.400000000000002
2016-02-20,,31.400000000000002,24.8,27.900000000000002
2016-02-21,,32.0,24.6,28.6
2016-02-22,,31.400000000000002,,28.700000000000003
2016-02-23,,32.1,24.8,29.1
2016-02-24,,32.2,25.0,28.0
2016-02-25,,32.0,25.0,27.8
2016-02-26,,32.0,25.400000000000002,28.3
2016-02-27,,30.400000000000002,26.0,27.8
2016-02-28,,32.6,25.6,28.900000000000002
2016-02-29,,32.800000000000004,25.6,29.400000000000002
2016-03-01,,33.0,25.700000000000003,29.400000000000002
2016-03-02,,33.4,25.8,29.8
2016-03-03,,,26.5,28.900000000000002
2016-03-04,,32.4,,28.0
2016-03-05,,32.800000000000004,24.900000000000002,28.5
2016-03-06,,32.6,25.8,28.900000000000002
2016-03-07,,32.0,,28.0
2016-03-08,,32.2,25.200000000000003,28.200000000000003
2016-03-09,,32.0,25.0,27.5
2016-03-10,,,25.200000000000003,28.8
2016-03-11,,32.6,,29.200000000000003
2016-03-12,,32.4,,25.700000000000003
2016-03-13,,32.2,24.8,28.200000000000003
2016-03-14,,32.4,24.8,26.400000000000002
2016-03-15,,,25.400000000000002,28.400000000000002
2016-03-16,,30.900000000000002,25.0,27.8
2016-03-17,,32.4,25.6,29.200000000000003
2016-03-18,,31.0,,27.200000000000003
2016-03-19,,33.2,25.1,27.900000000000002
2016-03-20,,29.8,22.400000000000002,26.1
2016-03-21,,,24.900000000000002,28.3
2016-03-22,,32.0,25.5,28.3
2016-03-23,,,,27.200000000000003
2016-03-24,,32.2,,28.3
2016-03-25,,,23.0,27.900000000000002
2016-03-26,,33.300000000000004,,26.8
2016-03-27,,33.4,24.0,27.1
2016-03-28,,31.0,24.0,27.0
2016-03-29,,32.0,,28.3
2016-03-30,,34.2,22.1,28.700000000000003
2016-03-31,,33.0,24.900000000000002,28.6
2016-04-01,,32.0,,28.400000000000002
2016-04-02,,33.2,25.400000000000002,28.900000000000002
2016-04-03,,32.2,,28.200000000000003
2016-04-04,,,,28.200000000000003
2016-04-05,,29.6,24.8,26.6
2016-04-06,,31.200000000000003,24.8,27.900000000000002
2016-04-07,,,25.400000000000002,27.6
2016-04-08,,31.6,25.3,27.6
2016-04-09,,33.800000000000004,25.6,28.900000000000002
2016-04-10,,33.2,,28.900000000000002
2016-04-11,,32.2,,28.3
2016-04-12,,,,28.200000000000003
2016-04-13,,32.0,,28.200000000000003
2016-04-14,,35.6,24.3,28.200000000000003
2016-04-15,,31.0,,27.200000000000003
2016-04-16,,30.200000000000003,25.0,27.400000000000002
2016-04-17,,33.4,25.200000000000003,27.900000000000002
2016-04-18,,32.2,,26.700000000000003
2016-04-19,,31.0,25.1,27.5
2016-04-20,,,,26.200000000000003
2016-04-21,,33.6,25.200000000000003,26.700000000000003
2016-04-22,,33.9,,26.6
2016-04-23,,30.0,,26.200000000000003
2016-04-24,,30.400000000000002,24.900000000000002,26.900000000000002
2016-04-25,,30.3,,27.200000000000003
2016-04-26,,31.8,,27.6
2016-04-27,,30.8,25.400000000000002,27.900000000000002
2016-04-28,,31.200000000000003,26.400000000000002,28.0
2016-04-29,,,,25.0
2016-04-30,,31.200000000000003,24.8,27.3
2016-05-01,,33.2,25.5,28.6
2016-05-02,,32.800000000000004,24.8,28.3
2016-05-03,,31.1,,25.8
2016-05-04,,,24.8,28.1
2016-05-05,,31.6,,27.900000000000002
2016-05-06,,33.2,,28.6
2016-05-07,,32.4,25.200000000000003,28.400000000000002
2016-05-08,,,25.200000000000003,28.900000000000002
2016-05-09,,33.4,,28.5
2016-05-10,,32.6,23.900000000000002,27.900000000000002
2016-05-11,,33.300000000000004,24.0,27.700000000000003
2016-05-12,,32.800000000000004,21.400000000000002,28.6
2016-05-13,,32.800000000000004,,28.3
2016-05-14,,32.800000000000004,23.200000000000003,28.1
2016-05-15,,,,27.0
2016-05-16,,31.1,,26.8
2016-05-17,,32.2,,28.0
2016-05-18,,30.8,23.8,27.700000000000003
2016-05-19,,32.300000000000004,,27.900000000000002
2016-05-20,,31.200000000000003,,27.3
2016-05-21,,30.400000000000002,23.200000000000003,27.1
2016-05-22,,29.6,,26.8
2016-05-23,,31.400000000000002,25.1,27.8
2016-05-24,,32.4,25.0,28.1
2016-05-25,,31.6,24.200000000000003,27.6
2016-05-26,,32.4,25.400000000000002,27.900000000000002
2016-05-27,,32.2,,27.3
2016-05-28,,32.7,,26.900000000000002
2016-05-29,,32.2,,27.400000000000002
2016-05-30,,32.0,24.1,27.6
2016-05-31,,32.6,24.8,27.900000000000002
2016-06-01,,,24.8,28.1
2016-06-02,,30.6,,26.900000000000002
2016-06-03,,31.0,,27.1
2016-06-04,,30.1,,26.1
2016-06-05,,31.200000000000003,,26.5
2016-06-06,,,,26.400000000000002
2016-06-07,,30.1,20.900000000000002,25.6
2016-06-08,,31.400000000000002,,26.6
2016-06-09,,31.0,,27.400000000000002
2016-06-10,,31.400000000000002,23.6,27.200000000000003
2016-06-11,,31.200000000000003,21.200000000000003,27.3
2016-06-12,,31.900000000000002,,26.8
2016-06-13,,31.200000000000003,,27.200000000000003
2016-06-14,,31.700000000000003,,27.1
2016-06-15,,32.2,,26.5
2016-06-16,,32.4,23.1,26.200000000000003
2016-06-17,,30.400000000000002,,26.5
2016-06-18,,30.5,24.400000000000002,26.900000000000002
2016-06-19,,31.0,24.400000000000002,27.200000000000003
2016-06-20,,,24.6,27.3
2016-06-21,,31.200000000000003,25.0,27.5
2016-06-22,,31.0,25.0,27.400000000000002
2016-06-23,,31.1,,26.700000000000003
2016-06-24,,31.3,,26.8
2016-06-25,,30.5,23.200000000000003,26.6
2016-06-26,,30.400000000000002,23.8,27.3
2016-06-27,,29.0,,26.400000000000002
2016-06-28,,30.200000000000003,,26.400000000000002
2016-06-29,,29.8,23.900000000000002,26.200000000000003
2016-06-30,,29.0,,25.1
2016-07-01,,29.6,,24.6
2016-07-02,,29.700000000000003,21.0,25.400000000000002
2016-07-03,,,23.0,24.8
2016-07-04,,28.400000000000002,22.6,25.400000000000002
2016-07-05,,29.200000000000003,22.900000000000002,25.900000000000002
2016-07-06,,29.400000000000002,24.0,26.400000000000002
2016-07-07,,,,26.3
2016-07-08,,30.0,,26.6
2016-07-09,,28.900000000000002,23.8,25.1
2016-07-10,,,24.0,26.1
2016-07-11,,29.0,24.1,25.900000000000002
2016-07-12,23.6,29.700000000000003,24.0,26.3
2016-07-13,,28.6,,25.700000000000003
2016-07-14,,30.0,,25.700000000000003
2016-07-15,,30.200000000000003,24.0,25.400000000000002
2016-07-16,,30.0,24.400000000000002,25.6
2016-07-17,,28.0,,25.400000000000002
2016-07-18,,28.200000000000003,,25.200000000000003
2016-07-19,,28.6,22.6,26.0
2016-07-20,,30.0,23.200000000000003,26.200000000000003
2016-07-21,,,23.200000000000003,26.8
2016-07-22,,31.0,,26.3
2016-07-23,,30.5,,25.400000000000002
2016-07-24,,30.0,23.0,26.1
2016-07-25,,,,25.700000000000003
2016-07-26,,29.8,22.700000000000003,26.200000000000003
2016-07-27,,29.3,22.6,26.1
2016-07-28,,28.8,23.400000000000002,25.3
2016-07-29,,29.5,,26.6
2016-07-30,,29.1,23.900000000000002,25.8
2016-07-31,,29.8,,25.900000000000002
2016-08-01,,29.400000000000002,24.0,26.200000000000003
2016-08-02,,,24.3,25.400000000000002
2016-08-03,,27.900000000000002,,25.200000000000003
2016-08-04,,28.200000000000003,23.6,25.6
2016-08-05,,,,25.700000000000003
2016-08-06,,31.1,,25.700000000000003
2016-08-07,,29.200000000000003,21.200000000000003,25.700000000000003
2016-08-08,,30.8,,25.5
2016-08-09,,,,25.3
2016-08-10,,31.3,,25.3
2016-08-11,,29.8,21.200000000000003,25.700000000000003
2016-08-12,,30.200000000000003,,25.6
2016-08-13,,30.1,22.0,26.200000000000003
2016-08-14,,29.0,23.8,24.900000000000002
2016-08-15,,28.1,,25.3
2016-08-16,,28.700000000000003,,25.3
2016-08-17,,29.8,,25.400000000000002
2016-08-18,,28.0,,25.0
2016-08-19,,30.400000000000002,23.200000000000003,26.3
2016-08-20,,,,25.3
2016-08-21,,30.8,21.8,25.5
2016-08-22,,30.400000000000002,22.1,26.1
2016-08-23,,30.6,23.1,26.3
2016-08-24,,,24.0,26.900000000000002
2016-08-25,,30.8,24.200000000000003,26.8
2016-08-26,,30.1,24.5,26.900000000000002
2016-08-27,,29.5,,26.8
2016-08-28,,,23.5,26.900000000000002
2016-08-29,,31.0,,26.700000000000003
2016-08-30,,31.0,,26.400000000000002
2016-08-31,,29.5,,25.3
2016-09-01,,,22.3,26.0
2016-09-02,,29.6,,26.1
2016-09-03,,30.200000000000003,23.400000000000002,25.8
2016-09-04,,30.1,23.8,26.200000000000003
2016-09-05,,,,26.1
2016-09-06,,30.5,23.3,25.900000000000002
2016-09-07,,29.3,22.8,25.900000000000002
2016-09-08,,30.0,22.8,26.400000000000002
2016-09-09,,29.700000000000003,23.1,27.0
2016-09-10,,30.8,,26.3
2016-09-11,,29.8,,26.200000000000003
2016-09-12,,30.3,23.200000000000003,26.400000000000002
2016-09-13,,30.200000000000003,23.5,27.3
2016-09-14,,29.8,24.0,26.8
2016-09-15,,30.200000000000003,24.8,26.8
2016-09-16,,31.900000000000002,,25.700000000000003
2016-09-17,,27.700000000000003,22.900000000000002,25.200000000000003
2016-09-18,,31.200000000000003,23.400000000000002,27.200000000000003
2016-09-19,,29.200000000000003,,25.8
2016-09-20,,32.2,24.0,27.3
2016-09-21,,32.0,,26.900000000000002
2016-09-22,,32.800000000000004,,26.700000000000003
2016-09-23,,31.1,,26.6
2016-09-24,,31.3,22.5,27.0
2016-09-25,,31.400000000000002,24.1,27.3
2016-09-26,,32.7,,27.6
2016-09-27,,32.6,24.0,27.900000000000002
2016-09-28,,32.4,,27.3
2016-09-29,,31.5,,27.6
2016-09-30,,31.6,,27.1
2016-10-01,,32.0,24.200000000000003,28.0
2016-10-02,,32.4,25.0,28.1
2016-10-03,,,,26.400000000000002
2016-10-04,,31.900000000000002,24.700000000000003,28.0
2016-10-05,,,24.8,27.700000000000003
2016-10-06,,,,28.400000000000002
2016-10-07,,33.300000000000004,24.5,28.1
2016-10-08,,,24.400000000000002,27.8
2016-10-09,,32.6,24.400000000000002,28.3
2016-10-10,,33.9,,28.1
2016-10-11,,31.700000000000003,,26.5
2016-10-12,,32.0,,25.700000000000003
2016-10-13,,32.4,21.200000000000003,25.900000000000002
2016-10-14,,30.200000000000003,22.0,26.200000000000003
2016-10-15,,,,27.0
2016-10-16,,33.9,21.8,27.900000000000002
2016-10-17,,32.5,22.6,27.5
2016-10-18,,32.2,24.0,27.3
2016-10-19,,30.8,23.5,27.5
2016-10-20,,31.700000000000003,,27.700000000000003
2016-10-21,,33.2,24.200000000000003,27.900000000000002
2016-10-22,,30.200000000000003,,27.400000000000002
2016-10-23,,,,27.400000000000002
2016-10-24,,31.6,23.8,27.700000000000003
2016-10-25,,,,27.700000000000003
2016-10-26,,32.800000000000004,24.200000000000003,27.400000000000002
2016-10-27,,34.0,23.5,27.5
2016-10-28,,32.4,,27.1
2016-10-29,,,23.400000000000002,27.6
2016-10-30,,32.800000000000004,,27.6
2016-10-31,,32.800000000000004,23.5,27.5
2016-11-01,,31.400000000000002,24.0,27.8
2016-11-02,,33.0,24.400000000000002,28.1
2016-11-03,,32.2,24.900000000000002,27.900000000000002
2016-11-04,,32.4,25.6,28.400000000000002
2016-11-05,,34.2,24.0,28.3
2016-11-06,,33.0,24.200000000000003,28.1
2016-11-07,,34.5,24.8,28.8
2016-11-08,,33.2,24.700000000000003,28.200000000000003
2016-11-09,,,24.400000000000002,28.5
2016-11-10,,,,28.200000000000003
2016-11-11,,,24.1,28.200000000000003
2016-11-12,,,24.6,28.900000000000002
2016-11-13,,,25.400000000000002,27.8
2016-11-14,,,,28.6
2016-11-15,,,24.1,28.6
2016-11-16,,32.800000000000004,,28.5
2016-11-17,,33.800000000000004,,27.6
2016-11-18,,35.1,,27.900000000000002
2016-11-19,,35.1,22.1,28.200000000000003
2016-11-20,,34.4,22.8,27.700000000000003
2016-11-21,,33.4,23.8,27.900000000000002
2016-11-22,,,,28.400000000000002
2016-11-23,,32.6,,26.700000000000003
2016-11-24,,33.4,22.6,27.200000000000003
2016-11-25,,33.0,22.6,27.6
2016-11-26,,,23.6,28.3
2016-11-27,,33.300000000000004,24.0,27.6
2016-11-28,,,,28.400000000000002
2016-11-29,,34.0,23.8,28.700000000000003
2016-11-30,,,24.1,28.8
2016-12-01,,34.7,,28.400000000000002
2016-12-02,,,,28.6
2016-12-03,,32.800000000000004,22.3,28.0
2016-12-04,,35.0,23.400000000000002,29.1
2016-12-05,,35.1,24.200000000000003,29.1
2016-12-06,,35.1,24.400000000000002,28.700000000000003
2016-12-07,,32.6,,28.3
2016-12-08,,35.1,24.3,28.400000000000002
2016-12-09,,34.2,24.5,27.0
2016-12-10,,32.2,24.6,27.1
2016-12-11,,32.4,23.5,27.8
2016-12-12,,33.0,24.5,28.3
2016-12-13,,33.1,25.0,27.700000000000003
2016-12-14,,32.4,,27.400000000000002
2016-12-15,,31.400000000000002,,27.8
2016-12-16,,,24.400000000000002,25.700000000000003
2016-12-17,,,24.5,29.400000000000002
2016-12-18,,31.400000000000002,24.400000000000002,27.6
2016-12-19,,31.5,,27.200000000000003
2016-12-20,,32.800000000000004,24.400000000000002,27.700000000000003
2016-12-21,,,24.1,27.700000000000003
2016-12-22,,30.8,,28.400000000000002
2016-12-23,,32.5,23.0,27.400000000000002
2016-12-24,,32.800000000000004,25.0,28.0
2016-12-25,,31.400000000000002,,26.400000000000002
2016-12-26,,31.6,24.900000000000002,27.8
2016-12-27,,31.8,,27.200000000000003
2016-12-28,,31.200000000000003,,27.6
2016-12-29,,27.200000000000003,24.0,24.700000000000003
2016-12-30,,31.0,23.900000000000002,26.1
2016-12-31,,31.400000000000002,,25.900000000000002
2017-01-01,,,24.400000000000002,28.3
2017-01-02,,32.4,,27.6
2017-01-03,,32.800000000000004,,27.3
2017-01-04,,32.300000000000004,24.400000000000002,28.200000000000003
2017-01-05,,,,27.200000000000003
2017-01-06,,32.0,24.5,27.900000000000002
2017-01-07,,31.5,,27.6
2017-01-08,,31.900000000000002,25.3,26.8
2017-01-09,,31.8,,27.0
2017-01-10,,31.6,,27.6
2017-01-11,,32.2,,26.6
2017-01-12,,29.6,24.400000000000002,27.0
2017-01-13,,31.200000000000003,25.200000000000003,28.3
2017-01-14,3.0,29.400000000000002,,26.3
2017-01-15,,30.0,25.1,27.400000000000002
2017-01-16,,,,26.900000000000002
2017-01-17,,31.0,24.5,27.3
2017-01-18,,30.0,,27.900000000000002
2017-01-19,,30.0,,25.1
2017-01-20,,31.400000000000002,,28.700000000000003
2017-01-21,,29.8,,26.900000000000002
2017-01-22,,31.200000000000003,24.400000000000002,27.8
2017-01-23,,30.900000000000002,,27.6
2017-01-24,,32.4,,26.5
2017-01-25,,,24.0,27.3
2017-01-26,,31.0,24.1,27.900000000000002
2017-01-27,,30.1,24.700000000000003,27.700000000000003
2017-01-28,1.0,31.0,25.400000000000002,28.200000000000003
2017-01-29,,31.8,24.900000000000002,28.6
2017-01-30,,31.6,,28.0
2017-01-31,,32.0,22.0,25.200000000000003
2017-02-01,,30.200000000000003,22.0,27.3
2017-02-02,,31.8,23.8,28.3
2017-02-03,,,,26.5
2017-02-04,,30.400000000000002,,26.1
2017-02-05,,32.0,23.700000000000003,27.6
2017-02-06,,33.2,25.1,28.200000000000003
2017-02-07,,31.8,,28.1
2017-02-08,,,,25.1
2017-02-09,,26.8,20.6,24.8
2017-02-10,,31.200000000000003,22.5,27.400000000000002
2017-02-11,,,,26.3
2017-02-12,,31.200000000000003,24.8,27.400000000000002
2017-02-13,,31.8,,26.700000000000003
2017-02-14,,32.0,24.8,28.6
2017-02-15,,31.6,,27.5
2017-02-16,,32.1,25.0,28.3
2017-02-17,,32.0,23.8,27.3
2017-02-18,,31.8,25.1,28.1
2017-02-19,,32.9,,27.200000000000003
2017-02-20,,29.0,23.3,26.1
2017-02-21,,31.6,24.0,27.8
2017-02-22,,30.0,,25.6
2017-02-23,,,21.6,28.700000000000003
2017-02-24,,32.0,25.200000000000003,29.6
2017-02-25,,31.200000000000003,,25.8
2017-02-26,,,24.0,27.8
2017-02-27,,30.400000000000002,24.200000000000003,26.400000000000002
2017-02-28,,31.0,,27.1
2017-03-01,,,,27.1
2017-03-02,,31.6,24.200000000000003,28.200000000000003
2017-03-03,,31.8,,25.700000000000003
2017-03-04,,28.0,,26.200000000000003
2017-03-05,,31.900000000000002,24.400000000000002,28.200000000000003
2017-03-06,,,25.0,28.6
2017-03-07,,31.6,,28.200000000000003
2017-03-08,,,24.8,28.6
2017-03-09,,31.0,25.0,28.3
2017-03-10,,31.400000000000002,25.0,28.200000000000003
2017-03-11,,,,27.5
2017-03-12,,29.0,,26.400000000000002
2017-03-13,,31.400000000000002,24.0,27.900000000000002
2017-03-14,,31.0,24.200000000000003,27.1
2017-03-15,,30.8,,26.3
2017-03-16,,29.0,,25.8
2017-03-17,,31.200000000000003,23.5,27.1
2017-03-18,,31.6,24.0,28.8
2017-03-19,,31.6,25.0,28.200000000000003
2017-03-20,,31.0,24.6,27.900000000000002
2017-03-21,,31.6,,28.3
2017-03-22,,32.4,,28.700000000000003
2017-03-23,,32.0,,28.0
2017-03-24,,,25.1,28.400000000000002
2017-03-25,,31.8,25.200000000000003,28.1
2017-03-26,,30.400000000000002,24.400000000000002,26.3
2017-03-27,,31.200000000000003,,27.1
2017-03-28,,31.0,24.200000000000003,26.900000000000002
2017-03-29,,,24.6,27.900000000000002
2017-03-30,,31.6,,27.6
2017-03-31,,32.0,,27.6
2017-04-01,,31.6,25.200000000000003,28.200000000000003
2017-04-02,,30.200000000000003,,27.1
2017-04-03,,30.400000000000002,24.400000000000002,26.5
2017-04-04,,31.0,24.6,28.200000000000003
2017-04-05,,31.400000000000002,,27.1
2017-04-06,,31.0,24.700000000000003,27.6
2017-04-07,,29.200000000000003,25.5,27.1
2017-04-08,,31.6,,27.5
2017-04-09,,32.0,24.5,27.8
2017-04-10,,31.400000000000002,24.8,27.6
2017-04-11,,30.200000000000003,25.0,27.400000000000002
2017-04-12,,31.8,24.700000000000003,27.5
2017-04-13,,30.8,24.8,28.1
2017-04-14,,32.4,25.6,28.1
2017-04-15,,32.2,24.8,26.5
2017-04-16,,29.400000000000002,,26.700000000000003
2017-04-17,,31.8,25.0,28.3
2017-04-18,,32.0,,26.3
2017-04-19,,31.400000000000002,24.3,28.1
2017-04-20,,30.0,,27.200000000000003
2017-04-21,,30.0,24.0,24.8
2017-04-22,,28.200000000000003,24.400000000000002,25.6
2017-04-23,,31.6,23.400000000000002,27.3
2017-04-24,,31.400000000000002,24.8,27.0
2017-04-25,,30.8,24.6,27.700000000000003
2017-04-26,,30.400000000000002,24.400000000000002,27.900000000000002
2017-04-27,,31.0,25.0,27.6
2017-04-28,,31.6,24.8,28.1
2017-04-29,,30.900000000000002,,27.400000000000002
2017-04-30,,,23.8,27.200000000000003
2017-05-01,,32.0,,27.400000000000002
2017-05-02,,30.8,23.1,27.0
2017-05-03,,32.2,23.400000000000002,27.1
2017-05-04,,31.6,23.400000000000002,27.3
2017-05-05,,31.8,,26.700000000000003
2017-05-06,,30.8,23.8,27.0
2017-05-07,,,,26.8
2017-05-08,,31.200000000000003,24.400000000000002,27.400000000000002
2017-05-09,,,,26.900000000000002
2017-05-10,,30.0,24.200000000000003,27.3
2017-05-11,,31.200000000000003,24.400000000000002,27.400000000000002
2017-05-12,,30.0,24.8,26.400000000000002
2017-05-13,,30.200000000000003,24.8,26.900000000000002
2017-05-14,,31.0,25.3,27.200000000000003
2017-05-15,,28.200000000000003,,26.5
2017-05-16,,28.8,25.1,27.3
2017-05-17,,32.0,,27.6
2017-05-18,,31.8,25.6,28.1
2017-05-19,,,21.0,27.400000000000002
2017-05-20,,31.0,25.6,26.900000000000002
2017-05-21,,31.200000000000003,,28.0
2017-05-22,,,,27.900000000000002
2017-05-23,,31.0,25.200000000000003,26.8
2017-05-24,,29.0,,26.1
2017-05-25,,30.8,,26.700000000000003
2017-05-26,,31.0,23.200000000000003,27.1
2017-05-27,,31.200000000000003,,27.400000000000002
2017-05-28,,31.5,24.6,26.6
2017-05-29,,31.200000000000003,24.6,26.900000000000002
2017-05-30,,29.200000000000003,25.0,26.700000000000003
2017-05-31,,,25.700000000000003,27.6
2017-06-01,,,,27.3
2017-06-02,,31.0,25.400000000000002,27.6
2017-06-03,,,,27.1
2017-06-04,,31.200000000000003,,26.700000000000003
2017-06-05,,30.0,23.900000000000002,26.200000000000003
2017-06-06,,30.0,,25.6
2017-06-07,,29.400000000000002,23.200000000000003,25.8
2017-06-08,,28.400000000000002,,25.700000000000003
2017-06-09,,29.200000000000003,,25.900000000000002
2017-06-10,,29.200000000000003,23.5,25.6
2017-06-11,,,,25.5
2017-06-12,,,23.6,25.700000000000003
2017-06-13,,28.0,24.3,25.8
2017-06-14,,29.0,,26.3
2017-06-15,,29.200000000000003,24.6,26.3
2017-06-16,,28.8,,26.5
2017-06-17,,29.200000000000003,23.6,26.3
2017-06-18,,30.0,,25.700000000000003
2017-06-19,,,24.200000000000003,26.3
2017-06-20,,29.6,,25.8
2017-06-21,,29.700000000000003,,25.6
2017-06-22,,29.0,,25.400000000000002
2017-06-23,,27.200000000000003,,24.8
2017-06-24,,28.3,22.900000000000002,25.5
2017-06-25,,28.6,23.8,25.200000000000003
2017-06-26,,28.8,23.8,25.900000000000002
2017-06-27,,29.0,,25.5
2017-06-28,,28.200000000000003,22.6,25.5
2017-06-29,,28.0,24.0,25.5
2017-06-30,,,22.900000000000002,26.5
2017-07-01,,29.3,,26.3
2017-07-02,,29.200000000000003,,25.6
2017-07-03,,29.400000000000002,,26.200000000000003
2017-07-04,,,23.8,26.3
2017-07-05,,29.5,,26.3
2017-07-06,,29.400000000000002,,26.0
2017-07-07,,29.8,,25.400000000000002
2017-07-08,,29.6,,25.3
2017-07-09,,29.400000000000002,22.3,26.1
2017-07-10,,27.8,23.6,25.700000000000003
2017-07-11,,,23.8,26.3
2017-07-12,,29.6,,25.900000000000002
2017-07-13,,,,25.200000000000003
2017-07-14,,,22.0,25.700000000000003
2017-07-15,,29.5,22.8,26.1
2017-07-16,,31.1,23.6,25.700000000000003
2017-07-17,,28.400000000000002,,26.1
2017-07-18,,,,26.3
2017-07-19,,,,26.3
2017-07-20,,28.700000000000003,23.6,25.8
2017-07-21,,,23.6,24.900000000000002
2017-07-22,,28.400000000000002,,24.900000000000002
2017-07-23,,28.200000000000003,23.6,24.8
2017-07-24,,,23.6,25.8
2017-07-25,,29.700000000000003,,25.900000000000002
2017-07-26,,,23.1,25.200000000000003
2017-07-27,,29.200000000000003,,25.8
2017-07-28,,29.8,23.1,25.6
2017-07-29,,30.400000000000002,,25.0
2017-07-30,,,22.8,25.200000000000003
2017-07-31,,,,25.6
2017-08-01,,,21.8,25.700000000000003
2017-08-02,,,23.0,25.400000000000002
2017-08-03,,28.6,23.5,25.8
2017-08-04,,28.700000000000003,23.5,25.8
2017-08-05,,28.8,24.200000000000003,26.200000000000003
2017-08-06,,,,25.900000000000002
2017-08-07,,29.0,23.200000000000003,26.5
2017-08-08,,,24.0,26.6
2017-08-09,,30.400000000000002,,26.3
2017-08-10,,30.200000000000003,23.0,26.400000000000002
2017-08-11,,31.200000000000003,23.0,26.400000000000002
2017-08-12,,31.400000000000002,23.6,26.900000000000002
2017-08-13,,28.8,,25.6
2017-08-14,,30.3,23.200000000000003,26.8
2017-08-15,,29.6,,26.400000000000002
2017-08-16,,,,26.3
2017-08-17,,30.8,,24.8
2017-08-18,,28.200000000000003,21.8,25.3
2017-08-19,,29.0,,25.1
2017-08-20,,,,25.700000000000003
2017-08-21,,31.900000000000002,,24.8
2017-08-22,,29.200000000000003,20.8,25.0
2017-08-23,,30.0,20.6,24.900000000000002
2017-08-24,,28.8,,24.3
2017-08-25,,,18.400000000000002,24.200000000000003
2017-08-26,,28.200000000000003,21.0,24.3
2017-08-27,,,,25.1
2017-08-28,,28.6,21.200000000000003,24.900000000000002
2017-08-29,,,22.200000000000003,26.900000000000002
2017-08-30,,,23.5,26.6
2017-08-31,,28.0,23.700000000000003,25.8
2017-09-01,,30.400000000000002,23.900000000000002,26.400000000000002
2017-09-02,,,23.400000000000002,25.900000000000002
2017-09-03,,29.3,24.0,26.400000000000002
2017-09-04,,,,26.1
2017-09-05,,29.700000000000003,,25.900000000000002
2017-09-06,,30.0,23.200000000000003,26.400000000000002
2017-09-07,,29.6,23.1,26.0
2017-09-08,,30.0,23.0,26.700000000000003
2017-09-09,,29.6,,25.3
2017-09-10,,29.0,23.200000000000003,25.6
2017-09-11,,29.200000000000003,23.6,26.3
2017-09-12,,32.0,24.0,27.400000000000002
2017-09-13,,30.200000000000003,,27.0
2017-09-14,,29.400000000000002,23.400000000000002,26.5
2017-09-15,,28.400000000000002,,26.1
2017-09-16,,29.0,23.6,26.1
2017-09-17,,29.6,23.900000000000002,26.400000000000002
2017-09-18,,31.200000000000003,25.3,27.0
2017-09-19,,31.0,25.200000000000003,27.5
2017-09-20,,30.400000000000002,23.3,26.700000000000003
2017-09-21,,,23.8,27.6
2017-09-22,,32.2,23.8,26.6
2017-09-23,,32.5,,27.900000000000002
2017-09-24,,31.0,,26.8
2017-09-25,,31.200000000000003,23.1,26.8
2017-09-26,,30.5,,26.8
2017-09-27,,30.0,23.6,27.200000000000003
2017-09-28,,31.700000000000003,,27.3
2017-09-29,,31.8,,26.900000000000002
2017-09-30,,31.5,24.200000000000003,27.3
2017-10-01,,32.4,24.6,27.5
2017-10-02,,32.800000000000004,,27.1
2017-10-03,,32.300000000000004,22.400000000000002,27.200000000000003
2017-10-04,,30.1,22.400000000000002,27.6
2017-10-05,,,24.200000000000003,27.3
2017-10-06,,31.400000000000002,,26.0
2017-10-07,,32.4,,26.700000000000003
2017-10-08,,32.2,,27.400000000000002
2017-10-09,,33.5,22.400000000000002,27.400000000000002
2017-10-10,,30.6,23.200000000000003,27.700000000000003
2017-10-11,7.1000000000000005,31.400000000000002,24.200000000000003,27.5
2017-10-12,,31.6,24.200000000000003,26.6
2017-10-13,,33.2,,28.0
2017-10-14,,,,27.1
2017-10-15,,31.8,,27.3
2017-10-16,,30.8,,27.400000000000002
2017-10-17,,31.0,23.700000000000003,27.400000000000002
2017-10-18,,,24.0,27.6
2017-10-19,,32.0,24.700000000000003,28.1
2017-10-20,,31.0,,27.6
2017-10-21,,32.2,24.8,27.700000000000003
2017-10-22,,31.400000000000002,,27.6
2017-10-23,,32.0,,28.3
2017-10-24,,32.0,,28.6
2017-10-25,,33.800000000000004,,27.6
2017-10-26,,34.4,23.3,28.0
2017-10-27,,32.0,,27.700000000000003
2017-10-28,,32.6,,27.900000000000002
2017-10-29,,,25.5,29.200000000000003
2017-10-30,,33.5,,28.6
2017-10-31,,,24.6,28.6
2017-11-01,,33.5,,28.200000000000003
2017-11-02,,33.7,,27.6
2017-11-03,,32.7,23.200000000000003,28.5
2017-11-04,,,,28.700000000000003
2017-11-05,,33.2,23.200000000000003,27.700000000000003
2017-11-06,,33.4,23.400000000000002,28.3
2017-11-07,,33.2,25.0,28.900000000000002
2017-11-08,,33.6,,28.3
2017-11-09,,33.7,23.8,27.3
2017-11-10,,,25.0,28.700000000000003
2017-11-11,,34.0,,26.400000000000002
2017-11-12,,32.2,24.1,27.8
2017-11-13,,32.300000000000004,24.200000000000003,27.3
2017-11-14,,31.200000000000003,24.0,26.8
2017-11-15,,,,28.1
2017-11-16,,32.800000000000004,25.0,28.700000000000003
2017-11-17,,29.8,,26.200000000000003
2017-11-18,,30.400000000000002,24.400000000000002,26.400000000000002
2017-11-19,,31.5,,26.700000000000003
2017-11-20,,32.2,,26.6
2017-11-21,,32.300000000000004,23.700000000000003,28.1
2017-11-23,,,,26.8
2017-11-24,,32.2,25.0,28.700000000000003
2017-11-25,,,25.200000000000003,28.8
2017-11-26,,33.6,,28.6
2017-11-27,,33.7,25.0,28.3
2017-11-28,,32.1,,28.3
2017-11-29,,33.1,,28.5
2017-11-30,,,24.6,29.200000000000003
2017-12-01,,34.0,26.0,29.400000000000002
2017-12-02,,33.2,,28.6
2017-12-03,,32.4,24.8,29.1
2017-12-04,,33.2,26.0,29.0
2017-12-05,,33.0,,28.1
2017-12-06,,32.0,24.400000000000002,28.5
2017-12-07,,32.300000000000004,,28.0
2017-12-08,,32.4,23.700000000000003,28.3
2017-12-09,,33.2,24.400000000000002,29.200000000000003
2017-12-10,,,25.6,28.8
2017-12-11,,32.0,,28.0
2017-12-12,,32.7,24.8,28.1
2017-12-13,,33.0,,28.3
2017-12-14,,,,27.6
2017-12-15,,32.4,23.900000000000002,28.3
2017-12-16,,33.300000000000004,23.8,28.3
2017-12-17,,32.800000000000004,,28.3
2017-12-18,,32.6,24.0,28.6
2017-12-19,,32.800000000000004,23.8,28.6
2017-12-21,,,,26.5
2017-12-22,,32.0,25.0,28.8
2017-12-23,,33.4,,28.400000000000002
2017-12-24,,32.6,24.8,29.3
2017-12-25,,35.0,24.900000000000002,29.1
2017-12-26,,32.5,,27.3
2017-12-27,,31.8,24.900000000000002,26.900000000000002
2017-12-28,,32.2,25.0,28.700000000000003
2017-12-29,,30.6,,26.3
2017-12-30,,31.8,24.400000000000002,26.5
2017-12-31,,31.3,24.6,28.5
2018-01-01,,32.9,,29.200000000000003
2018-01-02,,30.0,23.400000000000002,26.900000000000002
2018-01-03,,31.400000000000002,24.5,28.200000000000003
2018-01-04,,32.0,25.1,27.1
2018-01-05,,33.0,25.1,28.5
2018-01-06,,32.9,,28.5
2018-01-07,,33.4,,28.400000000000002
2018-01-08,,30.8,24.6,27.900000000000002
2018-01-09,,,,27.8
2018-01-10,,,24.200000000000003,27.700000000000003
2018-01-11,,31.200000000000003,25.200000000000003,27.3
2018-01-12,,30.6,,27.700000000000003
2018-01-13,,32.300000000000004,24.8,28.900000000000002
2018-01-14,,34.2,,29.1
2018-01-15,,32.0,24.8,28.0
2018-01-16,,32.2,,27.8
2018-01-17,,,24.6,25.5
2018-01-18,,30.0,24.200000000000003,26.6
2018-01-19,,30.0,24.0,25.3
2018-01-20,,31.0,24.0,27.8
2018-01-21,,32.4,,27.1
2018-01-22,,31.0,23.900000000000002,27.200000000000003
2018-01-23,,32.0,,28.3
2018-01-24,,,24.0,27.8
2018-01-25,,31.5,,27.1
2018-01-26,,32.0,24.200000000000003,28.6
2018-01-27,,,,25.0
2018-01-28,,30.6,,25.8
2018-01-29,,30.0,22.6,27.1
2018-01-30,,,22.8,25.700000000000003
2018-01-31,,28.200000000000003,23.6,25.5
2018-02-01,,,23.200000000000003,28.1
2018-02-02,,29.8,,26.8
2018-02-03,,32.2,,26.700000000000003
2018-02-04,,32.0,24.400000000000002,28.0
2018-02-05,,32.2,24.8,28.200000000000003
2018-02-06,,32.300000000000004,25.1,28.8
2018-02-07,,32.2,25.400000000000002,29.5
2018-02-08,,32.2,,28.200000000000003
2018-02-09,,30.6,24.400000000000002,27.1
2018-02-10,,31.400000000000002,,27.700000000000003
2018-02-11,,30.8,24.200000000000003,28.0
2018-02-12,,31.0,,27.400000000000002
2018-02-13,,31.0,24.6,27.400000000000002
2018-02-14,,31.6,24.8,28.3
2018-02-15,,31.400000000000002,,27.3
2018-02-16,,32.1,24.8,29.1
2018-02-17,,32.2,,28.8
2018-02-18,,31.6,24.6,27.900000000000002
2018-02-19,,31.8,,28.200000000000003
2018-02-20,,31.400000000000002,23.400000000000002,26.3
2018-02-21,,32.4,24.200000000000003,27.900000000000002
2018-02-22,,32.0,24.6,27.8
2018-02-23,,32.2,23.700000000000003,28.8
2018-02-24,,32.300000000000004,,29.0
2018-02-25,,32.300000000000004,,26.6
2018-02-26,,32.4,24.0,29.3
2018-02-27,,32.0,,28.700000000000003
2018-02-28,,29.0,,25.6
2018-03-01,,,23.6,27.8
2018-03-02,,31.6,,28.1
2018-03-03,,32.0,24.8,27.8
2018-03-04,,32.0,,26.400000000000002
2018-03-05,,30.400000000000002,24.5,28.0
2018-03-06,,32.0,,27.1
2018-03-07,,32.0,24.8,26.900000000000002
2018-03-08,,32.0,,27.400000000000002
2018-03-09,,32.6,24.400000000000002,28.400000000000002
2018-03-10,,33.0,,27.900000000000002
2018-03-11,,,,27.900000000000002
2018-03-12,,,,27.1
2018-03-13,,27.5,,25.5
2018-03-14,,,24.200000000000003,26.900000000000002
2018-03-15,,29.200000000000003,,25.700000000000003
2018-03-16,,,,29.0
2018-03-17,,32.2,24.0,28.3
2018-03-18,,29.400000000000002,,25.6
2018-03-19,,32.1,23.6,26.700000000000003
2018-03-20,,30.5,,27.200000000000003
2018-03-21,,31.200000000000003,24.200000000000003,26.700000000000003
2018-03-22,,31.200000000000003,,27.6
2018-03-23,,31.6,,25.700000000000003
2018-03-24,,31.0,,26.900000000000002
2018-03-25,,31.6,24.1,28.1
2018-03-26,,,25.1,28.3
2018-03-27,,32.0,,28.8
2018-03-28,,,24.8,29.200000000000003
2018-03-29,,31.400000000000002,23.400000000000002,28.0
2018-03-30,,30.1,,25.200000000000003
2018-03-31,,31.400000000000002,23.700000000000003,28.3
2018-04-01,,30.400000000000002,23.8,27.200000000000003
2018-04-02,,31.1,25.200000000000003,28.200000000000003
2018-04-03,,,,27.1
2018-04-04,,,23.5,26.6
2018-04-05,,31.0,,27.0
2018-04-06,,31.8,,28.0
2018-04-07,,31.200000000000003,24.700000000000003,28.8
2018-04-11,,,24.200000000000003,27.5
2018-04-12,,,24.5,28.0
2018-04-13,,31.400000000000002,24.900000000000002,28.1
2018-04-14,,31.400000000000002,25.400000000000002,28.0
2018-04-15,,32.4,,28.5
2018-04-16,,32.4,,28.400000000000002
2018-04-17,,33.4,25.900000000000002,29.5
2018-04-18,,31.1,,27.200000000000003
2018-04-19,,30.3,25.1,27.400000000000002
2018-04-20,,,25.200000000000003,27.400000000000002
2018-04-21,,30.8,,27.1
2018-04-22,,32.2,,27.8
2018-04-23,,31.400000000000002,,27.400000000000002
2018-04-24,,30.5,24.5,27.700000000000003
2018-04-25,,31.5,,28.700000000000003
2018-04-26,,30.6,,27.200000000000003
2018-04-27,,30.5,24.8,28.200000000000003
2018-04-28,,31.6,,26.8
2018-04-29,,32.0,24.0,27.700000000000003
2018-04-30,,,24.0,28.1
2018-05-01,,31.400000000000002,,26.900000000000002
2018-05-02,,30.8,23.200000000000003,27.1
2018-05-03,,31.400000000000002,24.200000000000003,27.3
2018-05-04,,31.5,24.5,27.700000000000003
2018-05-05,,31.1,,26.5
2018-05-06,,31.5,24.200000000000003,27.6
2018-05-07,,,24.8,27.200000000000003
2018-05-08,,30.0,24.900000000000002,26.900000000000002
2018-05-09,,31.6,25.1,28.3
2018-05-10,,,,27.3
2018-05-11,,30.5,,27.200000000000003
2018-05-12,,29.400000000000002,25.0,26.200000000000003
2018-05-13,,27.0,,24.900000000000002
2018-05-14,,31.3,,27.6
2018-05-15,,31.1,23.6,27.1
2018-05-16,,30.1,24.6,27.3
2018-05-17,,29.400000000000002,,26.5
2018-05-18,,29.200000000000003,,26.200000000000003
2018-05-19,,,24.200000000000003,26.900000000000002
2018-05-20,,30.6,24.8,27.0
2018-05-21,,30.3,25.200000000000003,27.6
2018-05-22,,,25.400000000000002,27.200000000000003
2018-05-23,,30.400000000000002,,27.5
2018-05-24,,31.200000000000003,24.8,27.200000000000003
2018-05-25,,31.0,24.8,27.3
2018-05-26,,,,27.1
2018-05-27,,30.3,,26.6
2018-05-28,,,,26.6
2018-05-29,,30.6,,25.900000000000002
2018-05-30,,31.0,22.0,25.6
2018-05-31,,29.8,23.0,26.200000000000003
2018-06-01,,29.8,23.400000000000002,26.0
2018-06-02,,29.200000000000003,,25.700000000000003
2018-06-03,,29.400000000000002,23.5,26.1
2018-06-04,,,,25.700000000000003
2018-06-05,,,23.8,27.700000000000003
2018-06-06,,29.0,23.6,25.8
2018-06-07,,29.8,23.900000000000002,26.6
2018-06-08,,31.1,,26.700000000000003
2018-06-09,,30.400000000000002,,26.1
2018-06-10,,29.400000000000002,,25.3
2018-06-11,,29.200000000000003,,25.6
2018-06-12,,,,25.700000000000003
2018-06-13,,28.400000000000002,,25.400000000000002
2018-06-14,,29.400000000000002,22.5,25.6
2018-06-15,,30.0,23.400000000000002,25.6
2018-06-16,,,23.5,25.200000000000003
2018-06-17,,26.5,23.900000000000002,25.1
2018-06-18,,29.0,24.3,26.400000000000002
2018-06-19,,30.1,,26.5
2018-06-20,,30.700000000000003,,24.900000000000002
2018-06-21,,27.400000000000002,23.200000000000003,24.6
2018-06-22,,29.400000000000002,23.0,25.900000000000002
2018-06-23,,,,25.6
2018-06-24,,,,24.700000000000003
2018-06-25,,29.0,22.900000000000002,25.900000000000002
2018-06-26,,29.400000000000002,22.6,25.700000000000003
2018-06-27,,,23.200000000000003,24.8
2018-06-28,,,23.400000000000002,26.1
2018-06-29,,29.5,23.6,26.1
2018-06-30,,,23.6,25.8
2018-07-01,,,,26.200000000000003
2018-07-02,,30.0,23.400000000000002,26.3
2018-07-03,,27.200000000000003,,24.700000000000003
2018-07-04,,29.0,22.400000000000002,25.5
2018-07-05,,28.200000000000003,22.6,25.400000000000002
2018-07-06,,,22.8,25.1
2018-07-07,,28.400000000000002,,23.8
2018-07-08,,27.5,19.8,24.400000000000002
2018-07-09,,29.1,22.0,24.900000000000002
2018-07-10,,29.1,,24.700000000000003
2018-07-11,,26.8,22.5,24.8
2018-07-12,,28.200000000000003,,24.900000000000002
2018-07-13,,27.400000000000002,22.3,25.3
2018-07-14,,27.400000000000002,23.6,25.400000000000002
2018-07-15,,28.0,23.6,25.700000000000003
2018-07-16,,27.400000000000002,24.0,25.200000000000003
2018-07-17,,27.8,24.0,26.1
2018-07-18,,29.400000000000002,,25.8
2018-07-19,,29.200000000000003,,26.1
2018-07-20,,,,25.700000000000003
2018-07-21,,30.0,22.8,25.6
2018-07-22,,30.0,,25.200000000000003
2018-07-23,,28.6,,25.200000000000003
2018-07-24,,29.6,21.900000000000002,25.6
2018-07-25,,27.8,,24.8
2018-07-26,,,,25.1
2018-07-27,,30.200000000000003,,25.1
2018-07-28,,30.700000000000003,,24.900000000000002
2018-07-29,,29.0,20.400000000000002,24.8
2018-07-30,,30.0,,24.400000000000002
2018-07-31,,30.1,19.8,24.700000000000003
2018-08-01,,30.400000000000002,20.900000000000002,25.3
2018-08-02,,27.700000000000003,23.6,26.1
2018-08-03,,28.8,,26.200000000000003
2018-08-04,,29.0,,25.0
2018-08-05,,,23.400000000000002,25.3
2018-08-06,,30.200000000000003,,26.3
2018-08-07,,28.5,,25.0
2018-08-08,,28.1,22.0,25.1
2018-08-09,,30.1,,25.900000000000002
2018-08-10,,29.700000000000003,21.200000000000003,25.400000000000002
2018-08-11,,29.200000000000003,,24.900000000000002
2018-08-12,,30.3,,24.900000000000002
2018-08-13,,29.200000000000003,,23.900000000000002
2018-08-14,,30.1,19.400000000000002,25.1
2018-08-15,,29.0,,24.700000000000003
2018-08-16,,28.5,21.200000000000003,25.1
2018-08-17,,,21.400000000000002,24.6
2018-08-18,,30.1,22.6,25.6
2018-08-19,,29.8,,25.6
2018-08-20,,,20.0,25.200000000000003
2018-08-21,,30.1,20.200000000000003,26.200000000000003
2018-08-22,,28.3,20.400000000000002,24.8
2018-08-23,,29.200000000000003,22.0,25.200000000000003
2018-08-24,,28.3,22.0,25.400000000000002
2018-08-25,,30.0,22.1,26.400000000000002
2018-08-26,,28.6,24.0,25.900000000000002
2018-08-27,,28.6,23.900000000000002,26.1
2018-08-28,,29.1,,26.0
2018-08-29,,30.200000000000003,,25.200000000000003
2018-08-30,,30.0,20.400000000000002,24.8
2018-08-31,,28.3,22.0,25.6
2018-09-01,,31.0,21.0,26.200000000000003
2018-09-02,,30.0,21.3,25.700000000000003
2018-09-03,,28.8,,25.0
2018-09-04,,29.200000000000003,20.0,24.8
2018-09-05,,28.200000000000003,,24.900000000000002
2018-09-06,,29.200000000000003,19.8,25.1
2018-09-07,,,20.200000000000003,25.3
2018-09-08,,30.3,,24.5
2018-09-09,,29.200000000000003,19.8,25.700000000000003
2018-09-10,,29.0,22.200000000000003,25.3
2018-09-11,,,23.0,26.1
2018-09-12,,,23.1,26.400000000000002
2018-09-13,,30.8,23.6,26.400000000000002
2018-09-14,,,,25.900000000000002
2018-09-15,,29.1,22.700000000000003,26.900000000000002
2018-09-16,,,,25.700000000000003
2018-09-18,,29.200000000000003,,22.700000000000003
2018-09-19,,30.0,20.6,25.8
2018-09-20,,29.200000000000003,22.0,26.200000000000003
2018-09-21,,29.3,23.700000000000003,26.3
2018-09-22,,28.3,,25.200000000000003
2018-09-23,,31.200000000000003,,25.700000000000003
2018-09-24,,29.8,21.0,25.3
2018-09-25,,29.6,,25.200000000000003
2018-09-26,,30.200000000000003,21.400000000000002,26.0
2018-09-27,,30.400000000000002,,25.6
2018-09-28,,30.1,20.6,26.1
2018-09-29,,30.200000000000003,,25.400000000000002
2018-09-30,,30.200000000000003,21.0,25.8
2018-10-01,,32.300000000000004,22.0,26.8
2018-10-02,,30.200000000000003,22.0,25.1
2018-10-03,,,,25.900000000000002
2018-10-04,,30.0,,25.8
2018-10-05,,30.8,21.400000000000002,25.6
2018-10-06,,30.0,,25.3
2018-10-07,,32.0,,25.1
2018-10-08,,31.400000000000002,,25.3
2018-10-09,,32.2,20.0,25.1
2018-10-10,,30.1,20.400000000000002,25.700000000000003
2018-10-11,,31.400000000000002,22.0,26.900000000000002
2018-10-12,,30.0,24.200000000000003,26.900000000000002
2018-10-13,,,,27.400000000000002
2018-10-14,,,24.400000000000002,27.3
2018-10-15,,31.1,24.200000000000003,27.900000000000002
2018-10-16,,31.0,,27.8
2018-10-17,,31.400000000000002,,27.8
2018-10-18,,30.3,,27.400000000000002
2018-10-19,,31.1,24.200000000000003,27.400000000000002
2018-10-20,,30.6,23.3,27.1
2018-10-21,,30.1,23.200000000000003,27.1
2018-10-22,,,,27.6
2018-10-23,,,,26.900000000000002
2018-10-24,,33.4,24.0,28.3
2018-10-25,,32.2,,26.8
2018-10-26,,30.400000000000002,22.0,26.700000000000003
2018-10-27,,30.200000000000003,22.8,27.700000000000003
2018-10-28,,30.0,,26.400000000000002
2018-10-29,,30.1,23.5,27.5
2018-10-30,,,25.400000000000002,27.400000000000002
2018-10-31,,33.6,26.0,28.3
2018-11-01,,,25.3,28.900000000000002
2018-11-02,,34.0,,28.700000000000003
2018-11-03,,33.6,24.1,29.1
2018-11-04,,34.0,,28.700000000000003
2018-11-05,,32.1,,28.200000000000003
2018-11-06,,,24.0,28.8
2018-11-07,,32.1,25.0,28.400000000000002
2018-11-08,,32.5,,28.5
2018-11-09,,33.2,,28.6
2018-11-10,,,,28.400000000000002
2018-11-11,,34.1,24.700000000000003,28.900000000000002
2018-11-12,,33.4,25.200000000000003,29.0
2018-11-13,,34.2,,29.1
2018-11-14,,34.4,24.8,28.400000000000002
2018-11-15,,32.4,25.0,28.700000000000003
2018-11-16,,31.200000000000003,,27.900000000000002
2018-11-17,,32.0,,27.700000000000003
2018-11-18,,32.0,23.200000000000003,27.200000000000003
2018-11-19,,,23.200000000000003,28.200000000000003
2018-11-20,,32.4,23.0,28.400000000000002
2018-11-21,,,,28.400000000000002
2018-11-22,,32.9,25.0,29.200000000000003
2018-11-23,,31.900000000000002,,28.400000000000002
2018-11-24,,33.0,24.0,28.200000000000003
2018-11-25,,31.400000000000002,25.700000000000003,28.5
2018-11-26,,32.2,26.200000000000003,29.0
2018-11-27,,31.6,,28.5
2018-11-28,,32.6,25.0,28.700000000000003
2018-11-29,,31.900000000000002,24.900000000000002,29.400000000000002
2018-11-30,,,26.0,29.6
2018-12-01,,32.2,,28.8
2018-12-02,,32.800000000000004,25.200000000000003,30.1
2018-12-03,,,,29.900000000000002
2018-12-04,,,27.0,30.400000000000002
2018-12-05,,32.9,,27.6
2018-12-06,,,,28.8
2018-12-07,,32.800000000000004,23.0,28.700000000000003
2018-12-08,,32.4,25.200000000000003,29.200000000000003
2018-12-09,,32.2,,28.900000000000002
2018-12-10,,33.4,24.8,29.1
2018-12-11,,33.4,25.400000000000002,29.5
2018-12-12,,33.6,,28.200000000000003
2018-12-13,,34.2,24.8,28.200000000000003
2018-12-14,,33.800000000000004,,29.400000000000002
2018-12-15,,33.5,,28.6
2018-12-16,,32.6,,28.1
2018-12-17,,,25.6,28.6
2018-12-18,,33.4,25.5,28.8
2018-12-19,,31.1,,27.1
2018-12-20,,31.8,24.8,28.5
2018-12-21,,32.4,25.200000000000003,28.1
2018-12-22,,30.6,,26.5
2018-12-23,,32.800000000000004,24.5,28.5
2018-12-24,,30.400000000000002,,26.6
2018-12-25,,32.0,24.0,28.1
2018-12-26,,,25.3,28.200000000000003
2018-12-27,,32.2,,27.400000000000002
2018-12-28,,,,26.6
2018-12-29,,32.2,24.1,26.8
2018-12-30,,29.400000000000002,24.0,26.6
2018-12-31,,32.4,24.700000000000003,28.5
2019-01-01,,31.5,24.400000000000002,27.900000000000002
2019-01-02,,30.200000000000003,22.6,27.400000000000002
2019-01-03,,31.200000000000003,24.6,27.8
2019-01-04,,31.3,,26.6
2019-01-05,,31.8,,26.5
2019-01-06,,,23.700000000000003,27.3
2019-01-07,,30.1,24.900000000000002,26.900000000000002
2019-01-08,,31.200000000000003,,27.8
2019-01-09,,32.0,24.1,28.1
2019-01-10,,31.8,23.900000000000002,28.0
2019-01-11,,32.0,23.8,28.200000000000003
2019-01-12,,32.0,23.8,27.200000000000003
2019-01-13,,,,27.200000000000003
2019-01-14,,31.8,24.0,27.400000000000002
2019-01-15,,31.200000000000003,25.200000000000003,28.200000000000003
2019-01-16,,,,28.900000000000002
2019-01-17,,31.8,24.0,27.5
2019-01-18,,31.200000000000003,,27.6
2019-01-19,,30.8,24.8,27.700000000000003
2019-01-20,,30.400000000000002,,26.8
2019-01-21,,30.200000000000003,24.3,26.900000000000002
2019-01-22,,28.400000000000002,24.5,26.3
2019-01-23,,30.200000000000003,,27.400000000000002
2019-01-24,,30.1,23.3,25.900000000000002
2019-01-25,,31.6,24.6,27.200000000000003
2019-01-26,,30.200000000000003,,27.700000000000003
2019-01-27,,31.200000000000003,24.8,26.8
2019-01-28,,,24.0,27.3
2019-01-29,,30.0,24.200000000000003,26.700000000000003
2019-01-30,,31.3,25.0,27.200000000000003
2019-01-31,,31.0,25.0,28.6
2019-02-01,,32.5,25.400000000000002,28.8
2019-02-02,,32.6,26.0,29.200000000000003
2019-02-03,,33.0,26.0,29.5
2019-02-04,,,26.200000000000003,29.400000000000002
2019-02-05,,33.2,26.200000000000003,29.5
2019-02-06,,33.1,26.200000000000003,29.1
2019-02-07,,,26.0,28.8
2019-02-08,,32.800000000000004,26.0,28.400000000000002
2019-02-09,,32.4,26.6,29.6
2019-02-10,,32.4,,28.6
2019-02-11,,,24.5,28.3
2019-02-12,,32.6,25.400000000000002,28.3
2019-02-13,,31.400000000000002,,28.200000000000003
2019-02-14,,32.4,,28.0
2019-02-15,,31.3,,28.3
2019-02-16,,32.0,,28.200000000000003
2019-02-17,,31.400000000000002,23.8,28.3
2019-02-18,,32.1,23.6,26.400000000000002
2019-02-19,,30.400000000000002,23.400000000000002,26.5
2019-02-20,,32.0,23.6,27.200000000000003
2019-02-21,,31.6,23.6,28.5
2019-02-22,,31.5,24.0,28.3
2019-02-23,,32.0,24.5,28.700000000000003
2019-02-24,,29.400000000000002,,26.8
2019-02-25,,32.6,24.0,28.8
2019-02-26,,32.2,,28.5
2019-02-27,,32.4,,28.700000000000003
2019-02-28,,33.0,25.8,28.8
2019-03-01,,30.200000000000003,,26.400000000000002
2019-03-02,,32.300000000000004,,27.1
2019-03-03,,30.6,23.6,27.3
2019-03-04,,31.8,25.0,28.900000000000002
2019-03-05,,30.8,25.0,27.200000000000003
2019-03-06,,31.200000000000003,25.0,27.5
2019-03-07,,31.200000000000003,25.200000000000003,28.400000000000002
2019-03-08,,31.6,,28.0
2019-03-09,,30.5,23.200000000000003,26.6
2019-03-10,,31.3,24.400000000000002,27.6
2019-03-11,,,24.1,27.1
2019-03-12,,30.8,24.0,26.1
2019-03-13,,,,26.8
2019-03-14,,29.200000000000003,24.200000000000003,25.3
2019-03-15,,31.200000000000003,,26.400000000000002
2019-03-16,,27.1,23.6,25.0
2019-03-17,,30.200000000000003,24.0,25.8
2019-03-18,,30.200000000000003,,26.1
2019-03-19,,31.0,,27.400000000000002
2019-03-20,,,23.0,27.0
2019-03-21,,30.5,,26.900000000000002
2019-03-22,,32.4,25.200000000000003,28.900000000000002
2019-03-23,,32.2,,27.6
2019-03-24,,31.3,25.0,28.3
2019-03-25,,31.8,25.200000000000003,28.3
2019-03-26,,32.1,25.200000000000003,28.400000000000002
2019-03-27,,31.6,,27.8
2019-03-28,,31.200000000000003,25.3,27.400000000000002
2019-03-29,,30.5,25.0,27.8
2019-03-30,,30.3,,27.400000000000002
2019-03-31,,30.200000000000003,24.8,26.400000000000002
2019-04-01,,30.200000000000003,,26.700000000000003
2019-04-02,,31.1,24.3,26.900000000000002
2019-04-03,,30.400000000000002,24.6,28.0
2019-04-04,5.1000000000000005,30.400000000000002,25.0,27.700000000000003
2019-04-05,,,24.400000000000002,26.200000000000003
2019-04-06,,30.200000000000003,,27.6
2019-04-07,,31.200000000000003,24.0,27.200000000000003
2019-04-08,,31.6,,27.6
2019-04-09,,31.900000000000002,24.900000000000002,27.3
2019-04-10,,31.8,25.0,28.3
2019-04-11,,31.6,,26.400000000000002
2019-04-12,,31.200000000000003,24.200000000000003,26.900000000000002
2019-04-13,,,23.8,27.700000000000003
2019-04-14,,31.6,24.200000000000003,27.8
2019-04-15,,31.0,,27.6
2019-04-16,,31.8,24.5,27.3
2019-04-17,,,,27.6
2019-04-18,,32.2,24.200000000000003,27.400000000000002
2019-04-19,,32.1,24.1,27.8
2019-04-20,,31.8,,27.700000000000003
2019-04-21,,32.300000000000004,23.900000000000002,28.200000000000003
2019-04-22,,32.0,25.400000000000002,28.3
2019-04-23,,,25.6,28.8
2019-04-24,,32.4,,28.1
2019-04-25,,,25.1,28.200000000000003
2019-04-26,,31.400000000000002,,28.200000000000003
2019-04-27,,27.0,24.3,25.700000000000003
2019-04-28,,30.6,24.6,26.8
2019-04-29,,,24.8,28.1
2019-04-30,,30.200000000000003,25.400000000000002,27.400000000000002
2019-05-01,,32.1,24.6,27.8
2019-05-02,,30.200000000000003,,26.1
2019-05-03,,28.0,24.0,25.6
2019-05-04,,29.400000000000002,24.0,25.900000000000002
2019-05-05,,29.3,23.8,25.900000000000002
2019-05-06,,29.8,,26.400000000000002
2019-05-07,,31.200000000000003,23.8,27.400000000000002
2019-05-08,,32.4,24.200000000000003,27.900000000000002
2019-05-09,,31.200000000000003,24.200000000000003,27.6
2019-05-10,,,24.400000000000002,27.700000000000003
2019-05-11,,,,27.200000000000003
2019-05-12,,30.0,24.400000000000002,26.700000000000003
2019-05-13,,,24.200000000000003,27.8
2019-05-14,,30.0,23.5,26.700000000000003
2019-05-15,,30.200000000000003,,27.400000000000002
2019-05-16,,30.900000000000002,24.0,27.1
2019-05-17,,30.5,24.8,27.1
2019-05-18,,30.8,,26.900000000000002
2019-05-19,,30.400000000000002,24.700000000000003,26.8
2019-05-20,,31.400000000000002,,26.900000000000002
2019-05-21,,31.0,24.0,27.1
2019-05-22,,29.3,24.200000000000003,26.8
2019-05-23,,,24.6,26.0
2019-05-24,,30.1,,26.700000000000003
2019-05-25,,29.8,24.200000000000003,26.5
2019-05-26,,30.6,,26.400000000000002
2019-05-27,,31.0,23.8,27.0
2019-05-28,,29.200000000000003,,26.1
2019-05-29,,30.0,23.8,26.200000000000003
2019-05-30,,30.0,,26.400000000000002
2019-05-31,,29.700000000000003,,26.400000000000002
2019-06-01,2.0,30.400000000000002,24.0,26.400000000000002
2019-06-02,,30.1,23.6,26.900000000000002
2019-06-03,,29.400000000000002,24.200000000000003,26.400000000000002
2019-06-04,,,24.1,25.5
2019-06-05,,27.400000000000002,,25.400000000000002
2019-06-06,,28.200000000000003,23.8,25.1
2019-06-07,,28.3,23.700000000000003,25.6
2019-06-08,,29.0,23.6,26.400000000000002
2019-06-09,,30.3,,26.700000000000003
2019-06-10,,30.3,24.200000000000003,25.900000000000002
2019-06-11,,30.0,,26.400000000000002
2019-06-12,,29.1,,25.900000000000002
2019-06-13,,29.0,22.5,25.6
2019-06-14,,29.0,,25.3
2019-06-15,,,22.0,25.5
2019-06-16,,28.6,22.8,25.8
2019-06-17,,29.0,,24.900000000000002
2019-06-18,,28.6,21.8,25.1
2019-06-19,,,21.8,26.0
2019-06-20,,29.400000000000002,22.0,25.700000000000003
2019-06-21,,30.200000000000003,22.8,25.1
2019-06-22,,27.3,23.0,25.400000000000002
2019-06-23,,27.700000000000003,23.1,25.400000000000002
2019-06-24,,29.0,,25.8
2019-06-25,,28.200000000000003,,25.200000000000003
2019-06-26,,28.0,22.200000000000003,25.1
2019-06-27,,27.5,23.0,25.3
2019-06-28,,27.400000000000002,23.5,25.5
2019-06-29,,,23.8,25.400000000000002
2019-06-30,,,,24.400000000000002
2019-07-01,,28.1,21.8,24.8
2019-07-02,,,,24.200000000000003
2019-07-03,,28.200000000000003,20.200000000000003,24.900000000000002
2019-07-04,,28.3,21.6,24.900000000000002
2019-07-05,,29.400000000000002,22.0,24.8
2019-07-06,,29.0,22.400000000000002,25.700000000000003
2019-07-07,,28.700000000000003,,25.400000000000002
2019-07-08,,28.400000000000002,23.0,24.900000000000002
2019-07-09,,28.3,,24.700000000000003
2019-07-10,,28.5,,24.5
2019-07-11,,30.3,,25.200000000000003
2019-07-12,,29.400000000000002,20.1,24.5
2019-07-13,,,21.6,25.1
2019-07-14,,,22.0,24.5
2019-07-15,,29.0,22.1,24.900000000000002
2019-07-16,,26.400000000000002,22.700000000000003,24.5
2019-07-17,,26.6,,24.400000000000002
2019-07-18,,28.0,22.8,24.700000000000003
2019-07-19,,,,24.400000000000002
2019-07-20,,,,23.900000000000002
2019-07-21,,27.8,19.8,23.8
2019-07-22,,27.900000000000002,20.200000000000003,25.3
2019-07-23,,,,24.700000000000003
2019-07-24,,29.400000000000002,,25.5
2019-07-25,,,,24.400000000000002
2019-07-26,,28.0,19.400000000000002,23.8
2019-07-27,,28.3,20.6,24.1
2019-07-28,,27.6,20.6,24.3
2019-07-29,,,20.700000000000003,24.3
2019-07-30,,28.8,21.200000000000003,25.3
2019-07-31,,,,24.700000000000003
2019-08-01,,,21.8,24.200000000000003
2019-08-02,,,22.0,24.5
2019-08-03,,29.1,21.6,25.3
2019-08-04,,,22.3,23.8
2019-08-05,,26.3,22.400000000000002,24.3
2019-08-06,,28.0,23.0,24.8
2019-08-07,,,23.0,25.8
2019-08-08,,28.400000000000002,,23.200000000000003
2019-08-09,,29.0,21.8,26.1
2019-08-10,,29.400000000000002,24.200000000000003,25.900000000000002
2019-08-11,,28.3,,25.5
2019-08-12,,27.3,22.8,25.200000000000003
2019-08-13,,28.3,22.5,24.900000000000002
2019-08-14,,27.900000000000002,23.0,25.3
2019-08-15,,26.5,23.6,24.6
2019-08-16,,28.3,23.3,25.400000000000002
2019-08-17,,28.8,23.0,25.3
2019-08-18,,31.200000000000003,23.200000000000003,26.1
2019-08-19,,,,25.8
2019-08-20,,28.3,20.8,24.6
2019-08-21,,28.900000000000002,21.0,24.8
2019-08-22,,,22.200000000000003,24.900000000000002
2019-08-23,,29.400000000000002,,24.400000000000002
2019-08-24,,28.0,20.400000000000002,24.3
2019-08-25,,29.200000000000003,,24.400000000000002
2019-08-26,,29.1,20.700000000000003,24.6
2019-08-27,,27.8,22.0,25.1
2019-08-28,,27.6,,24.0
2019-08-29,,28.0,20.0,24.400000000000002
2019-08-30,,27.200000000000003,21.400000000000002,24.6
2019-08-31,,30.3,,25.1
2019-09-01,,,,24.700000000000003
2019-09-02,,30.400000000000002,20.200000000000003,24.8
2019-09-03,,28.8,21.900000000000002,25.3
2019-09-04,,28.400000000000002,,24.5
2019-09-05,,30.1,,24.3
2019-09-06,,28.400000000000002,20.400000000000002,24.3
2019-09-07,,27.8,,23.5
2019-09-08,,28.200000000000003,18.6,23.700000000000003
2019-09-09,,28.1,,23.900000000000002
2019-09-10,,29.0,19.200000000000003,24.0
2019-09-11,,29.0,19.6,24.6
2019-09-12,,28.900000000000002,20.6,24.6
2019-09-13,,27.3,,23.8
2019-09-14,,28.400000000000002,20.0,24.900000000000002
2019-09-15,,28.900000000000002,,25.0
2019-09-16,,,21.5,25.200000000000003
2019-09-17,,29.3,21.900000000000002,25.5
2019-09-18,,29.6,20.8,24.6
2019-09-19,,28.400000000000002,,25.3
2019-09-20,,30.0,21.400000000000002,26.400000000000002
2019-09-21,,29.3,,25.400000000000002
2019-09-22,,27.5,23.1,25.1
2019-09-23,,29.200000000000003,,25.6
2019-09-24,,28.8,,25.6
2019-09-25,,29.3,22.5,25.900000000000002
2019-09-26,,30.200000000000003,23.0,26.6
2019-09-27,,29.3,23.8,26.200000000000003
2019-09-28,,30.200000000000003,,26.200000000000003
2019-09-29,,30.1,23.5,26.5
2019-09-30,,30.200000000000003,24.200000000000003,27.1
2019-10-01,,30.3,24.200000000000003,26.700000000000003
2019-10-02,,30.400000000000002,,26.8
2019-10-03,,,,26.3
2019-10-04,,29.400000000000002,22.6,25.700000000000003
2019-10-05,,30.400000000000002,23.200000000000003,26.400000000000002
2019-10-06,,30.0,23.0,26.200000000000003
2019-10-07,,31.200000000000003,,25.700000000000003
2019-10-08,,30.0,,26.0
2019-10-09,,30.400000000000002,22.400000000000002,26.0
2019-10-10,,29.1,22.8,26.3
2019-10-11,,29.400000000000002,,25.700000000000003
2019-10-12,,29.900000000000002,,25.400000000000002
2019-10-13,,30.6,,24.700000000000003
2019-10-14,,,21.0,25.6
2019-10-15,,30.200000000000003,21.3,26.400000000000002
2019-10-16,,31.3,,26.200000000000003
2019-10-17,,29.6,,26.0
2019-10-18,,33.9,21.400000000000002,26.5
2019-10-19,,34.4,21.0,25.900000000000002
2019-10-20,,30.6,,25.6
2019-10-21,,32.5,20.5,26.0
2019-10-22,,33.2,22.200000000000003,28.1
2019-10-23,,33.1,24.200000000000003,27.8
2019-10-24,,30.1,,27.1
2019-10-25,,31.3,,26.900000000000002
2019-10-26,,30.400000000000002,,27.200000000000003
2019-10-27,,31.0,24.0,27.8
2019-10-28,,30.3,,26.8
2019-10-29,,30.1,24.400000000000002,27.1
2019-10-30,,30.400000000000002,24.400000000000002,27.200000000000003
2019-10-31,,31.900000000000002,24.400000000000002,27.8
2019-11-01,,32.800000000000004,,27.8
2019-11-02,,,,28.8
2019-11-03,,31.8,23.6,27.6
2019-11-04,,31.5,,27.1
2019-11-05,,31.8,,26.700000000000003
2019-11-06,,30.0,23.200000000000003,27.400000000000002
2019-11-07,,32.300000000000004,24.8,28.1
2019-11-08,,33.1,,26.5
2019-11-09,,30.0,24.0,26.900000000000002
2019-11-10,,31.700000000000003,24.400000000000002,28.1
2019-11-11,,31.200000000000003,,26.700000000000003
2019-11-12,,32.300000000000004,23.3,27.6
2019-11-13,,30.200000000000003,,27.3
2019-11-14,,31.0,24.6,27.700000000000003
2019-11-15,,32.1,,27.900000000000002
2019-11-16,,32.4,,27.400000000000002
2019-11-17,,33.300000000000004,24.0,28.400000000000002
2019-11-18,,,,27.6
2019-11-19,,33.300000000000004,23.6,27.900000000000002
2019-11-20,,32.5,24.3,28.400000000000002
2019-11-21,,32.300000000000004,25.0,28.200000000000003
2019-11-22,,,24.8,28.400000000000002
2019-11-23,,34.2,,27.5
2019-11-24,,32.800000000000004,22.900000000000002,27.1
2019-11-25,,32.2,22.6,27.5
2019-11-26,,32.1,,27.700000000000003
2019-11-27,,33.800000000000004,,27.400000000000002
2019-11-28,,,,27.1
2019-11-29,,33.2,21.900000000000002,27.6
2019-11-30,,32.300000000000004,,28.700000000000003
2019-12-01,,,24.6,29.400000000000002
2019-12-02,,34.2,26.3,29.6
2019-12-03,,32.300000000000004,,29.6
2019-12-04,,33.0,,27.900000000000002
2019-12-05,,32.0,25.200000000000003,28.8
2019-12-06,,34.2,25.0,29.5
2019-12-07,,33.300000000000004,,28.700000000000003
2019-12-08,,32.6,,27.8
2019-12-09,,33.4,22.6,28.8
2019-12-10,,34.0,24.0,29.200000000000003
2019-12-11,,,,28.900000000000002
2019-12-12,,32.6,24.6,28.400000000000002
2019-12-13,,32.4,25.0,28.8
2019-12-14,,32.4,,28.900000000000002
2019-12-15,,,,28.700000000000003
2019-12-16,,33.0,24.200000000000003,29.6
2019-12-17,,33.4,24.8,29.400000000000002
2019-12-18,,32.4,,28.700000000000003
2019-12-19,,34.1,24.5,29.3
2019-12-20,,,,29.5
2019-12-21,,33.0,24.6,29.1
2019-12-22,,33.6,25.400000000000002,29.6
2019-12-23,,35.0,26.0,29.700000000000003
2019-12-24,,33.6,26.0,28.8
2019-12-25,,33.2,26.200000000000003,29.400000000000002
2019-12-26,,33.2,,28.8
2019-12-27,,,25.400000000000002,30.1
2019-12-28,,33.2,,28.0
2019-12-29,,33.300000000000004,,28.1
2019-12-30,,32.5,24.5,28.900000000000002
2019-12-31,,35.0,24.6,29.1
2020-01-01,,33.4,,26.400000000000002
2020-01-02,,32.1,24.200000000000003,28.6
2020-01-03,,33.0,24.6,29.1
2020-01-04,,31.400000000000002,,28.0
2020-01-05,,,,27.400000000000002
2020-01-06,,32.4,24.400000000000002,27.3
2020-01-07,,30.5,24.200000000000003,26.6
2020-01-08,,31.900000000000002,24.5,26.900000000000002
2020-01-09,,32.4,,26.900000000000002
2020-01-10,,32.300000000000004,24.0,28.700000000000003
2020-01-11,,30.8,25.200000000000003,27.900000000000002
2020-01-12,,31.400000000000002,,27.400000000000002
2020-01-13,,30.5,23.8,26.900000000000002
2020-01-14,,31.5,24.0,27.900000000000002
2020-01-15,,32.2,25.3,28.400000000000002
2020-01-16,,30.0,,26.400000000000002
2020-01-17,,,24.6,28.900000000000002
2020-01-18,,33.2,24.0,29.200000000000003
2020-01-19,,33.0,25.700000000000003,28.900000000000002
2020-01-20,,33.0,25.700000000000003,29.0
2020-01-21,,33.2,,27.700000000000003
2020-01-22,,32.6,25.0,29.1
2020-01-23,,33.1,25.0,29.8
2020-01-24,,32.0,,28.6
2020-01-25,,30.3,24.0,26.6
2020-01-26,,32.800000000000004,24.400000000000002,29.3
2020-01-27,,33.0,24.1,29.6
2020-01-28,,,25.5,29.0
2020-01-29,,33.0,,29.0
2020-01-30,,,25.200000000000003,28.700000000000003
2020-01-31,,33.2,25.0,28.8
2020-02-01,,32.800000000000004,,27.400000000000002
2020-02-02,,31.6,24.400000000000002,28.0
2020-02-03,,32.0,25.0,27.3
2020-02-04,,33.2,25.200000000000003,28.700000000000003
2020-02-05,,31.700000000000003,,26.700000000000003
2020-02-06,,32.300000000000004,24.8,27.900000000000002
2020-02-07,,31.6,,28.1
2020-02-08,,31.3,24.6,27.3
2020-02-09,,31.8,25.1,27.700000000000003
2020-02-10,,31.400000000000002,,27.1
2020-02-11,,32.4,25.5,28.0
2020-02-12,,31.400000000000002,25.5,27.8
2020-02-13,,31.400000000000002,,26.8
2020-02-14,,31.8,24.400000000000002,27.900000000000002
2020-02-15,,33.300000000000004,25.5,29.3
2020-02-16,,32.5,,29.200000000000003
2020-02-17,,32.4,,28.8
2020-02-18,,32.7,24.200000000000003,28.6
2020-02-19,,32.6,25.200000000000003,27.700000000000003
2020-02-20,,29.200000000000003,25.0,27.0
2020-02-21,,31.5,24.8,26.900000000000002
2020-02-22,,32.6,25.0,28.3
2020-02-23,,32.5,,27.3
2020-02-24,,32.6,24.700000000000003,28.6
2020-02-25,,32.1,25.0,28.1
2020-02-26,,31.8,25.3,29.400000000000002
2020-02-27,,32.0,25.700000000000003,28.6
2020-02-28,,32.2,,29.1
2020-02-29,,,24.8,27.8
2020-03-01,,31.400000000000002,25.8,28.5
2020-03-02,,32.5,,28.900000000000002
2020-03-03,,,23.900000000000002,28.400000000000002
2020-03-04,,32.5,25.8,29.1
2020-03-05,,32.300000000000004,26.0,28.900000000000002
2020-03-06,,32.5,,28.8
2020-03-07,,31.6,25.3,28.6
2020-03-08,,31.5,25.5,27.8
2020-03-09,,30.900000000000002,,26.900000000000002
2020-03-10,,32.800000000000004,25.0,27.900000000000002
2020-03-11,,,,28.1
2020-03-12,,31.6,24.8,27.8
2020-03-13,,,25.0,27.900000000000002
2020-03-14,,,,27.900000000000002
2020-03-15,,31.8,,27.3
2020-03-16,,32.0,24.200000000000003,28.400000000000002
2020-03-17,,,,27.3
2020-03-18,,33.0,24.6,28.6
2020-03-19,,,24.6,28.900000000000002
2020-03-20,,,,27.0
2020-03-21,,,24.3,27.400000000000002
2020-03-22,,31.3,25.5,27.200000000000003
2020-03-23,,30.0,,26.1
2020-03-24,,29.3,24.700000000000003,27.200000000000003
2020-03-25,,29.5,24.900000000000002,26.700000000000003
2020-03-26,,31.0,24.8,27.900000000000002
2020-03-27,,31.5,25.400000000000002,28.1
2020-03-28,,30.5,25.200000000000003,27.5
2020-03-29,,30.5,25.0,27.0
2020-03-30,,30.0,25.3,27.200000000000003
2020-03-31,,31.3,25.0,28.1
2020-04-01,,30.8,25.3,27.900000000000002
2020-04-02,,31.200000000000003,,27.400000000000002
2020-04-03,,31.8,24.700000000000003,28.400000000000002
2020-04-04,,31.200000000000003,,28.200000000000003
2020-04-05,,33.0,25.0,28.3
2020-04-06,,31.8,,28.200000000000003
2020-04-07,,31.3,,28.0
2020-04-08,,32.300000000000004,,27.8
2020-04-09,,,23.700000000000003,27.0
2020-04-10,,31.8,24.0,27.3
2020-04-11,,31.900000000000002,25.3,28.5
2020-04-12,,33.0,,27.6
2020-04-13,,32.800000000000004,24.6,28.3
2020-04-14,,32.4,25.200000000000003,28.700000000000003
2020-04-15,,33.0,,29.0
2020-04-16,,,23.900000000000002,26.5
2020-04-17,,32.0,,28.3
2020-04-18,,31.3,,28.400000000000002
2020-04-19,,31.6,25.200000000000003,28.5
2020-04-20,,32.800000000000004,25.400000000000002,28.900000000000002
2020-04-21,,,,26.6
2020-04-22,,31.3,23.8,27.400000000000002
2020-04-23,,31.5,,27.900000000000002
2020-04-24,,31.8,24.6,28.5
2020-04-25,,32.0,,28.200000000000003
2020-04-26,,31.200000000000003,25.1,28.0
2020-04-27,,31.5,25.1,27.6
2020-04-28,,30.6,25.8,27.700000000000003
2020-04-29,,29.1,,27.1
2020-04-30,,30.6,24.200000000000003,27.400000000000002
2020-05-01,,31.0,,26.6
2020-05-02,,30.6,25.0,27.6
2020-05-03,,31.8,,27.3
2020-05-04,,,,26.200000000000003
2020-05-05,,28.6,,25.400000000000002
2020-05-06,,30.6,23.700000000000003,26.8
2020-05-07,,30.5,24.1,27.200000000000003
2020-05-08,,30.400000000000002,24.6,27.200000000000003
2020-05-09,,31.200000000000003,24.8,27.6
2020-05-10,,29.3,25.0,26.6
2020-05-11,,30.900000000000002,,27.400000000000002
2020-05-12,,30.6,24.5,27.1
2020-05-13,,31.8,24.8,27.700000000000003
2020-05-14,,29.900000000000002,,27.200000000000003
2020-05-15,,31.3,24.6,27.6
2020-05-16,,29.6,,26.8
2020-05-17,,30.700000000000003,24.6,27.3
2020-05-18,,31.3,24.8,27.8
2020-05-19,,32.2,25.3,28.6
2020-05-20,,30.0,26.0,27.400000000000002
2020-05-21,,30.0,,27.200000000000003
2020-05-22,,31.0,25.400000000000002,27.900000000000002
2020-05-23,,27.200000000000003,,24.400000000000002
2020-05-24,,28.0,23.1,25.6
2020-05-25,,28.3,23.900000000000002,25.8
2020-05-26,,28.400000000000002,24.6,26.8
2020-05-27,,30.1,,26.8
2020-05-28,,29.200000000000003,24.0,26.400000000000002
2020-05-29,,30.400000000000002,24.0,27.3
2020-05-30,,29.8,,27.0
2020-05-31,,30.400000000000002,24.6,27.1
2020-06-01,,30.200000000000003,,26.400000000000002
2020-06-02,,30.8,23.200000000000003,26.6
2020-06-03,,29.200000000000003,23.900000000000002,26.700000000000003
2020-06-04,,28.5,25.0,26.3
2020-06-05,,28.200000000000003,25.0,26.1
2020-06-06,,28.8,,26.1
2020-06-07,,28.8,24.200000000000003,26.3
2020-06-08,,31.0,,26.6
2020-06-09,,29.5,,26.400000000000002
2020-06-10,,29.3,23.5,26.200000000000003
2020-06-11,,28.400000000000002,24.3,26.0
2020-06-12,,28.400000000000002,24.200000000000003,26.3
2020-06-13,,30.8,,27.3
2020-06-14,,28.900000000000002,24.8,26.8
2020-06-15,,,25.1,27.0
2020-06-16,,28.200000000000003,25.0,26.3
2020-06-17,,28.0,,25.400000000000002
2020-06-18,,31.5,,27.0
2020-06-19,,31.400000000000002,,26.400000000000002
2020-06-20,,29.0,23.400000000000002,26.200000000000003
2020-06-21,,28.0,23.6,25.700000000000003
2020-06-22,,28.200000000000003,23.900000000000002,25.900000000000002
2020-06-23,,29.8,,26.1
2020-06-24,,28.400000000000002,23.1,25.900000000000002
2020-06-25,,,23.900000000000002,26.1
2020-06-26,,32.800000000000004,24.200000000000003,26.8
2020-06-27,,29.900000000000002,,26.3
2020-06-28,,29.0,,26.1
2020-06-29,,29.0,23.900000000000002,26.0
2020-06-30,,28.700000000000003,,25.1
2020-07-01,,29.400000000000002,22.5,25.8
2020-07-02,,28.5,23.0,26.1
2020-07-03,,29.700000000000003,,25.900000000000002
2020-07-04,,29.0,22.400000000000002,25.5
2020-07-05,,31.1,,24.700000000000003
2020-07-06,,26.8,22.5,24.900000000000002
2020-07-07,,28.700000000000003,23.200000000000003,25.400000000000002
2020-07-08,,29.0,,25.6
2020-07-09,,29.3,23.0,25.400000000000002
2020-07-10,,30.400000000000002,24.200000000000003,26.8
2020-07-11,,28.0,24.0,25.6
2020-07-12,,27.0,,25.1
2020-07-13,,28.700000000000003,23.6,26.200000000000003
2020-07-14,2.0,28.900000000000002,,25.8
2020-07-15,,28.0,23.700000000000003,25.700000000000003
2020-07-16,,28.0,,25.3
2020-07-17,,28.3,,24.900000000000002
2020-07-18,,27.6,,24.900000000000002
2020-07-19,,27.400000000000002,22.3,25.3
2020-07-20,,26.5,23.3,24.900000000000002
2020-07-21,,29.0,23.3,25.3
2020-07-22,,28.8,,24.8
2020-07-23,,28.900000000000002,21.700000000000003,24.8
2020-07-24,,29.200000000000003,22.6,26.1
2020-07-25,,29.200000000000003,23.400000000000002,25.400000000000002
2020-07-26,,27.6,23.700000000000003,25.5
2020-07-27,,28.8,23.900000000000002,26.0
2020-07-28,,28.0,23.900000000000002,25.700000000000003
2020-07-29,,29.1,,25.8
2020-07-30,,28.200000000000003,,24.8
2020-07-31,,27.900000000000002,,24.400000000000002
2020-08-01,,28.0,,24.400000000000002
2020-08-02,,27.5,20.6,24.8
2020-08-03,,29.200000000000003,22.1,25.1
2020-08-04,,27.200000000000003,22.700000000000003,25.200000000000003
2020-08-05,,30.400000000000002,23.8,26.3
2020-08-06,,29.3,24.1,26.3
2020-08-07,,,24.1,25.700000000000003
2020-08-08,,27.900000000000002,,24.8
2020-08-09,,29.200000000000003,23.0,26.700000000000003
2020-08-10,,28.200000000000003,,25.8
2020-08-11,,29.5,,26.5
2020-08-12,,29.8,23.8,26.6
2020-08-13,,30.0,,26.400000000000002
2020-08-14,,30.3,23.0,26.1
2020-08-15,,29.200000000000003,,25.6
2020-08-16,,29.5,,24.900000000000002
2020-08-17,,30.5,20.8,25.200000000000003
2020-08-18,,30.0,20.8,25.6
2020-08-19,,30.0,20.900000000000002,25.3
2020-08-20,,30.400000000000002,,25.3
2020-08-21,,28.900000000000002,20.700000000000003,25.200000000000003
2020-08-22,,29.200000000000003,20.900000000000002,25.1
2020-08-23,,29.400000000000002,,25.3
2020-08-24,,30.3,20.5,25.3
2020-08-25,,30.5,20.8,26.1
2020-08-26,,30.0,23.1,25.900000000000002
2020-08-27,,28.700000000000003,,25.6
2020-08-28,,28.200000000000003,23.200000000000003,25.1
2020-08-29,,27.5,23.400000000000002,25.3
2020-08-30,,31.5,24.0,26.8
2020-08-31,,29.700000000000003,,26.1
2020-09-01,,29.400000000000002,,25.700000000000003
2020-09-02,,29.0,22.5,26.1
2020-09-03,,29.5,23.700000000000003,26.200000000000003
2020-09-04,,30.1,,25.8
2020-09-05,,29.8,23.200000000000003,26.5
2020-09-06,,30.8,23.1,26.400000000000002
2020-09-07,,29.700000000000003,23.700000000000003,27.1
2020-09-08,,30.400000000000002,,26.700000000000003
2020-09-09,,30.8,23.200000000000003,26.700000000000003
2020-09-10,,30.6,,25.900000000000002
2020-09-11,,30.0,21.6,26.0
2020-09-12,,30.0,,25.8
2020-09-13,,32.5,,25.5
2020-09-14,,29.0,20.3,25.3
2020-09-15,,30.1,22.0,26.8
2020-09-16,,30.200000000000003,24.200000000000003,26.700000000000003
2020-09-17,,29.0,24.400000000000002,26.700000000000003
2020-09-18,,31.400000000000002,24.6,27.5
2020-09-19,,,24.700000000000003,27.1
2020-09-20,,32.6,,26.8
2020-09-21,,31.400000000000002,,27.200000000000003
2020-09-22,,30.5,23.5,26.700000000000003
2020-09-23,,31.200000000000003,23.5,27.400000000000002
2020-09-24,,32.1,,26.200000000000003
2020-09-25,,29.6,22.400000000000002,26.6
2020-09-26,,30.8,,26.6
2020-09-27,,32.0,23.0,27.700000000000003
2020-09-28,,30.8,,26.8
2020-09-29,,29.6,23.200000000000003,26.8
2020-09-30,,31.400000000000002,,26.700000000000003
2020-10-01,,30.8,,26.200000000000003
2020-10-02,,33.4,22.0,27.400000000000002
2020-10-03,,30.200000000000003,24.0,26.400000000000002
2020-10-04,,30.0,,26.1
2020-10-05,,31.200000000000003,24.0,27.1
2020-10-06,,31.6,23.200000000000003,27.200000000000003
2020-10-07,,30.5,,26.700000000000003
2020-10-08,,31.0,,26.1
2020-10-09,,30.6,21.200000000000003,26.1
2020-10-10,,31.0,22.8,26.3
2020-10-11,,,23.1,26.400000000000002
2020-10-12,,32.4,23.5,27.900000000000002
2020-10-13,,31.1,,27.5
2020-10-14,,32.300000000000004,24.3,27.6
2020-10-15,,32.4,,26.900000000000002
2020-10-16,,31.400000000000002,,26.3
2020-10-17,,31.0,22.3,26.400000000000002
2020-10-18,,30.700000000000003,22.3,27.6
2020-10-19,,31.6,23.8,27.700000000000003
2020-10-20,,31.400000000000002,24.900000000000002,27.900000000000002
2020-10-21,,30.5,,27.700000000000003
2020-10-22,,31.900000000000002,,27.1
2020-10-23,,31.400000000000002,23.1,28.200000000000003
2020-10-24,,33.4,,28.3
2020-10-25,,31.400000000000002,,27.1
2020-10-26,,33.6,22.8,28.1
2020-10-27,,31.5,,27.8
2020-10-28,,32.0,,25.200000000000003
2020-10-29,,29.700000000000003,22.900000000000002,26.900000000000002
2020-10-30,,32.2,24.200000000000003,27.700000000000003
2020-10-31,,32.4,23.8,28.1
2020-11-01,,32.0,24.0,28.1
2020-11-02,,31.700000000000003,24.900000000000002,28.900000000000002
2020-11-03,,32.6,,27.1
2020-11-04,,30.400000000000002,,25.0
2020-11-05,,31.200000000000003,23.400000000000002,27.900000000000002
2020-11-06,,33.2,24.6,28.3
2020-11-07,,32.4,,28.400000000000002
2020-11-08,,33.4,24.3,27.700000000000003
2020-11-09,,32.800000000000004,25.0,27.0
2020-11-10,,33.7,,28.3
2020-11-11,,31.700000000000003,,28.0
2020-11-12,,32.300000000000004,23.8,28.200000000000003
2020-11-13,,34.2,24.200000000000003,28.400000000000002
2020-11-14,,32.800000000000004,,28.0
2020-11-15,,31.200000000000003,23.400000000000002,28.1
2020-11-16,,31.400000000000002,25.0,29.1
2020-11-17,,,,27.8
2020-11-18,,32.2,25.400000000000002,27.700000000000003
2020-11-19,,31.0,25.400000000000002,27.3
2020-11-20,,32.6,25.0,27.1
2020-11-21,,33.0,24.8,28.5
2020-11-22,,31.200000000000003,24.900000000000002,27.700000000000003
2020-11-23,,31.3,24.8,27.8
2020-11-24,,34.4,24.900000000000002,28.400000000000002
2020-11-25,,31.400000000000002,,28.1
2020-11-26,,31.6,23.6,27.3
2020-11-27,,31.400000000000002,,27.8
2020-11-28,,31.8,24.200000000000003,28.1
2020-11-29,,31.400000000000002,24.3,28.200000000000003
2020-11-30,,32.5,25.400000000000002,28.8
2020-12-01,,33.1,,27.0
2020-12-02,,30.200000000000003,,26.8
2020-12-03,,30.6,23.900000000000002,26.700000000000003
2020-12-04,,32.6,,26.900000000000002
2020-12-05,,32.0,23.8,28.6
2020-12-06,,32.4,,28.6
2020-12-07,,32.4,24.200000000000003,28.5
2020-12-08,,31.700000000000003,24.200000000000003,27.6
2020-12-09,,32.4,25.0,28.700000000000003
2020-12-10,,32.0,,27.400000000000002
2020-12-11,,32.0,24.200000000000003,28.5
2020-12-12,,31.400000000000002,,26.8
2020-12-13,,31.8,24.0,28.5
2020-12-14,,32.0,24.1,28.200000000000003
2020-12-15,,33.0,25.0,27.700000000000003
2020-12-16,,31.6,,26.400000000000002
2020-12-17,,33.0,24.900000000000002,28.700000000000003
2020-12-18,,32.5,25.0,29.3
2020-12-19,,31.0,,27.700000000000003
2020-12-20,,31.5,23.6,28.400000000000002
2020-12-21,,31.6,,27.400000000000002
2020-12-22,,31.8,,28.5
2020-12-23,,32.4,23.6,28.3
2020-12-24,,32.0,24.400000000000002,26.700000000000003
2020-12-25,,31.700000000000003,24.400000000000002,28.5
2020-12-26,,31.8,25.1,27.900000000000002
2020-12-27,,31.200000000000003,,28.200000000000003
2020-12-28,,31.6,25.3,28.6
2020-12-29,,32.300000000000004,24.6,28.200000000000003
2020-12-30,,32.6,,28.1
2020-12-31,,32.0,24.3,27.700000000000003
2021-01-01,,32.800000000000004,25.5,28.700000000000003
2021-01-02,,30.6,,27.3
2021-01-03,,32.300000000000004,25.0,27.400000000000002
2021-01-04,,32.4,,27.3
2021-01-05,,31.0,24.1,28.5
2021-01-06,,32.5,24.6,29.200000000000003
2021-01-07,,32.0,25.6,29.0
2021-01-08,,32.6,,28.6
2021-01-09,,32.0,25.200000000000003,28.400000000000002
2021-01-10,,31.400000000000002,,27.400000000000002
2021-01-11,,31.400000000000002,24.900000000000002,28.6
2021-01-12,,31.8,25.0,28.6
2021-01-13,,31.0,24.6,28.200000000000003
2021-01-14,,,24.8,27.900000000000002
2021-01-15,,31.0,,27.200000000000003
2021-01-16,,,24.400000000000002,28.8
2021-01-17,,32.300000000000004,24.8,28.8
2021-01-18,,31.6,,26.400000000000002
2021-01-19,,31.200000000000003,24.400000000000002,29.400000000000002
2021-01-20,,,,28.1
2021-01-21,,,23.8,26.200000000000003
2021-01-22,,31.3,24.0,28.900000000000002
2021-01-23,,31.400000000000002,,28.200000000000003
2021-01-24,,31.0,24.700000000000003,27.400000000000002
2021-01-25,,31.200000000000003,,27.700000000000003
2021-01-26,,30.3,,27.3
2021-01-27,,31.700000000000003,24.1,26.900000000000002
2021-01-28,,30.700000000000003,,26.3
2021-01-29,,30.200000000000003,23.8,26.900000000000002
2021-01-30,,30.200000000000003,23.5,27.3
2021-01-31,,,23.3,27.0
2021-02-01,,30.200000000000003,23.700000000000003,26.400000000000002
2021-02-02,,,24.0,27.5
2021-02-03,,31.400000000000002,24.0,26.5
2021-02-04,,,24.6,28.1
2021-02-05,,31.3,,27.3
2021-02-06,,31.0,24.400000000000002,27.1
2021-02-07,,,24.0,28.6
2021-02-08,,32.1,25.0,29.1
2021-02-09,,32.300000000000004,,28.5
2021-02-10,,,24.700000000000003,30.400000000000002
2021-02-13,,31.3,,25.8
2021-02-14,,31.0,24.6,27.700000000000003
2021-02-15,,,24.8,28.6
2021-02-16,,30.200000000000003,,27.400000000000002
2021-02-17,,30.6,,27.3
2021-02-18,,,24.0,27.6
2021-02-19,,,24.400000000000002,27.900000000000002
2021-02-21,,,,26.3
2021-02-22,,,,27.0
2021-02-23,,,23.6,26.0
2021-02-24,,30.400000000000002,23.200000000000003,26.5
2021-02-25,,29.200000000000003,23.900000000000002,27.1
2021-02-26,,32.300000000000004,24.3,28.8
2021-02-27,,32.0,25.5,28.3
2021-02-28,,32.1,25.400000000000002,28.700000000000003
2021-03-01,,31.0,,27.8
2021-03-02,,32.0,,29.0
2021-03-03,,31.5,,28.400000000000002
2021-03-04,,32.2,,26.400000000000002
2021-03-05,,32.0,,28.200000000000003
2021-03-06,,,22.400000000000002,26.900000000000002
2021-03-07,,32.0,22.8,27.6
2021-03-08,,31.0,24.200000000000003,27.700000000000003
2021-03-09,,31.8,,25.900000000000002
2021-03-10,,31.3,23.6,28.400000000000002
2021-03-11,,,24.8,28.400000000000002
2021-03-12,,32.4,24.0,28.200000000000003
2021-03-13,,29.700000000000003,23.400000000000002,27.0
2021-03-14,,29.8,,24.400000000000002
2021-03-15,,30.5,22.8,27.6
2021-03-16,,31.0,24.0,27.700000000000003
2021-03-17,,27.200000000000003,23.400000000000002,25.200000000000003
2021-03-18,,29.0,,26.1
2021-03-19,,30.6,22.900000000000002,26.900000000000002
2021-03-20,,30.8,24.0,27.900000000000002
2021-03-21,,32.4,,28.5
2021-03-22,,31.6,23.5,27.200000000000003
2021-03-23,,31.3,23.900000000000002,29.1
2021-03-24,,30.6,,27.1
2021-03-25,,31.400000000000002,25.0,28.6
2021-03-26,,31.8,,26.3
2021-03-27,,30.400000000000002,24.5,27.8
2021-03-28,,31.8,25.3,27.3
2021-03-29,,30.0,,25.8
2021-03-30,,28.5,23.8,26.1
2021-03-31,,29.8,23.900000000000002,27.1
2021-04-01,,30.0,24.6,27.1
2021-04-02,,28.5,,26.1
2021-04-03,,30.400000000000002,24.200000000000003,26.5
2021-04-04,,30.700000000000003,24.8,27.900000000000002
2021-04-05,,30.700000000000003,24.6,27.900000000000002
2021-04-06,,31.5,24.6,27.1
2021-04-07,,31.0,24.6,26.200000000000003
2021-04-08,,30.8,24.200000000000003,27.900000000000002
2021-04-09,,31.0,,28.1
2021-04-10,,31.5,24.5,28.3
2021-04-11,,29.1,,26.3
2021-04-12,,31.0,24.200000000000003,27.700000000000003
2021-04-13,,30.8,24.200000000000003,27.8
2021-04-14,,34.0,,28.0
2021-04-15,,32.6,23.6,28.1
2021-04-16,,32.1,23.900000000000002,28.400000000000002
2021-04-17,,,,26.6
2021-04-18,,28.200000000000003,,26.1
2021-04-19,,32.0,23.6,27.1
2021-04-20,,30.8,25.5,28.1
2021-04-21,,29.200000000000003,,26.200000000000003
2021-04-22,,32.4,24.0,29.0
2021-04-23,,30.8,25.400000000000002,28.1
2021-04-24,,29.5,,26.400000000000002
2021-04-25,,30.1,24.200000000000003,27.6
2021-04-26,,30.200000000000003,,27.5
2021-04-27,,29.900000000000002,24.0,26.400000000000002
2021-04-28,,29.400000000000002,24.8,26.8
2021-04-29,,29.8,,26.400000000000002
2021-04-30,,30.8,24.0,27.400000000000002
2021-05-01,,32.0,24.8,27.700000000000003
2021-05-02,,31.3,24.400000000000002,27.900000000000002
2021-05-03,,32.300000000000004,,28.1
2021-05-04,,,24.900000000000002,27.400000000000002
2021-05-05,,32.800000000000004,,27.400000000000002
2021-05-06,,33.300000000000004,23.400000000000002,27.8
2021-05-07,,32.2,23.200000000000003,27.1
2021-05-08,,30.700000000000003,23.5,27.400000000000002
2021-05-09,,30.200000000000003,,27.0
2021-05-10,,29.8,24.400000000000002,27.200000000000003
2021-05-11,,30.6,,26.1
2021-05-12,,31.200000000000003,24.700000000000003,26.900000000000002
2021-05-13,,31.6,25.200000000000003,27.6
2021-05-14,,30.700000000000003,,27.8
2021-05-15,,30.3,25.400000000000002,27.700000000000003
2021-05-16,,29.8,,26.8
2021-05-17,,30.200000000000003,25.0,27.6
2021-05-18,,29.8,,27.400000000000002
2021-05-19,,29.6,25.400000000000002,27.200000000000003
2021-05-20,,30.0,25.200000000000003,27.3
2021-05-21,,29.0,,25.700000000000003
2021-05-22,,29.0,24.200000000000003,26.3
2021-05-23,,28.8,,25.700000000000003
2021-05-24,,30.900000000000002,23.3,26.900000000000002
2021-05-25,,,,26.3
2021-05-26,,30.1,23.200000000000003,26.200000000000003
2021-05-27,,30.6,23.400000000000002,25.6
2021-05-28,,29.400000000000002,23.400000000000002,26.200000000000003
2021-05-29,,28.3,23.700000000000003,26.1
2021-05-30,,30.6,,26.400000000000002
2021-05-31,,31.200000000000003,23.400000000000002,26.700000000000003
2021-06-01,,29.900000000000002,23.3,26.400000000000002
2021-06-02,,30.0,23.400000000000002,26.3
2021-06-03,,29.8,23.900000000000002,26.200000000000003
2021-06-04,,29.700000000000003,,26.5
2021-06-05,,29.5,23.8,26.3
2021-06-06,,28.0,,25.200000000000003
2021-06-07,,29.6,23.8,26.900000000000002
2021-06-08,,28.0,,25.5
2021-06-09,,29.400000000000002,23.400000000000002,25.6
2021-06-10,,29.400000000000002,23.700000000000003,26.3
2021-06-11,,31.0,23.8,26.900000000000002
2021-06-12,,30.1,,26.900000000000002
2021-06-13,,30.1,24.400000000000002,27.1
2021-06-14,,30.200000000000003,,26.700000000000003
2021-06-15,,30.8,,27.1
2021-06-16,,30.8,24.700000000000003,27.400000000000002
2021-06-17,,30.400000000000002,,26.900000000000002
2021-06-18,,29.8,,26.3
2021-06-19,,31.0,,26.5
2021-06-20,,29.5,22.700000000000003,25.8
2021-06-21,,28.1,22.8,25.8
2021-06-22,,31.0,23.8,27.200000000000003
2021-06-23,,29.700000000000003,23.8,26.5
2021-06-24,,28.200000000000003,,25.700000000000003
2021-06-25,,28.5,,25.8
2021-06-26,,29.6,22.8,25.8
2021-06-27,,27.6,24.0,25.6
2021-06-28,,29.900000000000002,23.8,26.3
2021-06-29,,30.0,24.3,26.5
2021-06-30,,30.200000000000003,,26.400000000000002
2021-07-01,,28.5,23.8,25.400000000000002
2021-07-02,,30.1,,25.8
2021-07-03,,28.400000000000002,23.200000000000003,25.700000000000003
2021-07-04,,28.200000000000003,23.700000000000003,25.400000000000002
2021-07-05,,29.400000000000002,24.200000000000003,26.8
2021-07-06,,28.5,24.900000000000002,26.6
2021-07-07,,,,26.900000000000002
2021-07-08,,29.1,24.400000000000002,26.900000000000002
2021-07-09,,,,27.1
2021-07-10,,28.200000000000003,24.0,26.6
2021-07-11,,30.200000000000003,,26.8
2021-07-12,,31.5,24.3,27.8
2021-07-13,,32.2,24.900000000000002,28.6
2021-07-14,,31.1,,28.3
2021-07-15,,30.0,25.1,27.700000000000003
2021-07-16,,29.8,25.200000000000003,26.900000000000002
2021-07-17,,,,27.3
2021-07-18,,,24.8,27.6
2021-07-19,,31.400000000000002,24.900000000000002,27.5
2021-07-20,,,,27.700000000000003
2021-07-21,,31.200000000000003,22.400000000000002,26.400000000000002
2021-07-22,,28.200000000000003,,25.900000000000002
2021-07-23,,29.6,22.6,25.900000000000002
2021-07-24,,30.0,23.400000000000002,27.400000000000002
2021-07-25,,29.200000000000003,,26.3
2021-07-26,,29.400000000000002,,26.1
2021-07-27,,27.700000000000003,23.5,25.400000000000002
2021-07-28,,29.3,23.6,27.200000000000003
2021-07-29,,29.0,,26.8
2021-07-30,,29.200000000000003,,24.1
2021-07-31,,26.200000000000003,,24.6
2021-08-01,,30.700000000000003,22.400000000000002,26.6
2021-08-02,,31.0,,27.5
2021-08-03,,29.0,21.400000000000002,25.900000000000002
2021-08-04,,28.8,23.6,26.1
2021-08-05,,29.0,,25.6
2021-08-06,,,23.5,26.400000000000002
2021-08-07,,29.3,,26.0
2021-08-08,,27.200000000000003,21.6,25.5
2021-08-09,,28.400000000000002,,25.5
2021-08-10,,,23.3,26.8
2021-08-11,,,,27.6
2021-08-12,,,24.0,25.6
2021-08-13,,29.3,24.0,27.0
2021-08-14,,30.0,,26.0
2021-08-15,,,24.1,26.700000000000003
2021-08-16,,,,26.1
2021-08-17,,30.0,23.8,27.0
2021-08-18,,30.1,,26.400000000000002
2021-08-19,,30.8,23.1,26.6
2021-08-20,,29.0,,26.3
2021-08-21,,29.200000000000003,23.700000000000003,26.900000000000002
2021-08-22,,,24.400000000000002,27.5
2021-08-23,,30.400000000000002,24.0,27.900000000000002
2021-08-24,,30.400000000000002,,26.200000000000003
2021-08-25,,29.6,24.3,26.700000000000003
2021-08-26,,29.3,,26.8
2021-08-27,,,23.200000000000003,27.6
2021-08-28,,30.8,24.6,27.6
2021-08-29,,30.5,24.6,26.700000000000003
2021-08-30,,30.400000000000002,24.8,27.6
2021-08-31,,,24.900000000000002,27.700000000000003
2021-09-01,,30.400000000000002,24.8,27.900000000000002
2021-09-02,,31.8,24.900000000000002,27.8
2021-09-03,,30.400000000000002,,26.900000000000002
2021-09-04,,30.200000000000003,,27.1
2021-09-05,,,23.6,27.0
2021-09-06,,,,26.6
2021-09-07,,29.6,22.8,26.8
2021-09-08,,30.0,,26.400000000000002
2021-09-09,,,23.0,26.200000000000003
2021-09-10,,30.3,23.3,27.6
2021-09-11,,29.200000000000003,,26.400000000000002
2021-09-12,,29.6,23.6,27.0
2021-09-13,,,24.6,27.400000000000002
2021-09-14,,28.400000000000002,24.5,26.6
2021-09-15,,31.400000000000002,,27.3
2021-09-16,,32.7,,26.400000000000002
2021-09-17,,30.0,22.1,25.900000000000002
2021-09-18,,29.0,22.8,26.6
2021-09-19,,32.800000000000004,23.3,25.900000000000002
2021-09-20,8.9,27.3,,25.3
2021-09-21,,32.4,24.1,27.3
2021-09-22,,,,26.8
2021-09-23,,28.0,,24.900000000000002
2021-09-24,,28.3,23.200000000000003,26.6
2021-09-25,,29.200000000000003,24.200000000000003,26.6
2021-09-26,,30.0,,27.5
2021-09-27,,,,27.400000000000002
2021-09-28,,31.5,,27.6
2021-09-29,,,23.8,27.5
2021-09-30,,,24.200000000000003,27.3
2021-10-01,,,24.200000000000003,27.6
2021-10-02,,,,27.400000000000002
2021-10-03,,31.0,24.0,27.700000000000003
2021-10-04,,30.0,24.0,28.1
2021-10-05,,30.8,,26.6
2021-10-06,,31.3,22.8,26.900000000000002
2021-10-07,,,22.8,28.6
2021-10-08,,,,27.1
2021-10-09,,33.4,24.6,28.6
2021-10-10,,29.5,,27.5
2021-10-11,,30.6,,27.3
2021-10-12,,32.2,24.200000000000003,27.8
2021-10-13,,31.0,24.6,28.8
2021-10-14,,32.800000000000004,24.8,28.900000000000002
2021-10-15,,,,27.1
2021-10-16,,,23.8,29.1
2021-10-17,,31.700000000000003,,28.5
2021-10-18,,32.2,,28.8
2021-10-19,,33.4,24.8,29.400000000000002
2021-10-20,,32.2,24.8,29.400000000000002
2021-10-21,,,,29.5
2021-10-22,,32.0,25.400000000000002,28.400000000000002
2021-10-23,,32.7,,27.200000000000003
2021-10-24,,33.4,23.400000000000002,29.200000000000003
2021-10-25,,32.4,,29.1
2021-10-26,,32.9,25.200000000000003,28.0
2021-10-27,,32.800000000000004,25.0,29.1
2021-10-28,,34.0,,29.0
2021-10-29,,32.800000000000004,,28.900000000000002
2021-10-30,,,25.5,28.200000000000003
2021-10-31,,,25.400000000000002,29.200000000000003
2021-11-01,,32.2,,27.3
2021-11-02,,31.6,25.0,28.8
2021-11-03,,33.6,,29.400000000000002
2021-11-04,,30.8,,27.1
2021-11-05,,33.1,24.400000000000002,28.200000000000003
2021-11-06,,32.4,24.400000000000002,29.5
2021-11-07,,33.2,25.400000000000002,28.900000000000002
2021-11-08,,30.5,,27.3
2021-11-09,,,24.0,29.700000000000003
2021-11-10,,,,29.3
2021-11-11,,32.800000000000004,,28.200000000000003
2021-11-12,,32.2,25.400000000000002,29.400000000000002
2021-11-13,,29.1,,26.5
2021-11-14,,33.4,24.3,29.400000000000002
2021-11-15,,,,28.0
2021-11-16,,29.0,24.6,26.6
2021-11-17,,31.5,24.400000000000002,28.700000000000003
2021-11-18,,,,28.8
2021-11-19,,32.800000000000004,24.6,28.200000000000003
2021-11-20,,31.0,,26.8
2021-11-21,,32.0,24.200000000000003,27.700000000000003
2021-11-22,,31.1,24.8,28.0
2021-11-23,,32.0,25.0,28.6
2021-11-24,,32.2,25.6,29.700000000000003
2021-11-25,,31.400000000000002,25.8,29.200000000000003
2021-11-26,,32.800000000000004,,27.6
2021-11-27,,32.0,23.8,28.700000000000003
2021-11-28,,32.0,25.0,27.900000000000002
2021-11-29,,33.4,25.8,29.1
2021-11-30,,33.4,25.6,29.3
2021-12-01,,32.800000000000004,,28.8
2021-12-02,,,25.900000000000002,27.6
2021-12-03,,31.0,26.200000000000003,29.1
2021-12-04,,,,28.700000000000003
2021-12-05,,31.400000000000002,,27.5
2021-12-06,,30.0,24.400000000000002,27.8
2021-12-07,,,24.700000000000003,29.700000000000003
2021-12-08,,,,28.900000000000002
2021-12-09,,32.6,24.200000000000003,28.1
2021-12-10,,,24.400000000000002,28.3
2021-12-11,,,,26.6
2021-12-12,,31.0,24.200000000000003,27.400000000000002
2021-12-13,62.0,29.200000000000003,,27.1
2021-12-14,,29.400000000000002,,27.6
2021-12-15,,,24.1,27.8
2021-12-16,,31.0,23.400000000000002,28.0
2021-12-17,,,,28.1
2021-12-18,,,24.400000000000002,26.5
2021-12-19,,,24.6,29.200000000000003
2021-12-20,,33.0,25.200000000000003,29.3
2021-12-21,,32.0,25.400000000000002,29.3
2021-12-22,,32.4,,29.1
2021-12-23,,,,25.700000000000003
2021-12-24,,,24.0,28.700000000000003
2021-12-25,,32.6,24.8,29.1
2021-12-26,,32.2,,28.1
2021-12-27,,30.6,24.700000000000003,27.700000000000003
2021-12-28,,32.800000000000004,25.700000000000003,28.900000000000002
2021-12-29,,,,29.1
2021-12-30,,31.8,,28.700000000000003
2021-12-31,,31.0,,28.8
2022-01-01,,32.4,25.5,29.3
2022-01-02,,30.200000000000003,,27.6
2022-01-03,,,,29.0
2022-01-04,,32.2,,28.3
2022-01-05,,,24.0,26.700000000000003
2022-01-06,,,,27.400000000000002
2022-01-07,,,,26.200000000000003
2022-01-08,,,22.200000000000003,27.1
2022-01-09,,,23.5,28.700000000000003
2022-01-10,,,25.0,28.400000000000002
2022-01-11,,32.5,25.0,29.3
2022-01-12,,32.4,25.6,29.1
2022-01-13,,31.3,,28.900000000000002
2022-01-14,,31.6,,28.3
2022-01-15,,,24.400000000000002,28.1
2022-01-16,,28.200000000000003,,26.200000000000003
2022-01-17,,,24.0,28.6
2022-01-18,,31.400000000000002,24.700000000000003,28.200000000000003
2022-01-19,,31.0,,27.700000000000003
2022-01-20,,30.200000000000003,,27.200000000000003
2022-01-21,,32.0,24.0,28.200000000000003
2022-01-22,,,,27.700000000000003
2022-01-23,,,24.8,28.0
2022-01-24,,32.4,24.900000000000002,28.8
2022-01-25,,,25.3,28.6
2022-01-26,,,,29.6
2022-01-27,,33.0,25.3,28.900000000000002
2022-01-28,,33.4,,29.200000000000003
2022-01-29,,,24.400000000000002,28.6
2022-01-30,,,,25.3
2022-01-31,,30.400000000000002,23.6,27.1
2022-02-01,,32.4,23.6,26.900000000000002
2022-02-02,,,23.700000000000003,26.6
2022-02-03,,32.0,24.400000000000002,29.1
2022-02-04,,,,28.3
2022-02-05,,31.0,,28.200000000000003
2022-02-06,,,24.6,28.3
2022-02-07,,,24.400000000000002,29.3
2022-02-08,,,25.6,28.8
2022-02-09,,31.5,26.0,28.700000000000003
2022-02-10,,32.2,,27.8
2022-02-11,,,23.5,28.900000000000002
2022-02-12,,32.0,,28.700000000000003
2022-02-13,,32.2,24.400000000000002,29.400000000000002
2022-02-14,,,,29.200000000000003
2022-02-15,,,24.8,29.5
2022-02-16,,,25.8,28.8
2022-02-17,,29.0,,27.200000000000003
2022-02-18,,31.200000000000003,,28.6
2022-02-19,,31.400000000000002,24.8,28.700000000000003
2022-02-20,,,25.6,28.200000000000003
2022-02-21,,32.4,,29.3
2022-02-22,,29.3,,26.700000000000003
2022-02-23,,,,25.6
2022-02-24,,,,26.6
2022-02-25,,29.0,23.0,26.3
2022-02-26,,,,27.900000000000002
2022-02-27,,30.700000000000003,23.400000000000002,27.900000000000002
2022-02-28,,,25.0,27.700000000000003
2022-03-01,,32.0,,28.1
2022-03-02,,31.3,23.8,28.200000000000003
2022-03-03,,,24.8,28.8
2022-03-04,,32.1,,29.200000000000003
2022-03-05,,32.0,,29.0
2022-03-06,,,24.8,28.6
2022-03-07,,,,27.3
2022-03-08,,31.0,24.8,28.6
2022-03-09,,31.400000000000002,25.200000000000003,28.8
2022-03-10,,31.8,26.1,29.3
2022-03-11,,,,26.1
2022-03-12,,30.1,23.8,28.1
2022-03-13,,32.0,25.200000000000003,29.6
2022-03-14,,32.2,,28.400000000000002
2022-03-15,,31.200000000000003,24.6,28.200000000000003
2022-03-16,,,25.200000000000003,29.5
2022-03-17,,31.200000000000003,,27.200000000000003
2022-03-18,,,24.8,29.6
2022-03-19,,,,29.3
2022-03-20,,,,28.200000000000003
2022-03-21,,32.4,23.900000000000002,28.200000000000003
2022-03-22,,28.3,,25.6
2022-03-23,,30.0,24.0,27.0
2022-03-24,,,24.6,27.200000000000003
2022-03-25,,,,27.200000000000003
2022-03-26,,31.0,24.400000000000002,27.400000000000002
2022-03-27,,,24.6,27.3
2022-03-28,,29.400000000000002,,26.8
2022-03-29,25.900000000000002,27.6,,25.6
2022-03-30,,,,26.200000000000003
2022-03-31,,30.6,,27.5
2022-04-01,,31.6,24.8,27.8
2022-04-02,,,,27.900000000000002
2022-04-03,,,24.6,28.400000000000002
2022-04-04,,32.2,24.8,29.1
2022-04-05,,32.0,25.0,29.0
2022-04-06,,32.0,25.200000000000003,29.200000000000003
2022-04-07,,32.0,25.0,28.700000000000003
2022-04-08,,32.4,,29.1
2022-04-09,,,24.8,28.8
2022-04-10,,,24.8,28.400000000000002
2022-04-11,,32.4,24.900000000000002,29.400000000000002
2022-04-12,,33.0,,28.8
2022-04-13,,31.200000000000003,,28.1
2022-04-14,,,24.8,28.8
2022-04-15,,,,28.5
2022-04-16,,,24.700000000000003,28.700000000000003
2022-04-17,,30.200000000000003,24.8,27.900000000000002
2022-04-18,,28.0,,26.400000000000002
2022-04-19,,30.1,,27.6
2022-04-20,,31.1,24.6,28.6
2022-04-21,,31.700000000000003,25.700000000000003,28.900000000000002
2022-04-22,,31.0,26.0,29.200000000000003
2022-04-23,,,,28.400000000000002
2022-04-24,,32.2,25.3,28.8
2022-04-25,,32.2,,28.1
2022-04-26,,,24.6,28.8
2022-04-27,,31.3,,28.700000000000003
2022-04-28,,32.4,,29.0
2022-04-29,,32.4,24.6,28.3
2022-04-30,,,,26.900000000000002
2022-05-01,,29.6,23.900000000000002,26.900000000000002
2022-05-02,,31.6,24.900000000000002,28.200000000000003
2022-05-03,,33.2,24.6,29.0
2022-05-04,,,,28.8
2022-05-05,,,24.8,28.6
2022-05-06,,,,28.6
2022-05-07,,,25.3,27.200000000000003
2022-05-08,,,25.8,28.1
2022-05-09,,,26.0,29.400000000000002
2022-05-10,,31.6,,28.8
2022-05-11,,33.4,,28.900000000000002
2022-05-12,,28.200000000000003,,25.6
2022-05-13,,,23.5,27.6
2022-05-14,,30.400000000000002,25.700000000000003,28.900000000000002
2022-05-15,,30.5,,27.700000000000003
2022-05-16,,,,27.400000000000002
2022-05-17,,,23.200000000000003,27.6
2022-05-18,,31.6,24.200000000000003,27.900000000000002
2022-05-19,,31.0,24.5,28.200000000000003
2022-05-20,,31.200000000000003,,28.1
2022-05-21,,,23.8,28.700000000000003
2022-05-22,,31.200000000000003,24.6,28.200000000000003
2022-05-23,,,24.0,28.3
2022-05-24,,32.0,24.0,28.8
2022-05-25,,32.4,24.6,28.6
2022-05-26,,,,27.8
2022-05-27,,,23.900000000000002,28.3
2022-05-28,,,,28.400000000000002
2022-05-29,,,,28.200000000000003
2022-05-30,,,23.0,28.400000000000002
2022-05-31,,32.2,,27.900000000000002
2022-06-01,,33.800000000000004,,28.3
2022-06-02,,32.2,,28.6
2022-06-03,,32.0,,28.900000000000002
2022-06-04,,32.800000000000004,,27.900000000000002
2022-06-05,,28.5,23.8,25.6
2022-06-06,,30.200000000000003,23.8,27.400000000000002
2022-06-07,,30.400000000000002,24.1,28.200000000000003
2022-06-08,,30.6,24.0,27.6
2022-06-09,,30.6,,28.0
2022-06-10,,29.200000000000003,,26.5
2022-06-11,,29.400000000000002,23.900000000000002,26.6
2022-06-12,,,24.200000000000003,27.200000000000003
2022-06-13,,30.0,24.200000000000003,27.3
2022-06-14,,31.200000000000003,,27.900000000000002
2022-06-15,,32.0,24.8,27.8
2022-06-16,,,24.5,27.700000000000003
2022-06-17,,,24.8,27.400000000000002
2022-06-18,,31.400000000000002,24.8,27.6
2022-06-19,,,,28.0
2022-06-20,,27.6,,24.700000000000003
2022-06-21,,,23.0,25.5
2022-06-22,,,24.0,26.5
2022-06-23,,29.200000000000003,24.400000000000002,26.400000000000002
2022-06-24,,29.8,,26.6
2022-06-25,,30.0,,26.900000000000002
2022-06-26,,,24.6,27.400000000000002
2022-06-27,,,,25.700000000000003
2022-06-28,,,23.900000000000002,26.6
2022-06-29,,31.200000000000003,24.5,27.6
2022-06-30,,29.400000000000002,24.6,27.400000000000002
2022-07-01,,,24.8,27.6
2022-07-02,,30.8,25.1,27.6
2022-07-03,,30.8,25.200000000000003,28.1
2022-07-04,,,,26.1
2022-07-05,,28.0,,25.200000000000003
2022-07-06,,28.200000000000003,24.200000000000003,25.8
2022-07-07,,28.8,,25.400000000000002
2022-07-08,,,23.6,26.6
2022-07-09,,31.0,24.8,27.8
2022-07-10,,29.3,,27.1
2022-07-11,,29.200000000000003,24.700000000000003,26.700000000000003
2022-07-12,,30.400000000000002,,27.5
2022-07-13,,29.6,,25.900000000000002
2022-07-14,,30.400000000000002,,26.1
2022-07-15,,29.400000000000002,,25.6
2022-07-16,,28.1,22.5,25.700000000000003
2022-07-17,,,22.6,26.3
2022-07-18,,28.200000000000003,23.8,25.8
2022-07-19,,,23.8,26.200000000000003
2022-07-20,,28.0,23.8,26.0
2022-07-21,,,,26.3
2022-07-22,,32.0,23.5,26.8
2022-07-23,,29.200000000000003,23.5,27.0
2022-07-24,,29.6,,26.8
2022-07-25,,,,26.900000000000002
2022-07-26,,,23.6,26.0
2022-07-27,,28.200000000000003,23.6,25.6
2022-07-28,0.0,28.0,23.0,25.8
2022-07-29,0.0,,23.700000000000003,26.0
2022-07-30,,,23.5,26.1
2022-07-31,,29.0,,25.900000000000002
2022-08-01,,29.0,24.0,26.8
2022-08-02,,31.8,24.200000000000003,27.6
2022-08-03,,30.0,,27.0
2022-08-04,,29.700000000000003,,26.900000000000002
2022-08-05,,30.400000000000002,24.0,27.1
2022-08-06,,29.200000000000003,24.6,27.400000000000002
2022-08-07,,29.0,24.6,27.200000000000003
2022-08-08,,30.400000000000002,,26.6
2022-08-09,,,22.5,27.8
2022-08-10,,29.0,23.6,26.8
2022-08-11,,,,27.700000000000003
2022-08-12,,32.0,23.400000000000002,26.8
2022-08-13,,29.6,23.5,26.8
2022-08-14,,,24.5,27.1
2022-08-15,,28.5,,26.400000000000002
2022-08-16,,29.6,,26.5
2022-08-17,,29.400000000000002,,26.3
2022-08-18,,30.0,,26.3
2022-08-19,,30.200000000000003,,25.8
2022-08-20,,,21.400000000000002,25.8
2022-08-21,,29.0,22.400000000000002,26.5
2022-08-22,2.3000000000000003,29.400000000000002,23.3,26.1
2022-08-23,,29.0,23.900000000000002,26.1
2022-08-24,,29.0,24.0,26.6
2022-08-25,,,,25.8
2022-08-26,,,23.400000000000002,26.8
2022-08-27,,,,26.400000000000002
2022-08-28,,,,27.3
2022-08-29,,32.2,24.3,28.1
2022-08-30,,29.400000000000002,,26.900000000000002
2022-08-31,,31.200000000000003,,27.900000000000002
2022-09-01,,,24.0,28.0
2022-09-02,,29.0,,27.1
2022-09-03,,30.0,24.8,27.700000000000003
2022-09-04,,30.0,,27.6
2022-09-05,,,25.0,27.900000000000002
2022-09-06,,,24.900000000000002,28.200000000000003
2022-09-07,,,,26.8
2022-09-08,,,24.0,28.200000000000003
2022-09-09,,31.8,24.8,28.1
2022-09-10,,31.0,,28.1
2022-09-11,,,23.6,28.400000000000002
2022-09-12,9.9,,24.200000000000003,27.8
2022-09-13,,32.0,,28.400000000000002
2022-09-14,,,,28.900000000000002
2022-09-15,,33.0,,29.1
2022-09-16,,,24.3,28.700000000000003
2022-09-17,,,,27.200000000000003
2022-09-18,,,,25.900000000000002
2022-09-19,,,23.8,29.1
2022-09-20,,33.4,,29.1
2022-09-21,,31.200000000000003,,28.200000000000003
2022-09-22,,,,27.3
2022-09-23,,32.0,,28.0
2022-09-24,,32.2,23.0,28.3
2022-09-25,,31.0,23.6,27.700000000000003
2022-09-26,,32.2,25.200000000000003,28.8
2022-09-27,,,,28.3
2022-09-28,,,23.6,28.8
2022-09-29,,29.0,,26.6
2022-09-30,,32.0,24.8,27.900000000000002
2022-10-01,1.3,33.0,,28.3
2022-10-02,,,,27.400000000000002
2022-10-03,,31.400000000000002,24.400000000000002,28.8
2022-10-04,,,25.1,28.5
2022-10-05,,33.0,,28.3
2022-10-06,,31.400000000000002,25.0,28.3
2022-10-07,,,,27.400000000000002
2022-10-08,,31.400000000000002,24.8,28.6
2022-10-09,,31.8,25.5,28.8
2022-10-10,,,,28.200000000000003
2022-10-11,,31.200000000000003,,27.900000000000002
2022-10-12,,,24.8,28.6
2022-10-13,,,,27.8
2022-10-14,,33.0,,28.900000000000002
2022-10-15,,,24.8,28.8
2022-10-16,,33.0,,28.3
2022-10-17,,30.700000000000003,,27.400000000000002
2022-10-18,,,,28.200000000000003
2022-10-19,,32.2,25.1,27.8
2022-10-20,,30.400000000000002,25.400000000000002,28.6
2022-10-21,,31.1,,28.8
2022-10-22,,31.400000000000002,,29.3
2022-10-23,,31.200000000000003,24.400000000000002,29.0
2022-10-24,,,24.5,29.900000000000002
2022-10-25,,,,29.200000000000003
2022-10-26,,,,29.0
2022-10-27,,32.4,,29.1
2022-10-28,,,24.6,28.900000000000002
2022-10-29,,32.4,24.8,29.8
2022-10-30,,34.300000000000004,25.8,30.200000000000003
2022-10-31,,,25.700000000000003,30.8
2022-11-01,,31.3,,28.900000000000002
2022-11-02,,34.2,25.8,31.200000000000003
2022-11-03,,34.4,,29.900000000000002
2022-11-04,,32.4,,28.5
2022-11-05,,34.1,23.900000000000002,30.5
2022-11-06,,33.2,,26.700000000000003
2022-11-07,,,23.200000000000003,28.6
2022-11-08,,,,26.900000000000002
2022-11-09,,33.0,24.700000000000003,28.0
2022-11-10,,33.1,,29.0
2022-11-11,,33.4,24.0,29.3
2022-11-12,,33.4,24.200000000000003,29.5
2022-11-13,,33.2,25.5,29.700000000000003
2022-11-14,,32.0,,29.5
2022-11-15,,32.1,25.6,29.400000000000002
2022-11-16,,32.0,26.0,29.200000000000003
2022-11-17,,,,28.0
2022-11-18,,32.4,25.700000000000003,29.200000000000003
2022-11-19,,32.4,25.700000000000003,29.700000000000003
2022-11-20,,,,27.5
2022-11-21,,30.0,24.0,27.700000000000003
2022-11-22,,31.0,25.0,28.8
2022-11-23,,33.4,,28.6
2022-11-24,,30.400000000000002,25.0,28.200000000000003
2022-11-25,,,25.3,28.200000000000003
2022-11-26,,,,25.400000000000002
2022-11-27,,30.0,23.8,27.8
2022-11-28,,,,28.6
2022-11-29,,31.6,,27.1
2022-11-30,,32.4,,28.200000000000003
2022-12-01,,32.0,,26.400000000000002
2022-12-02,,,24.6,27.8
2022-12-03,,,25.0,28.3
2022-12-04,,31.200000000000003,25.0,28.8
2022-12-05,,,,28.700000000000003
2022-12-06,,32.2,23.900000000000002,28.200000000000003
2022-12-07,,32.2,24.5,28.700000000000003
2022-12-08,,32.0,24.8,29.0
2022-12-09,,31.400000000000002,24.8,28.400000000000002
2022-12-10,,,,28.3
2022-12-11,,31.200000000000003,23.400000000000002,28.3
2022-12-12,,31.200000000000003,25.0,27.400000000000002
2022-12-13,,30.6,,26.6
2022-12-14,,31.6,24.700000000000003,27.900000000000002
2022-12-15,,30.400000000000002,,27.400000000000002
2022-12-16,,31.3,,28.700000000000003
2022-12-17,,,25.6,28.900000000000002
2022-12-18,,,,27.900000000000002
2022-12-19,,30.6,24.3,27.5
2022-12-20,,,,27.700000000000003
2022-12-21,,31.0,24.200000000000003,27.700000000000003
2022-12-22,,32.2,24.6,29.3
2022-12-23,,33.2,25.6,30.3
2022-12-24,,33.6,,29.3
2022-12-25,,,25.200000000000003,28.700000000000003
2022-12-26,,,25.0,27.400000000000002
2022-12-27,,,25.0,27.0
2022-12-28,,30.0,25.1,27.5
2022-12-29,,30.6,,27.3
2022-12-30,,31.1,,27.200000000000003
2022-12-31,,29.200000000000003,,26.8
2023-01-01,,,23.400000000000002,27.900000000000002
2023-01-02,,32.4,25.0,29.1
2023-01-03,,32.800000000000004,25.200000000000003,29.700000000000003
2023-01-04,,32.2,,28.700000000000003
2023-01-05,,,24.6,27.3
2023-01-06,,30.0,,26.8
2023-01-07,,31.200000000000003,23.0,27.8
2023-01-08,,,,28.900000000000002
2023-01-09,,31.0,,27.1
2023-01-10,,,24.0,28.400000000000002
2023-01-11,,,,28.700000000000003
2023-01-12,,31.400000000000002,24.3,27.1
2023-01-13,,,,27.6
2023-01-14,,32.2,24.0,28.6
2023-01-15,,,,27.6
2023-01-16,,30.200000000000003,23.400000000000002,27.700000000000003
2023-01-17,,33.0,25.1,29.200000000000003
2023-01-18,,,25.200000000000003,29.700000000000003
2023-01-19,,,,26.900000000000002
2023-01-20,,30.200000000000003,24.0,27.3
2023-01-21,,,24.0,27.8
2023-01-22,,31.8,24.1,28.3
2023-01-23,,,,27.400000000000002
2023-01-24,,,24.200000000000003,27.900000000000002
2023-01-25,,,24.400000000000002,27.400000000000002
2023-01-26,,,25.200000000000003,28.3
2023-01-27,,29.0,,26.1
2023-01-28,,30.3,24.0,27.900000000000002
2023-01-29,,33.4,,28.1
2023-01-30,,31.400000000000002,24.200000000000003,28.700000000000003
2023-01-31,,,,28.400000000000002
2023-02-01,,32.0,,28.5
2023-02-02,,,,27.5
2023-02-03,,30.200000000000003,25.0,27.400000000000002
2023-02-04,,,,26.0
2023-02-05,,31.0,24.0,28.200000000000003
2023-02-06,,,,27.700000000000003
2023-02-07,,31.400000000000002,22.6,27.6
2023-02-08,,31.200000000000003,,27.200000000000003
2023-02-09,,,24.400000000000002,27.200000000000003
2023-02-10,,29.200000000000003,24.6,26.8
2023-02-11,,31.200000000000003,,27.0
2023-02-12,,32.6,23.3,28.700000000000003
2023-02-13,,33.0,25.0,29.6
2023-02-14,,,,28.200000000000003
2023-02-15,,32.0,,27.200000000000003
2023-02-16,,31.400000000000002,24.400000000000002,27.1
2023-02-17,,,24.5,27.3
2023-02-18,,,24.400000000000002,29.3
2023-02-19,5.6000000000000005,,,27.6
2023-02-20,,30.0,24.8,27.700000000000003
2023-02-21,,31.400000000000002,,27.8
2023-02-22,,,,27.8
2023-02-23,,31.0,24.200000000000003,27.8
2023-02-24,,,24.6,28.6
2023-02-25,,31.0,25.400000000000002,28.8
2023-02-26,,33.0,25.5,27.900000000000002
2023-02-27,,31.0,,27.8
2023-02-28,,33.2,24.700000000000003,29.6
2023-03-01,,32.0,,29.1
2023-03-02,,32.0,,27.3
2023-03-03,,31.8,,27.200000000000003
2023-03-04,,32.6,24.0,27.8
2023-03-05,,32.1,,27.900000000000002
2023-03-06,,32.5,24.8,29.1
2023-03-07,,,24.8,28.6
2023-03-08,,,,28.8
2023-03-09,,,,29.3
2023-03-10,,31.6,24.6,28.900000000000002
2023-03-11,,30.200000000000003,25.1,28.5
2023-03-12,,32.2,,28.700000000000003
2023-03-13,,32.6,25.200000000000003,29.200000000000003
2023-03-14,,32.2,,28.3
2023-03-15,,32.4,24.8,28.8
2023-03-16,,,,26.8
2023-03-17,,29.200000000000003,23.8,27.200000000000003
2023-03-18,,,,28.1
2023-03-19,,32.1,,28.3
2023-03-20,,32.4,,28.3
2023-03-21,,,22.0,28.8
2023-03-22,,,24.8,28.0
2023-03-23,,,,28.6
2023-03-24,,31.0,,27.5
2023-03-25,,31.200000000000003,,28.200000000000003
2023-03-26,,,24.900000000000002,29.3
2023-03-27,,31.6,25.400000000000002,28.1
2023-03-28,,32.6,,28.3
2023-03-29,,32.6,24.400000000000002,27.5
2023-03-30,,33.5,24.8,29.200000000000003
2023-03-31,,31.0,,28.400000000000002
2023-04-01,,32.2,25.200000000000003,28.700000000000003
2023-04-02,,31.400000000000002,25.6,29.3
2023-04-03,,32.4,,26.3
2023-04-04,,,,25.200000000000003
2023-04-05,,31.0,23.8,28.400000000000002
2023-04-06,,31.0,24.0,27.700000000000003
2023-04-07,,,24.0,26.0
2023-04-08,,,24.3,28.3
2023-04-09,,28.400000000000002,,26.400000000000002
2023-04-10,,,24.8,27.8
2023-04-11,,31.0,,28.5
2023-04-12,,,,28.1
2023-04-13,,31.400000000000002,24.400000000000002,27.900000000000002
2023-04-14,,31.200000000000003,,28.3
2023-04-15,,31.3,,27.700000000000003
2023-04-16,,,24.200000000000003,30.1
2023-04-17,,31.6,,28.700000000000003
2023-04-18,,,,26.8
2023-04-19,,30.6,23.400000000000002,27.1
2023-04-20,,,24.0,27.400000000000002
2023-04-21,,,24.3,29.400000000000002
2023-04-22,,31.0,,27.1
2023-04-23,,31.0,,27.3
2023-04-24,,28.400000000000002,24.5,26.900000000000002
2023-04-25,,30.3,,27.900000000000002
2023-04-26,,33.0,24.900000000000002,28.1
2023-04-27,,30.0,,27.900000000000002
2023-04-28,,31.700000000000003,,28.200000000000003
2023-04-29,,,23.700000000000003,28.900000000000002
2023-04-30,,,,28.6
2023-05-01,,,25.6,28.900000000000002
2023-05-02,,28.200000000000003,,26.3
2023-05-03,,,24.400000000000002,26.8
2023-05-04,,,25.200000000000003,28.5
2023-05-05,,,,26.400000000000002
2023-05-06,,27.0,24.0,25.200000000000003
2023-05-07,,32.6,23.8,28.900000000000002
2023-05-08,,,,29.1
2023-05-09,0.8,29.400000000000002,25.0,27.6
2023-05-10,,,25.0,26.8
2023-05-11,,29.0,24.8,26.3
2023-05-12,,30.200000000000003,24.6,27.8
2023-05-13,,32.2,,28.3
2023-05-14,,,,28.3
2023-05-15,,,,25.6
2023-05-16,,29.0,,25.900000000000002
2023-05-17,,29.400000000000002,23.900000000000002,26.400000000000002
2023-05-18,,30.0,23.6,26.700000000000003
2023-05-19,,29.200000000000003,24.0,26.8
2023-05-20,,30.0,,27.0
2023-05-21,,29.400000000000002,23.1,26.900000000000002
2023-05-22,,29.6,,26.1
2023-05-23,,,23.6,27.900000000000002
2023-05-24,,30.400000000000002,,27.700000000000003
2023-05-25,,30.200000000000003,,26.400000000000002
2023-05-26,,,23.3,26.8
2023-05-27,,,23.8,27.3
2023-05-28,,,23.8,27.6
2023-05-29,,30.400000000000002,,27.1
2023-05-30,,29.0,23.200000000000003,26.900000000000002
2023-05-31,,30.400000000000002,,27.0
2023-06-01,,,23.700000000000003,27.200000000000003
2023-06-02,,29.3,23.900000000000002,27.1
2023-06-03,,,24.0,27.1
2023-06-04,,30.400000000000002,24.200000000000003,26.900000000000002
2023-06-05,,28.0,24.900000000000002,26.400000000000002
2023-06-06,,,,27.900000000000002
2023-06-07,,32.0,24.400000000000002,28.1
2023-06-08,,,,27.6
2023-06-09,,31.0,,27.700000000000003
2023-06-10,,30.0,23.3,27.3
2023-06-11,,,24.400000000000002,27.8
2023-06-12,,30.200000000000003,23.8,27.5
2023-06-13,,30.200000000000003,24.6,27.8
2023-06-14,,30.400000000000002,,27.5
2023-06-15,,29.400000000000002,24.6,26.8
2023-06-16,,30.6,,26.5
2023-06-17,,29.6,22.200000000000003,26.3
2023-06-18,,31.0,,26.6
2023-06-19,,31.0,22.200000000000003,26.700000000000003
2023-06-20,,29.0,,26.400000000000002
2023-06-21,,30.8,,27.200000000000003
2023-06-22,,,,27.6
2023-06-23,,,22.400000000000002,26.400000000000002
2023-06-24,,31.6,23.1,26.900000000000002
2023-06-25,,31.1,,26.900000000000002
2023-06-26,,,23.0,27.900000000000002
2023-06-27,,31.200000000000003,23.400000000000002,27.400000000000002
2023-06-28,,,,26.8
2023-06-29,,29.0,20.400000000000002,25.8
2023-06-30,,31.200000000000003,,26.3
2023-07-01,,29.0,,26.1
2023-07-02,,32.0,23.6,27.900000000000002
2023-07-03,,30.400000000000002,24.400000000000002,27.3
2023-07-04,,30.0,24.5,27.700000000000003
2023-07-05,,32.2,24.700000000000003,27.6
2023-07-06,,29.200000000000003,,26.0
2023-07-07,,27.200000000000003,,25.5
2023-07-08,,29.200000000000003,,26.400000000000002
2023-07-09,,29.400000000000002,24.1,26.900000000000002
2023-07-10,,31.200000000000003,,27.400000000000002
2023-07-11,,30.8,23.900000000000002,27.6
2023-07-12,,,,26.8
2023-07-13,,30.0,,26.8
2023-07-14,,,,26.700000000000003
2023-07-15,,30.8,,25.700000000000003
2023-07-16,,29.200000000000003,21.6,26.1
2023-07-17,,30.3,22.400000000000002,26.700000000000003
2023-07-18,,,,26.5
2023-07-19,,30.0,21.900000000000002,26.400000000000002
2023-07-20,,,22.0,26.8
2023-07-21,,,22.3,26.5
2023-07-22,,,22.400000000000002,27.1
2023-07-23,,28.200000000000003,,26.1
2023-07-24,,,23.0,23.900000000000002
2023-07-25,,30.400000000000002,,24.6
2023-07-26,,,21.8,26.400000000000002
2023-07-27,,,,26.6
2023-07-28,,29.400000000000002,23.200000000000003,26.700000000000003
2023-07-29,,30.0,,26.400000000000002
2023-07-30,,29.200000000000003,22.8,26.1
2023-07-31,,30.0,,26.200000000000003
2023-08-01,,30.0,22.8,26.5
2023-08-02,,,,26.900000000000002
2023-08-03,,32.0,,27.200000000000003
2023-08-04,,31.6,,26.700000000000003
2023-08-05,,,,25.900000000000002
2023-08-06,,29.200000000000003,20.6,25.8
2023-08-07,,29.200000000000003,,25.900000000000002
2023-08-08,,30.200000000000003,,25.700000000000003
2023-08-09,,31.400000000000002,,26.1
2023-08-10,,,20.3,27.0
2023-08-11,,,22.0,26.5
2023-08-12,,,,26.900000000000002
2023-08-13,,31.200000000000003,,25.900000000000002
2023-08-14,,,19.900000000000002,25.700000000000003
2023-08-15,,,21.400000000000002,25.900000000000002
2023-08-16,,30.200000000000003,21.5,25.700000000000003
2023-08-17,,29.700000000000003,21.8,26.1
2023-08-18,,,,26.1
2023-08-19,,31.0,,25.8
2023-08-20,,,20.0,26.400000000000002
2023-08-21,,29.6,20.900000000000002,26.400000000000002
2023-08-22,,28.6,,25.900000000000002
2023-08-23,,,,24.6
2023-08-24,,30.200000000000003,23.200000000000003,26.8
2023-08-25,,29.3,,26.6
2023-08-26,,,,26.3
2023-08-27,,30.5,,25.8
2023-08-28,,28.200000000000003,,25.6
2023-08-29,,30.400000000000002,,26.0
2023-08-30,,30.0,,26.1
2023-08-31,,,,25.1
2023-09-01,,,,25.1
2023-09-02,,31.0,,25.700000000000003
2023-09-03,,,,25.900000000000002
2023-09-04,,,20.0,26.1
2023-09-05,,29.0,22.0,26.0
2023-09-06,,30.1,22.0,26.8
2023-09-07,,,,26.700000000000003
2023-09-08,,31.0,24.400000000000002,27.900000000000002
2023-09-09,,,,28.3
2023-09-10,,29.0,,26.200000000000003
2023-09-11,,,,27.400000000000002
2023-09-12,,,22.5,27.200000000000003
2023-09-13,,,23.3,27.1
2023-09-14,,,,26.6
2023-09-15,,31.6,,26.3
2023-09-16,,30.1,20.200000000000003,26.400000000000002
2023-09-17,,30.200000000000003,,24.900000000000002
2023-09-18,,30.400000000000002,20.8,26.1
2023-09-19,,31.0,21.0,28.1
2023-09-20,,31.0,,27.200000000000003
2023-09-21,,,,27.400000000000002
2023-09-22,,32.4,21.900000000000002,26.8
2023-09-23,,,21.0,26.5
2023-09-24,,30.200000000000003,21.400000000000002,27.200000000000003
2023-09-25,,30.0,23.5,26.700000000000003
2023-09-26,,30.200000000000003,,27.3
2023-09-27,,28.200000000000003,23.700000000000003,25.700000000000003
2023-09-28,,,23.400000000000002,28.1
2023-09-29,,,,28.1
2023-09-30,,31.400000000000002,23.0,27.700000000000003
2023-10-01,,,23.0,27.8
2023-10-02,,,,27.900000000000002
2023-10-03,,30.8,,26.900000000000002
2023-10-04,,,21.8,27.700000000000003
2023-10-05,,31.400000000000002,23.400000000000002,27.6
2023-10-06,,30.0,22.0,27.6
2023-10-07,,30.400000000000002,,27.3
2023-10-08,,32.2,,27.6
2023-10-09,,,21.200000000000003,27.700000000000003
2023-10-10,,31.200000000000003,21.400000000000002,27.6
2023-10-11,,30.5,22.700000000000003,27.6
2023-10-12,,30.200000000000003,,26.6
2023-10-13,,,24.200000000000003,27.0
2023-10-14,,,,27.8
2023-10-15,,,23.5,27.700000000000003
2023-10-16,,,,27.200000000000003
2023-10-17,,30.400000000000002,22.6,27.400000000000002
2023-10-18,,,23.1,28.1
2023-10-19,,,24.0,28.3
2023-10-20,,,,28.200000000000003
2023-10-21,,30.400000000000002,,26.8
2023-10-22,,,20.5,26.5
2023-10-23,,31.5,,26.6
2023-10-24,,30.0,20.6,26.700000000000003
2023-10-25,,30.6,,26.200000000000003
2023-10-26,,30.0,18.8,27.1
2023-10-27,,,21.6,28.200000000000003
2023-10-28,,,,27.8
2023-10-29,,28.6,23.8,25.900000000000002
2023-10-30,,31.400000000000002,23.6,28.400000000000002
2023-10-31,,,,29.0
2023-11-01,,30.200000000000003,22.700000000000003,27.400000000000002
2023-11-02,,,23.8,27.8
2023-11-03,,,24.200000000000003,28.3
2023-11-04,,31.6,,28.200000000000003
2023-11-05,,,24.0,28.700000000000003
2023-11-06,,,,28.400000000000002
2023-11-07,,30.5,23.5,27.8
2023-11-08,,32.0,24.0,28.6
2023-11-09,,32.0,,28.400000000000002
2023-11-10,,,,28.200000000000003
2023-11-11,,,23.0,28.1
2023-11-12,,,,27.900000000000002
2023-11-13,,31.1,,28.0
2023-11-14,,,22.0,28.900000000000002
2023-11-15,,31.0,23.8,28.5
2023-11-16,,,25.400000000000002,29.1
2023-11-17,,,,27.900000000000002
2023-11-18,,,22.6,27.900000000000002
2023-11-19,,32.4,23.8,29.1
2023-11-20,,,25.200000000000003,29.1
2023-11-21,,,25.8,29.700000000000003
2023-11-22,,31.3,25.700000000000003,28.200000000000003
2023-11-23,,,,28.8
2023-11-24,,,24.700000000000003,29.200000000000003
2023-11-25,,32.0,,28.700000000000003
2023-11-26,,32.4,25.200000000000003,29.200000000000003
2023-11-27,,33.0,25.5,29.400000000000002
2023-11-28,,33.0,25.200000000000003,29.6
2023-11-29,,,24.5,29.8
2023-11-30,,,25.8,29.900000000000002
2023-12-01,,,,29.8
2023-12-02,,,,28.6
2023-12-03,,,24.400000000000002,29.3
2023-12-04,,34.0,25.5,30.1
2023-12-05,,,,30.400000000000002
2023-12-06,,34.2,25.1,30.400000000000002
2023-12-07,,,,29.8
2023-12-08,,33.1,24.400000000000002,29.900000000000002
2023-12-09,,33.6,,29.200000000000003
2023-12-10,,32.1,,26.6
2023-12-11,,,23.5,27.700000000000003
2023-12-12,,,24.400000000000002,27.900000000000002
2023-12-13,,32.2,24.6,29.8
2023-12-14,,32.1,25.8,29.900000000000002
2023-12-15,,33.4,,28.700000000000003
2023-12-16,,,25.1,29.900000000000002
2023-12-17,,33.4,26.200000000000003,29.900000000000002
2023-12-18,,34.2,,29.700000000000003
2023-12-19,,32.6,24.0,29.6
2023-12-20,,31.400000000000002,,27.1
2023-12-21,,30.200000000000003,,27.6
2023-12-22,,,24.8,28.1
2023-12-23,,,24.400000000000002,28.200000000000003
2023-12-24,,32.0,24.8,28.900000000000002
2023-12-25,,32.0,25.400000000000002,29.1
2023-12-26,,,,29.0
2023-12-27,,32.300000000000004,,29.1
2023-12-28,,32.0,25.0,29.3
2023-12-29,,33.1,24.8,29.900000000000002
2023-12-30,,34.300000000000004,25.8,30.3
2023-12-31,,,,30.1
2024-01-01,,,,29.5
2024-01-02,,,,28.5
2024-01-03,,,,28.400000000000002
2024-01-04,,,,26.0
2024-01-05,,31.8,24.1,29.1
2024-01-06,,33.4,,29.3
2024-01-07,,,25.0,29.200000000000003
2024-01-08,,,24.3,27.700000000000003
2024-01-09,,32.0,25.0,29.6
2024-01-10,,31.0,,28.1
2024-01-11,,32.5,25.1,29.700000000000003
2024-01-12,,,,28.3
2024-01-13,,34.0,24.200000000000003,29.1
2024-01-14,,32.4,,28.8
2024-01-15,,30.8,24.900000000000002,27.400000000000002
2024-01-16,,,,28.1
2024-01-17,,32.5,25.0,28.200000000000003
2024-01-18,,33.2,25.0,29.1
2024-01-19,,33.5,25.8,29.900000000000002
2024-01-20,,33.2,,28.900000000000002
2024-01-21,,,25.1,29.1
2024-01-22,,31.200000000000003,25.1,28.1
2024-01-23,33.0,32.2,,26.200000000000003
2024-01-24,,,23.400000000000002,26.400000000000002
2024-01-25,,,,27.400000000000002
2024-01-26,,32.0,24.1,27.1
2024-01-27,,,24.400000000000002,28.700000000000003
2024-01-28,,,,29.6
2024-01-29,,33.0,24.400000000000002,29.3
2024-01-30,,,25.3,29.200000000000003
2024-01-31,,33.4,,28.5
2024-02-01,,34.800000000000004,24.700000000000003,29.400000000000002
2024-02-02,,34.2,25.0,29.400000000000002
2024-02-03,,33.0,,29.8
2024-02-04,,32.0,26.0,29.400000000000002
2024-02-05,,32.2,,29.6
2024-02-06,,33.300000000000004,,29.200000000000003
2024-02-07,,32.4,25.0,28.200000000000003
2024-02-08,,,,27.700000000000003
2024-02-09,,32.0,24.200000000000003,27.6
2024-02-10,,30.1,,27.1
2024-02-11,,,,27.6
2024-02-12,,,24.200000000000003,28.1
2024-02-13,,32.0,24.6,28.6
2024-02-14,,31.5,,29.200000000000003
2024-02-15,,34.0,25.3,29.8
2024-02-16,,,,29.6
2024-02-17,,,24.700000000000003,28.700000000000003
2024-02-18,,32.5,,28.5
2024-02-19,,32.2,25.400000000000002,29.0
2024-02-20,,,,28.200000000000003
2024-02-21,,,24.6,28.200000000000003
2024-02-22,,32.4,25.900000000000002,29.8
2024-02-23,,,,29.5
2024-02-24,,30.400000000000002,,27.700000000000003
2024-02-25,,32.9,24.200000000000003,29.1
2024-02-26,,32.2,,29.5
2024-02-27,,31.6,25.6,28.200000000000003
2024-02-28,,33.0,,29.1
2024-02-29,,,25.0,28.3
2024-03-01,,30.5,24.700000000000003,27.700000000000003
2024-03-02,,,25.0,28.3
2024-03-03,,32.0,,28.3
2024-03-04,,31.0,25.400000000000002,27.8
2024-03-05,,,25.6,29.400000000000002
2024-03-06,,,,28.5
2024-03-07,,31.0,24.8,29.0
2024-03-08,,32.6,25.900000000000002,29.0
2024-03-09,,31.400000000000002,24.0,27.900000000000002
2024-03-10,,,25.6,28.6
2024-03-11,,31.0,,27.900000000000002
2024-03-12,,,24.200000000000003,26.700000000000003
2024-03-13,,28.6,24.6,26.900000000000002
2024-03-14,,31.200000000000003,,27.6
2024-03-15,,,,26.900000000000002
2024-03-16,,31.6,24.3,27.400000000000002
2024-03-17,,,24.8,29.3
2024-03-18,,32.0,,27.8
2024-03-19,,31.5,25.0,28.400000000000002
2024-03-20,,,,28.6
2024-03-21,,30.0,,26.700000000000003
2024-03-22,,,,27.900000000000002
2024-03-23,,31.6,24.6,28.200000000000003
2024-03-24,,32.1,25.6,29.0
2024-03-25,,,,29.200000000000003
2024-03-26,,,25.400000000000002,30.8
2024-03-27,,33.300000000000004,,30.900000000000002
2024-04-01,,,,26.6
2024-04-02,,,25.200000000000003,28.700000000000003
2024-04-03,,31.200000000000003,,27.400000000000002
2024-04-04,,30.200000000000003,23.900000000000002,27.8
2024-04-05,,31.400000000000002,25.700000000000003,28.700000000000003
2024-04-06,,31.700000000000003,26.0,28.5
2024-04-07,,32.2,,28.400000000000002
2024-04-08,,33.0,25.0,28.700000000000003
2024-04-09,,30.0,25.0,27.400000000000002
2024-04-10,,,25.0,28.5
2024-04-11,,32.0,,27.5
2024-04-12,,31.200000000000003,,27.1
2024-04-13,,,24.8,28.900000000000002
2024-04-14,,,25.1,29.200000000000003
2024-04-15,,,25.5,29.1
2024-04-16,,32.4,25.8,29.400000000000002
2024-04-17,182.9,32.6,,27.3
2024-04-18,,28.400000000000002,25.0,26.5
2024-04-19,,32.2,25.0,28.1
2024-04-20,2.0,,25.400000000000002,29.0
2024-04-21,,,25.6,30.200000000000003
2024-04-22,,33.800000000000004,,28.6
2024-04-23,,,25.0,29.0
2024-04-24,,32.2,25.400000000000002,29.400000000000002
2024-04-25,,32.4,25.8,29.400000000000002
2024-04-26,,31.200000000000003,25.200000000000003,28.900000000000002
2024-04-27,,,25.8,28.5
2024-04-28,,,25.6,28.400000000000002
2024-04-29,8.4,30.200000000000003,25.700000000000003,27.700000000000003
2024-04-30,,32.5,25.6,28.400000000000002
2024-05-01,,,,27.3
2024-05-02,,30.1,,26.8
2024-05-03,,,,25.900000000000002
2024-05-04,,29.3,24.200000000000003,26.8
2024-05-05,,30.0,,27.200000000000003
2024-05-06,,,,25.900000000000002
2024-05-07,,,24.6,27.1
2024-05-08,,29.200000000000003,,27.1
2024-05-09,,,24.1,26.8
2024-05-10,,31.0,,27.8
2024-05-11,,31.6,24.6,27.700000000000003
2024-05-12,,30.0,,27.5
2024-05-13,,31.200000000000003,,28.200000000000003
2024-05-14,,,,28.0
2024-05-15,,31.6,,28.5
2024-05-16,,,24.400000000000002,28.700000000000003
2024-05-17,,,,26.8
2024-05-18,5.1000000000000005,,24.8,25.8
2024-05-19,,30.0,24.8,27.6
2024-05-20,,30.400000000000002,25.0,27.400000000000002
2024-05-21,,28.400000000000002,24.700000000000003,26.1
2024-05-22,,30.6,24.400000000000002,27.700000000000003
2024-05-23,,31.1,24.8,27.900000000000002
2024-05-24,,29.6,24.8,27.200000000000003
2024-05-25,,31.200000000000003,25.5,27.8
2024-05-26,,29.400000000000002,,27.0
2024-05-27,,,25.0,27.700000000000003
2024-05-28,,30.200000000000003,,27.400000000000002
2024-05-29,,30.5,,27.200000000000003
2024-05-30,,31.0,24.0,27.900000000000002
2024-05-31,,30.200000000000003,25.0,27.3
2024-06-01,,29.200000000000003,,27.1
2024-06-02,,,,27.200000000000003
2024-06-03,,29.0,,26.900000000000002
2024-06-04,,30.0,22.8,27.200000000000003
2024-06-05,,30.0,,26.900000000000002
2024-06-06,,,24.6,26.700000000000003
2024-06-07,,27.400000000000002,,26.0
2024-06-08,,29.400000000000002,24.0,26.900000000000002
2024-06-09,,31.8,,27.900000000000002
2024-06-10,,,,27.400000000000002
2024-06-11,,28.0,24.400000000000002,26.3
2024-06-12,,,,26.5
2024-06-13,,28.6,23.0,26.0
2024-06-14,,,,25.900000000000002
2024-06-15,,,21.200000000000003,26.1
2024-06-16,,,,25.400000000000002
2024-06-17,,,,24.900000000000002
2024-06-18,,29.0,19.6,25.200000000000003
2024-06-19,,29.6,19.8,26.0
2024-06-20,,28.0,22.0,25.900000000000002
2024-06-21,,,22.8,25.700000000000003
2024-06-22,,,23.3,25.400000000000002
2024-06-23,,,24.0,26.8
2024-06-24,,,,26.1
2024-06-25,,,,25.200000000000003
2024-06-26,,,23.3,27.200000000000003
2024-06-27,,,25.6,27.1
2024-06-28,,30.0,,27.200000000000003
2024-06-29,,30.200000000000003,,27.0
2024-06-30,,,24.0,28.200000000000003
2024-07-01,,30.0,,27.3
2024-07-02,,,,26.0
2024-07-03,,28.0,24.0,25.8
2024-07-04,,28.0,,25.3
2024-07-05,,29.400000000000002,23.400000000000002,26.5
2024-07-06,,29.0,23.8,26.5
2024-07-07,,29.200000000000003,,26.3
2024-07-08,,30.0,,26.3
2024-07-09,,30.6,21.8,26.900000000000002
2024-07-10,,29.3,,25.900000000000002
2024-07-11,,,,25.6
2024-07-12,,28.200000000000003,21.5,25.5
2024-07-13,,,,25.700000000000003
2024-07-14,,,22.200000000000003,25.900000000000002
2024-07-15,,,,25.700000000000003
2024-07-16,,28.0,22.0,25.8
2024-07-17,,27.1,,23.900000000000002
2024-07-18,,26.0,18.8,24.0
2024-07-19,,,,24.400000000000002
2024-07-20,,27.400000000000002,,24.3
2024-07-21,,27.200000000000003,22.1,24.900000000000002
2024-07-22,,,22.700000000000003,24.200000000000003
2024-07-23,,28.1,,25.6
2024-07-24,,,,25.200000000000003
2024-07-25,,,22.8,25.900000000000002
2024-07-26,,27.8,,25.8
2024-07-27,,27.400000000000002,,25.8
2024-07-28,,,,25.900000000000002
2024-07-29,,29.400000000000002,,25.5
2024-07-30,,31.3,21.700000000000003,26.900000000000002
2024-07-31,,31.0,22.400000000000002,27.0
2024-08-01,,28.0,23.1,25.5
2024-08-02,,,23.5,26.200000000000003
2024-08-03,,29.200000000000003,,25.400000000000002
2024-08-04,,,22.400000000000002,25.900000000000002
2024-08-05,0.0,28.400000000000002,22.900000000000002,25.6
2024-08-06,,31.200000000000003,,26.400000000000002
2024-08-07,,27.8,,25.3
2024-08-08,,,23.0,25.8
2024-08-09,,,23.0,26.200000000000003
2024-08-10,,,,26.200000000000003
2024-08-11,,,22.0,26.400000000000002
2024-08-13,,,22.400000000000002,26.1
2024-08-14,,,,25.900000000000002
2024-08-15,,29.400000000000002,21.700000000000003,26.400000000000002
2024-08-16,,,23.5,27.3
2024-08-17,,31.0,,27.0
2024-08-18,,,21.900000000000002,26.900000000000002
2024-08-19,,31.0,23.5,27.400000000000002
2024-08-20,,32.2,,27.400000000000002
2024-08-21,,,,27.900000000000002
2024-08-22,,,23.700000000000003,27.6
2024-08-23,,30.1,24.6,27.0
2024-08-24,,30.3,24.0,27.6
2024-08-25,,29.0,,25.900000000000002
2024-08-26,,29.200000000000003,,26.3
2024-08-27,,,22.6,26.6
2024-08-28,,,,26.8
2024-08-29,,,22.5,27.3
2024-08-30,,31.3,,27.200000000000003
2024-08-31,,31.200000000000003,,27.200000000000003
2024-09-01,,30.0,,27.3
2024-09-02,,,22.400000000000002,27.900000000000002
2024-09-03,,,,27.700000000000003
2024-09-04,,31.3,,26.1
2024-09-05,,,20.900000000000002,27.400000000000002
2024-09-06,,31.0,,26.700000000000003
2024-09-07,,31.0,,26.1
2024-09-08,,30.1,21.700000000000003,25.900000000000002
2024-09-09,,32.2,22.0,26.3
2024-09-10,,33.0,,26.6
2024-09-11,,,21.5,26.8
2024-09-12,,31.5,,26.400000000000002
2024-09-13,,,,26.700000000000003
2024-09-14,,,23.0,26.3
2024-09-15,,29.0,,25.900000000000002
2024-09-16,,,,25.900000000000002
2024-09-17,,,23.400000000000002,27.200000000000003
2024-09-18,,,23.900000000000002,27.8
2024-09-19,,31.400000000000002,24.5,27.400000000000002
2024-09-20,,30.3,24.6,26.900000000000002
2024-09-21,,,,26.900000000000002
2024-09-22,,,23.200000000000003,27.700000000000003
2024-09-23,,33.4,,28.3
2024-09-24,,,24.400000000000002,28.1
2024-09-25,,33.0,,28.1
2024-09-26,,,24.400000000000002,28.1
2024-09-27,,,24.6,27.5
2024-09-28,,,,27.6
2024-09-29,,31.400000000000002,,27.6
2024-09-30,,,,26.400000000000002
2024-10-01,,,21.400000000000002,27.700000000000003
2024-10-02,,32.7,,27.400000000000002
2024-10-03,,,,28.1
2024-10-04,,,22.0,27.200000000000003
2024-10-05,,,22.200000000000003,27.0
2024-10-06,,32.800000000000004,23.200000000000003,27.6
2024-10-07,,30.3,24.6,27.3
2024-10-08,,32.0,,27.6
2024-10-09,,32.300000000000004,24.900000000000002,27.700000000000003
2024-10-10,,,25.1,28.1
2024-10-11,,,,27.6
2024-10-12,,33.1,,28.1
2024-10-13,,,,27.200000000000003
2024-10-14,,,23.200000000000003,27.200000000000003
2024-10-15,,,23.8,28.1
2024-10-16,,32.5,23.8,27.900000000000002
2024-10-17,,30.8,23.8,28.1
2024-10-18,,31.0,,27.8
2024-10-19,,,,27.700000000000003
2024-10-20,,,,26.400000000000002
2024-10-21,,,21.0,26.700000000000003
2024-10-22,,,22.6,28.1
2024-10-23,,,,28.0
2024-10-24,,32.7,,27.3
2024-10-25,,,,27.400000000000002
2024-10-26,,33.6,23.0,28.8
2024-10-27,,33.5,25.3,28.700000000000003
2024-10-28,,34.7,,27.6
2024-10-29,,32.1,24.0,28.3
2024-10-30,,32.0,,27.8
2024-10-31,,,22.3,25.8
2024-11-01,,,,28.700000000000003
2024-11-02,,,,28.400000000000002
2024-11-03,,33.0,,26.900000000000002
2024-11-04,,,,30.0
2024-11-05,,,,30.1
2024-11-06,,,,30.1
2024-11-07,,,,29.900000000000002
2024-11-08,,,,29.8
2024-11-09,,,,29.6
2024-11-10,,,,28.3
2024-11-11,,,,28.8
2024-11-12,,,,27.700000000000003
2024-11-13,,,,28.0
2024-11-14,,,,29.3
2024-11-15,,,,26.5
2024-11-16,,,23.1,29.6
2024-11-17,,,,30.3
2024-11-22,,32.2,25.6,29.400000000000002
2024-11-23,,,,29.700000000000003
2024-11-24,,33.800000000000004,,29.400000000000002
2024-11-25,,,24.900000000000002,28.8
2024-11-26,,,24.700000000000003,29.1
2024-11-27,,,25.200000000000003,28.400000000000002
2024-11-28,,,25.400000000000002,28.3
2024-11-29,0.0,33.0,,28.3
2024-11-30,,29.0,23.8,26.6
2024-12-02,,,,25.900000000000002
2024-12-03,,,25.0,29.1
2024-12-04,,,,27.200000000000003
2024-12-05,,32.2,24.400000000000002,28.5
2024-12-06,,,,27.900000000000002
2024-12-07,,33.0,25.5,28.1
2024-12-08,,,,27.400000000000002
2024-12-09,,,25.0,28.400000000000002
2024-12-10,,31.200000000000003,,27.900000000000002
2024-12-11,,30.1,23.400000000000002,26.3
2024-12-12,,32.2,24.400000000000002,28.900000000000002
2024-12-13,,32.5,,28.900000000000002
2024-12-14,,,,28.5
2024-12-15,,30.400000000000002,,26.6
2024-12-16,,28.3,24.1,26.1
2024-12-17,,32.0,,26.6
2024-12-18,,,24.5,27.3
2024-12-19,,,25.200000000000003,27.8
2024-12-20,,33.2,25.5,29.400000000000002
2024-12-21,,32.5,26.0,29.200000000000003
2024-12-22,,32.2,26.3,28.8
2024-12-23,,32.300000000000004,,29.0
2024-12-24,,31.1,,27.6
2024-12-25,,32.4,24.0,29.0
2024-12-26,,32.800000000000004,24.8,29.3
2024-12-27,,30.5,25.6,26.700000000000003
2024-12-28,,,,26.3
2024-12-29,,31.3,,27.700000000000003
2024-12-30,,31.0,24.1,26.900000000000002
2024-12-31,,32.300000000000004,24.400000000000002,28.6
2025-01-01,,33.0,,28.3
2025-01-02,,,24.8,26.900000000000002
2025-01-03,,,25.0,28.200000000000003
2025-01-04,,30.200000000000003,,27.700000000000003
2025-01-05,,33.2,23.900000000000002,28.400000000000002
2025-01-06,,33.2,24.1,27.8
2025-01-07,,,24.8,28.900000000000002
2025-01-08,,,26.200000000000003,29.900000000000002
2025-01-09,,,,27.6
2025-01-10,,31.1,24.200000000000003,27.400000000000002
2025-01-11,,31.0,25.400000000000002,28.200000000000003
2025-01-12,,,25.900000000000002,28.700000000000003
2025-01-13,,,,28.200000000000003
2025-01-14,,32.0,,28.1
2025-01-15,,32.1,24.5,28.200000000000003
2025-01-16,,31.200000000000003,,27.200000000000003
2025-01-17,,,24.8,26.200000000000003
2025-01-18,,,,28.3
2025-01-19,,32.0,,28.3
2025-01-20,,30.5,24.400000000000002,26.6
2025-01-21,,32.1,,28.900000000000002
2025-01-22,,,,27.400000000000002
2025-01-23,,32.1,25.0,28.6
2025-01-24,,,,27.3
2025-01-25,,31.5,,27.400000000000002
2025-01-26,,30.0,24.3,27.3
2025-01-27,,,,28.5
2025-01-28,,,23.0,27.200000000000003
2025-01-29,,,25.0,27.900000000000002
2025-01-30,,30.200000000000003,25.1,27.1
2025-01-31,,,25.400000000000002,28.700000000000003
2025-02-01,,,,28.0
2025-02-02,,32.0,,27.5
2025-02-03,,31.6,,27.200000000000003
2025-02-04,,31.0,,26.900000000000002
2025-02-05,,,25.200000000000003,27.900000000000002
2025-02-06,,33.0,25.6,28.5
2025-02-07,,33.0,25.6,28.900000000000002
2025-02-08,,,,26.900000000000002
2025-02-09,,32.6,,28.400000000000002
2025-02-10,,32.0,24.1,28.700000000000003
2025-02-11,,33.1,,30.200000000000003
2025-02-12,,33.4,,28.0
2025-02-13,,33.2,,28.400000000000002
2025-02-14,,29.200000000000003,,24.8
2025-02-15,9.9,,23.8,26.700000000000003
2025-02-16,,,,27.700000000000003
2025-02-17,,32.4,,29.200000000000003
2025-02-18,,,24.1,25.900000000000002
2025-02-19,,32.1,24.400000000000002,28.1
2025-02-20,,27.8,,26.200000000000003
2025-02-21,,30.700000000000003,24.8,26.900000000000002
2025-02-22,1.0,31.400000000000002,,26.900000000000002
2025-02-23,,30.6,,26.900000000000002
2025-02-24,,31.3,24.5,26.400000000000002
2025-02-25,,,,25.3
2025-02-26,,31.0,,27.200000000000003
2025-02-27,,31.200000000000003,24.200000000000003,27.700000000000003
2025-02-28,,,,26.900000000000002
2025-03-01,,,23.700000000000003,27.700000000000003
2025-03-02,,,,26.700000000000003
2025-03-03,,30.700000000000003,23.6,27.1
2025-03-04,,,25.200000000000003,28.6
2025-03-05,,32.7,25.6,28.200000000000003
2025-03-06,,32.4,,28.900000000000002
2025-03-07,,,,27.8
2025-03-08,,32.2,25.200000000000003,28.900000000000002
2025-03-09,,,,28.3
2025-03-10,,,,27.400000000000002
2025-03-11,15.0,30.900000000000002,,27.6
2025-03-12,,28.5,,26.1
2025-03-13,,31.1,,27.700000000000003
2025-03-14,13.0,29.8,,26.400000000000002
2025-03-15,,32.300000000000004,24.1,28.0
2025-03-16,,32.1,24.8,27.0
2025-03-17,,,,28.6
2025-03-18,,30.400000000000002,,27.3
2025-03-19,,32.300000000000004,,28.8
2025-03-20,,31.0,,26.200000000000003
2025-03-21,,,24.1,29.3
2025-03-22,,,,28.1
2025-03-23,,,25.3,26.6
2025-03-24,,,,27.400000000000002
2025-03-25,,,24.900000000000002,28.1
2025-03-26,,32.0,25.400000000000002,27.8
2025-03-27,,29.1,,26.700000000000003
2025-03-28,,32.800000000000004,,28.1
2025-03-29,,32.2,,28.900000000000002
2025-03-30,,32.2,25.6,28.400000000000002
2025-03-31,16.0,32.0,,26.3
2025-04-01,,,24.0,27.3
2025-04-02,,,24.900000000000002,28.3
2025-04-03,,32.1,25.1,28.200000000000003
2025-04-04,,,,28.0
2025-04-05,,28.3,23.400000000000002,25.900000000000002
2025-04-06,,,24.6,26.900000000000002
2025-04-07,,,,27.8
2025-04-08,,32.4,24.400000000000002,27.8
2025-04-09,,,,27.200000000000003
2025-04-10,,29.700000000000003,23.900000000000002,27.1
2025-04-11,,,25.0,29.200000000000003
2025-04-12,,,,28.200000000000003
2025-04-13,,,,28.3
2025-04-14,,30.200000000000003,,27.3
2025-04-15,,28.6,24.1,26.700000000000003
2025-04-16,,32.0,,27.8
2025-04-17,,32.2,,27.200000000000003
2025-04-18,,31.700000000000003,,28.200000000000003
2025-04-19,,32.0,24.700000000000003,28.900000000000002
2025-04-20,,32.1,25.0,28.8
2025-04-21,,32.9,25.5,28.5
2025-04-22,,,,27.700000000000003
2025-04-23,,30.0,,26.8
2025-04-24,,,24.1,28.700000000000003
2025-04-25,,,,28.1
2025-04-26,,28.400000000000002,25.0,26.5
2025-04-27,,31.700000000000003,,27.200000000000003
2025-04-28,,32.5,,26.700000000000003
2025-04-29,,,24.1,27.400000000000002
2025-04-30,,29.1,,26.8
2025-05-01,,33.0,25.0,28.3
2025-05-02,,31.400000000000002,,27.200000000000003
2025-05-03,,32.300000000000004,23.6,27.900000000000002
2025-05-04,,33.2,25.200000000000003,28.8
2025-05-05,,30.700000000000003,,26.900000000000002
2025-05-06,,30.8,24.700000000000003,27.700000000000003
2025-05-07,,30.1,,27.0
2025-05-08,,27.1,,25.900000000000002
2025-05-09,,,24.1,26.0
2025-05-10,9.9,31.1,,26.8
2025-05-11,,32.0,24.200000000000003,27.400000000000002
2025-05-12,,31.200000000000003,24.8,27.400000000000002
2025-05-13,,,25.0,27.400000000000002
2025-05-14,,,25.1,27.6
2025-05-15,,,,26.900000000000002
2025-05-16,,,,27.200000000000003
2025-05-17,,30.6,23.6,27.400000000000002
2025-05-18,,,,26.8
2025-05-19,,30.400000000000002,23.8,27.400000000000002
2025-05-20,,,25.0,27.700000000000003
2025-05-21,,29.700000000000003,,26.900000000000002
2025-05-22,,,24.8,26.200000000000003
2025-05-23,,31.6,,26.8
2025-05-24,,,24.8,28.200000000000003
2025-05-25,,31.1,,27.700000000000003
2025-05-26,,,,27.1
2025-05-27,,32.2,24.700000000000003,27.700000000000003
2025-05-28,,31.900000000000002,,27.6
2025-05-29,,31.0,25.1,27.400000000000002
2025-05-30,,31.400000000000002,,27.700000000000003
2025-05-31,,29.700000000000003,25.0,26.8
2025-06-01,,,25.6,27.6
2025-06-02,,32.0,,27.1
2025-06-03,,32.0,24.200000000000003,27.200000000000003
2025-06-04,,,,25.5
2025-06-05,,31.0,24.200000000000003,27.1
2025-06-06,,29.700000000000003,,26.1
2025-06-07,,,,26.5
2025-06-08,,,23.5,27.200000000000003
2025-06-09,,30.3,,26.900000000000002
2025-06-10,,,24.200000000000003,27.200000000000003
2025-06-11,,,,27.5
2025-06-12,,31.1,,27.3
2025-06-13,,30.400000000000002,,27.3
2025-06-14,,,24.6,25.900000000000002
2025-06-15,,28.6,,26.0
2025-06-16,,,,25.1
2025-06-17,,30.0,23.700000000000003,26.900000000000002
2025-06-18,,29.200000000000003,,26.5
2025-06-19,,30.6,24.700000000000003,26.700000000000003
2025-06-20,,31.0,,26.400000000000002
2025-06-21,,29.3,24.3,26.200000000000003
2025-06-22,,28.0,24.6,26.1
2025-06-23,,,24.8,26.400000000000002
2025-06-24,,30.5,,25.8
2025-06-25,,,23.900000000000002,25.700000000000003
2025-06-26,,,24.400000000000002,26.200000000000003
2025-06-27,,29.0,,26.0
2025-06-28,,29.400000000000002,,25.6
2025-06-29,,29.5,23.5,25.900000000000002
2025-06-30,,29.5,,25.900000000000002
2025-07-01,,30.0,,26.200000000000003
2025-07-02,,28.0,,25.6
2025-07-03,,,,25.700000000000003
2025-07-04,,,23.6,26.200000000000003
2025-07-05,16.8,27.200000000000003,,25.5
2025-07-06,,,24.700000000000003,25.6
2025-07-07,,30.0,,26.700000000000003
2025-07-08,,27.1,,25.700000000000003
2025-07-09,,28.400000000000002,24.0,26.1
2025-07-10,,28.0,24.200000000000003,25.6
2025-07-11,,29.3,,25.8
2025-07-12,,,24.0,26.400000000000002
2025-07-13,,,,25.8
2025-07-14,,30.1,,25.3
2025-07-15,,29.1,22.1,25.700000000000003
2025-07-16,,,,25.3
2025-07-17,,29.6,22.6,26.5
2025-07-18,,,,26.200000000000003
2025-07-19,,27.400000000000002,24.400000000000002,25.700000000000003
2025-07-20,0.5,28.200000000000003,24.400000000000002,25.700000000000003
2025-07-21,,28.0,24.5,26.1
2025-07-22,,29.5,24.8,26.6
2025-07-23,,29.6,,26.3
2025-07-24,,31.6,24.400000000000002,27.0
2025-07-25,,31.200000000000003,,27.3
2025-07-26,,30.3,24.0,27.1
2025-07-27,,,25.0,26.700000000000003
2025-07-28,,,,25.900000000000002
2025-07-29,,28.700000000000003,23.8,26.0
2025-07-30,,30.3,24.700000000000003,27.0
2025-07-31,,,24.8,27.1
2025-08-01,,,,27.0
2025-08-02,,,,25.8
2025-08-03,,29.1,,25.6
2025-08-04,,29.1,23.8,26.0
2025-08-05,,,,26.3
2025-08-06,,,23.0,26.400000000000002
2025-08-07,,,23.400000000000002,26.6
2025-08-08,,29.8,,25.400000000000002
2025-08-09,,29.0,22.900000000000002,26.1
2025-08-10,,28.200000000000003,,25.400000000000002
2025-08-11,,,,26.200000000000003
2025-08-12,,,22.8,25.700000000000003
2025-08-13,,,22.900000000000002,25.900000000000002
2025-08-14,,28.900000000000002,,25.3
2025-08-15,,,23.0,25.6
2025-08-16,,29.200000000000003,,25.6
2025-08-17,,,,25.200000000000003
2025-08-18,,28.3,21.3,24.900000000000002
2025-08-19,,29.1,22.8,25.700000000000003
2025-08-20,,,23.700000000000003,25.3
2025-08-21,,29.200000000000003,23.700000000000003,26.400000000000002
2025-08-22,,,24.3,26.700000000000003
2025-08-23,,29.8,,26.1
2025-08-24,,,23.900000000000002,27.200000000000003
