time,tinggi
2026-08-16 03:00:00.000000000,3.3123
2026-08-16 04:00:00.000000000,3.3123
2026-08-16 05:00:00.000000238,3.3123
2026-08-16 06:00:00.000000238,3.3123
2026-08-16 07:00:00.000000477,3.3123
2026-08-16 08:00:00.000000477,3.3123
2026-08-16 09:00:00.000000715,3.3123
2026-08-16 10:00:00.000000715,3.3123
2026-08-16 11:00:00.000000954,3.3123
2026-08-16 12:00:00.000000954,3.3123
2026-08-16 13:00:00.000000954,3.3123
2026-08-16 14:00:00.000001192,3.3123
2026-08-16 15:00:00.000001192,3.3123
2026-08-16 16:00:00.000001431,3.3123
2026-08-16 17:00:00.000001431,3.3123
2026-08-16 18:00:00.000001669,3.3123
2026-08-16 19:00:00.000001669,3.3123
2026-08-16 20:00:00.000001669,3.3123
2026-08-16 21:00:00.000001907,3.3123
2026-08-16 22:00:00.000001907,3.3123
2026-08-16 23:00:00.000002146,3.3123
2026-08-17 00:00:00.000002146,3.3039
2026-08-17 01:00:00.000002384,3.3039
2026-08-17 02:00:00.000002384,3.3039
2026-08-17 03:00:00.000002623,3.3039
2026-08-17 04:00:00.000002623,3.3039
2026-08-17 05:00:00.000002623,3.3039
2026-08-17 06:00:00.000002861,3.3039
2026-08-17 07:00:00.000002861,3.3039
2026-08-17 08:00:00.000003099,3.3039
2026-08-17 09:00:00.000003099,3.3039
2026-08-17 10:00:00.000003338,3.3039
2026-08-17 11:00:00.000003338,3.3039
2026-08-17 12:00:00.000003576,3.3039
2026-08-17 13:00:00.000003576,3.3039
2026-08-17 14:00:00.000003576,3.3039
2026-08-17 15:00:00.000003815,3.3039
2026-08-17 16:00:00.000003815,3.3039
2026-08-17 17:00:00.000004053,3.3039
2026-08-17 18:00:00.000004053,3.3039
2026-08-17 19:00:00.000004292,3.3039
2026-08-17 20:00:00.000004292,3.3039
2026-08-17 21:00:00.000004292,3.3039
2026-08-17 22:00:00.000004530,3.3039
2026-08-17 23:00:00.000004530,3.3039
2026-08-18 00:00:00.000004768,3.2955
2026-08-18 01:00:00.000004768,3.2955
2026-08-18 02:00:00.000005007,3.2955
2026-08-18 03:00:00.000005007,3.2955
2026-08-18 04:00:00.000005245,3.2955
2026-08-18 05:00:00.000005245,3.2955
2026-08-18 06:00:00.000005245,3.2955
2026-08-18 07:00:00.000005484,3.2955
2026-08-18 08:00:00.000005484,3.2955
2026-08-18 09:00:00.000005722,3.2955
2026-08-18 10:00:00.000005722,3.2955
2026-08-18 11:00:00.000005960,3.2955
2026-08-18 12:00:00.000005960,3.2955
2026-08-18 13:00:00.000005960,3.2955
2026-08-18 14:00:00.000006199,3.2955
2026-08-18 15:00:00.000006199,3.2955
2026-08-18 16:00:00.000006437,3.2955
2026-08-18 17:00:00.000006437,3.2955
2026-08-18 18:00:00.000006676,3.2955
2026-08-18 19:00:00.000006676,3.2955
2026-08-18 20:00:00.000006914,3.2955
2026-08-18 21:00:00.000006914,3.2955
2026-08-18 22:00:00.000006914,3.2955
2026-08-18 23:00:00.000007153,3.2955
2026-08-19 00:00:00.000007153,3.2872
2026-08-19 01:00:00.000007391,3.2872
2026-08-19 02:00:00.000007391,3.2872
2026-08-19 03:00:00.000007629,3.2872
2026-08-19 04:00:00.000007629,3.2872
2026-08-19 05:00:00.000007868,3.2872
2026-08-19 06:00:00.000007868,3.2872
2026-08-19 07:00:00.000007868,3.2872
2026-08-19 08:00:00.000008106,3.2872
2026-08-19 09:00:00.000008106,3.2872
2026-08-19 10:00:00.000008345,3.2872
2026-08-19 11:00:00.000008345,3.2872
2026-08-19 12:00:00.000008583,3.2872
2026-08-19 13:00:00.000008583,3.2872
2026-08-19 14:00:00.000008583,3.2872
2026-08-19 15:00:00.000008821,3.2872
2026-08-19 16:00:00.000008821,3.2872
2026-08-19 17:00:00.000009060,3.2872
2026-08-19 18:00:00.000009060,3.2872
2026-08-19 19:00:00.000009298,3.2872
2026-08-19 20:00:00.000009298,3.2872
2026-08-19 21:00:00.000009537,3.2872
2026-08-19 22:00:00.000009537,3.2872
2026-08-19 23:00:00.000009537,3.2872
2026-08-20 00:00:00.000009775,3.2788
2026-08-20 01:00:00.000009775,3.2788
2026-08-20 02:00:00.000010014,3.2788
2026-08-20 03:00:00.000010014,3.2788
2026-08-20 04:00:00.000010252,3.2788
2026-08-20 05:00:00.000010252,3.2788
2026-08-20 06:00:00.000010490,3.2788
2026-08-20 07:00:00.000010490,3.2788
2026-08-20 08:00:00.000010490,3.2788
2026-08-20 09:00:00.000010729,3.2788
2026-08-20 10:00:00.000010729,3.2788
2026-08-20 11:00:00.000010967,3.2788
2026-08-20 12:00:00.000010967,3.2788
2026-08-20 13:00:00.000011206,3.2788
2026-08-20 14:00:00.000011206,3.2788
2026-08-20 15:00:00.000011206,3.2788
2026-08-20 16:00:00.000011444,3.2788
2026-08-20 17:00:00.000011444,3.2788
2026-08-20 18:00:00.000011683,3.2788
2026-08-20 19:00:00.000011683,3.2788
2026-08-20 20:00:00.000011921,3.2788
2026-08-20 21:00:00.000011921,3.2788
2026-08-20 22:00:00.000012159,3.2788
2026-08-20 23:00:00.000012159,3.2788
2026-08-21 00:00:00.000012159,3.2704
2026-08-21 01:00:00.000012398,3.2704
2026-08-21 02:00:00.000012398,3.2704
2026-08-21 03:00:00.000012636,3.2704
2026-08-21 04:00:00.000012636,3.2704
2026-08-21 05:00:00.000012875,3.2704
2026-08-21 06:00:00.000012875,3.2704
2026-08-21 07:00:00.000012875,3.2704
2026-08-21 08:00:00.000013113,3.2704
2026-08-21 09:00:00.000013113,3.2704
2026-08-21 10:00:00.000013351,3.2704
2026-08-21 11:00:00.000013351,3.2704
2026-08-21 12:00:00.000013590,3.2704
2026-08-21 13:00:00.000013590,3.2704
2026-08-21 14:00:00.000013828,3.2704
2026-08-21 15:00:00.000013828,3.2704
2026-08-21 16:00:00.000013828,3.2704
2026-08-21 17:00:00.000014067,3.2704
2026-08-21 18:00:00.000014067,3.2704
2026-08-21 19:00:00.000014305,3.2704
2026-08-21 20:00:00.000014305,3.2704
2026-08-21 21:00:00.000014544,3.2704
2026-08-21 22:00:00.000014544,3.2704
2026-08-21 23:00:00.000014782,3.2704
2026-08-22 00:00:00.000014782,3.262
2026-08-22 01:00:00.000014782,3.262
2026-08-22 02:00:00.000015020,3.262
2026-08-22 03:00:00.000015020,3.262
2026-08-22 04:00:00.000015259,3.262
2026-08-22 05:00:00.000015259,3.262
2026-08-22 06:00:00.000015497,3.262
2026-08-22 07:00:00.000015497,3.262
2026-08-22 08:00:00.000015497,3.262
2026-08-22 09:00:00.000015736,3.262
2026-08-22 10:00:00.000015736,3.262
2026-08-22 11:00:00.000015974,3.262
2026-08-22 12:00:00.000015974,3.262
2026-08-22 13:00:00.000016212,3.262
2026-08-22 14:00:00.000016212,3.262
2026-08-22 15:00:00.000016451,3.262
2026-08-22 16:00:00.000016451,3.262
2026-08-22 17:00:00.000016451,3.262
2026-08-22 18:00:00.000016689,3.262
2026-08-22 19:00:00.000016689,3.262
2026-08-22 20:00:00.000016928,3.262
2026-08-22 21:00:00.000016928,3.262
2026-08-22 22:00:00.000017166,3.262
2026-08-22 23:00:00.000017166,3.262
2026-08-23 00:00:00.000017405,3.2536
2026-08-23 01:00:00.000017405,3.2536
2026-08-23 02:00:00.000017405,3.2536
2026-08-23 03:00:00.000017643,3.2536
2026-08-23 04:00:00.000017643,3.2536
2026-08-23 05:00:00.000017881,3.2536
2026-08-23 06:00:00.000017881,3.2536
2026-08-23 07:00:00.000018120,3.2536
2026-08-23 08:00:00.000018120,3.2536
2026-08-23 09:00:00.000018120,3.2536
2026-08-23 10:00:00.000018358,3.2536
2026-08-23 11:00:00.000018358,3.2536
2026-08-23 12:00:00.000018597,3.2536
2026-08-23 13:00:00.000018597,3.2536
2026-08-23 14:00:00.000018835,3.2536
2026-08-23 15:00:00.000018835,3.2536
2026-08-23 16:00:00.000019073,3.2536
2026-08-23 17:00:00.000019073,3.2536
2026-08-23 18:00:00.000019073,3.2536
2026-08-23 19:00:00.000019312,3.2536
2026-08-23 20:00:00.000019312,3.2536
2026-08-23 21:00:00.000019550,3.2536
2026-08-23 22:00:00.000019550,3.2536
2026-08-23 23:00:00.000019789,3.2536
2026-08-24 00:00:00.000019789,3.2452
2026-08-24 01:00:00.000019789,3.2452
2026-08-24 02:00:00.000020027,3.2452
2026-08-24 03:00:00.000020027,3.2452
2026-08-24 04:00:00.000020266,3.2452
2026-08-24 05:00:00.000020266,3.2452
2026-08-24 06:00:00.000020504,3.2452
2026-08-24 07:00:00.000020504,3.2452
2026-08-24 08:00:00.000020742,3.2452
2026-08-24 09:00:00.000020742,3.2452
2026-08-24 10:00:00.000020742,3.2452
2026-08-24 11:00:00.000020981,3.2452
2026-08-24 12:00:00.000020981,3.2452
2026-08-24 13:00:00.000021219,3.2452
2026-08-24 14:00:00.000021219,3.2452
2026-08-24 15:00:00.000021458,3.2452
2026-08-24 16:00:00.000021458,3.2452
2026-08-24 17:00:00.000021696,3.2452
2026-08-24 18:00:00.000021696,3.2452
2026-08-24 19:00:00.000021696,3.2452
2026-08-24 20:00:00.000021935,3.2452
2026-08-24 21:00:00.000021935,3.2452
2026-08-24 22:00:00.000022173,3.2452
2026-08-24 23:00:00.000022173,3.2452
2026-08-25 00:00:00.000022411,3.2369
2026-08-25 01:00:00.000022411,3.2369
2026-08-25 02:00:00.000022411,3.2369
2026-08-25 03:00:00.000022650,3.2369
2026-08-25 04:00:00.000022650,3.2369
2026-08-25 05:00:00.000022888,3.2369
2026-08-25 06:00:00.000022888,3.2369
2026-08-25 07:00:00.000023127,3.2369
2026-08-25 08:00:00.000023127,3.2369
2026-08-25 09:00:00.000023365,3.2369
2026-08-25 10:00:00.000023365,3.2369
2026-08-25 11:00:00.000023365,3.2369
2026-08-25 12:00:00.000023603,3.2369
2026-08-25 13:00:00.000023603,3.2369
2026-08-25 14:00:00.000023842,3.2369
2026-08-25 15:00:00.000023842,3.2369
2026-08-25 16:00:00.000024080,3.2369
2026-08-25 17:00:00.000024080,3.2369
2026-08-25 18:00:00.000024319,3.2369
2026-08-25 19:00:00.000024319,3.2369
2026-08-25 20:00:00.000024319,3.2369
2026-08-25 21:00:00.000024557,3.2369
2026-08-25 22:00:00.000024557,3.2369
2026-08-25 23:00:00.000024796,3.2369
2026-08-26 00:00:00.000024796,3.2285
2026-08-26 01:00:00.000025034,3.2285
2026-08-26 02:00:00.000025034,3.2285
2026-08-26 03:00:00.000025034,3.2285
2026-08-26 04:00:00.000025272,3.2285
2026-08-26 05:00:00.000025272,3.2285
2026-08-26 06:00:00.000025511,3.2285
2026-08-26 07:00:00.000025511,3.2285
2026-08-26 08:00:00.000025749,3.2285
2026-08-26 09:00:00.000025749,3.2285
2026-08-26 10:00:00.000025988,3.2285
2026-08-26 11:00:00.000025988,3.2285
2026-08-26 12:00:00.000025988,3.2285
2026-08-26 13:00:00.000026226,3.2285
2026-08-26 14:00:00.000026226,3.2285
2026-08-26 15:00:00.000026464,3.2285
2026-08-26 16:00:00.000026464,3.2285
2026-08-26 17:00:00.000026703,3.2285
2026-08-26 18:00:00.000026703,3.2285
2026-08-26 19:00:00.000026703,3.2285
2026-08-26 20:00:00.000026941,3.2285
2026-08-26 21:00:00.000026941,3.2285
2026-08-26 22:00:00.000027180,3.2285
2026-08-26 23:00:00.000027180,3.2285
2026-08-27 00:00:00.000027418,3.2201
2026-08-27 01:00:00.000027418,3.2201
2026-08-27 02:00:00.000027657,3.2201
2026-08-27 03:00:00.000027657,3.2201
2026-08-27 04:00:00.000027657,3.2201
2026-08-27 05:00:00.000027895,3.2201
2026-08-27 06:00:00.000027895,3.2201
2026-08-27 07:00:00.000028133,3.2201
2026-08-27 08:00:00.000028133,3.2201
2026-08-27 09:00:00.000028372,3.2201
2026-08-27 10:00:00.000028372,3.2201
2026-08-27 11:00:00.000028610,3.2201
2026-08-27 12:00:00.000028610,3.2201
2026-08-27 13:00:00.000028610,3.2201
2026-08-27 14:00:00.000028849,3.2201
2026-08-27 15:00:00.000028849,3.2201
2026-08-27 16:00:00.000029087,3.2201
2026-08-27 17:00:00.000029087,3.2201
2026-08-27 18:00:00.000029325,3.2201
2026-08-27 19:00:00.000029325,3.2201
2026-08-27 20:00:00.000029325,3.2201
2026-08-27 21:00:00.000029564,3.2201
2026-08-27 22:00:00.000029564,3.2201
2026-08-27 23:00:00.000029802,3.2201
2026-08-28 00:00:00.000029802,3.2118
2026-08-28 01:00:00.000030041,3.2118
2026-08-28 02:00:00.000030041,3.2118
2026-08-28 03:00:00.000030279,3.2118
2026-08-28 04:00:00.000030279,3.2118
2026-08-28 05:00:00.000030279,3.2118
2026-08-28 06:00:00.000030518,3.2118
2026-08-28 07:00:00.000030518,3.2118
2026-08-28 08:00:00.000030756,3.2118
2026-08-28 09:00:00.000030756,3.2118
2026-08-28 10:00:00.000030994,3.2118
2026-08-28 11:00:00.000030994,3.2118
2026-08-28 12:00:00.000031232,3.2118
2026-08-28 13:00:00.000031232,3.2118
2026-08-28 14:00:00.000031232,3.2118
2026-08-28 15:00:00.000031470,3.2118
2026-08-28 16:00:00.000031470,3.2118
2026-08-28 17:00:00.000031710,3.2118
2026-08-28 18:00:00.000031710,3.2118
2026-08-28 19:00:00.000031948,3.2118
2026-08-28 20:00:00.000031948,3.2118
2026-08-28 21:00:00.000031948,3.2118
2026-08-28 22:00:00.000032187,3.2118
2026-08-28 23:00:00.000032187,3.2118
2026-08-29 00:00:00.000032425,3.2033
2026-08-29 01:00:00.000032425,3.2033
2026-08-29 02:00:00.000032663,3.2033
2026-08-29 03:00:00.000032663,3.2033
2026-08-29 04:00:00.000032902,3.2033
2026-08-29 05:00:00.000032902,3.2033
2026-08-29 06:00:00.000032902,3.2033
2026-08-29 07:00:00.000033140,3.2033
2026-08-29 08:00:00.000033140,3.2033
2026-08-29 09:00:00.000033379,3.2033
2026-08-29 10:00:00.000033379,3.2033
2026-08-29 11:00:00.000033617,3.2033
2026-08-29 12:00:00.000033617,3.2033
2026-08-29 13:00:00.000033855,3.2033
2026-08-29 14:00:00.000033855,3.2033
2026-08-29 15:00:00.000033855,3.2033
2026-08-29 16:00:00.000034094,3.2033
2026-08-29 17:00:00.000034094,3.2033
2026-08-29 18:00:00.000034332,3.2033
2026-08-29 19:00:00.000034332,3.2033
2026-08-29 20:00:00.000034571,3.2033
2026-08-29 21:00:00.000034571,3.2033
2026-08-29 22:00:00.000034571,3.2033
2026-08-29 23:00:00.000034809,3.2033
2026-08-30 00:00:00.000034809,3.195
2026-08-30 01:00:00.000035048,3.195
2026-08-30 02:00:00.000035048,3.195
2026-08-30 03:00:00.000035286,3.195
2026-08-30 04:00:00.000035286,3.195
2026-08-30 05:00:00.000035524,3.195
2026-08-30 06:00:00.000035524,3.195
2026-08-30 07:00:00.000035524,3.195
2026-08-30 08:00:00.000035763,3.195
2026-08-30 09:00:00.000035763,3.195
2026-08-30 10:00:00.000036001,3.195
2026-08-30 11:00:00.000036001,3.195
2026-08-30 12:00:00.000036240,3.195
2026-08-30 13:00:00.000036240,3.195
2026-08-30 14:00:00.000036240,3.195
2026-08-30 15:00:00.000036478,3.195
2026-08-30 16:00:00.000036478,3.195
2026-08-30 17:00:00.000036716,3.195
2026-08-30 18:00:00.000036716,3.195
2026-08-30 19:00:00.000036955,3.195
2026-08-30 20:00:00.000036955,3.195
2026-08-30 21:00:00.000037193,3.195
2026-08-30 22:00:00.000037193,3.195
2026-08-30 23:00:00.000037193,3.195
2026-08-31 00:00:00.000037432,3.1866
2026-08-31 01:00:00.000037432,3.1866
2026-08-31 02:00:00.000037670,3.1866
2026-08-31 03:00:00.000037670,3.1866
2026-08-31 04:00:00.000037909,3.1866
2026-08-31 05:00:00.000037909,3.1866
2026-08-31 06:00:00.000038147,3.1866
2026-08-31 07:00:00.000038147,3.1866
2026-08-31 08:00:00.000038147,3.1866
2026-08-31 09:00:00.000038385,3.1866
2026-08-31 10:00:00.000038385,3.1866
2026-08-31 11:00:00.000038624,3.1866
2026-08-31 12:00:00.000038624,3.1866
2026-08-31 13:00:00.000038862,3.1866
2026-08-31 14:00:00.000038862,3.1866
2026-08-31 15:00:00.000038862,3.1866
2026-08-31 16:00:00.000039101,3.1866
2026-08-31 17:00:00.000039101,3.1866
2026-08-31 18:00:00.000039339,3.1866
2026-08-31 19:00:00.000039339,3.1866
2026-08-31 20:00:00.000039577,3.1866
2026-08-31 21:00:00.000039577,3.1866
2026-08-31 22:00:00.000039816,3.1866
2026-08-31 23:00:00.000039816,3.1866
2026-09-01 00:00:00.000039816,3.1782
2026-09-01 01:00:00.000040054,3.1782
2026-09-01 02:00:00.000040054,3.1782
2026-09-01 03:00:00.000040293,3.1782
2026-09-01 04:00:00.000040293,3.1782
2026-09-01 05:00:00.000040531,3.1782
2026-09-01 06:00:00.000040531,3.1782
2026-09-01 07:00:00.000040770,3.1782
2026-09-01 08:00:00.000040770,3.1782
2026-09-01 09:00:00.000040770,3.1782
2026-09-01 10:00:00.000041008,3.1782
2026-09-01 11:00:00.000041008,3.1782
2026-09-01 12:00:00.000041246,3.1782
2026-09-01 13:00:00.000041246,3.1782
2026-09-01 14:00:00.000041485,3.1782
2026-09-01 15:00:00.000041485,3.1782
2026-09-01 16:00:00.000041485,3.1782
2026-09-01 17:00:00.000041723,3.1782
2026-09-01 18:00:00.000041723,3.1782
2026-09-01 19:00:00.000041962,3.1782
2026-09-01 20:00:00.000041962,3.1782
2026-09-01 21:00:00.000042200,3.1782
2026-09-01 22:00:00.000042200,3.1782
2026-09-01 23:00:00.000042439,3.1782
2026-09-02 00:00:00.000042439,3.1699
2026-09-02 01:00:00.000042439,3.1699
2026-09-02 02:00:00.000042677,3.1699
2026-09-02 03:00:00.000042677,3.1699
2026-09-02 04:00:00.000042915,3.1699
2026-09-02 05:00:00.000042915,3.1699
2026-09-02 06:00:00.000043154,3.1699
2026-09-02 07:00:00.000043154,3.1699
2026-09-02 08:00:00.000043154,3.1699
2026-09-02 09:00:00.000043392,3.1699
2026-09-02 10:00:00.000043392,3.1699
2026-09-02 11:00:00.000043631,3.1699
2026-09-02 12:00:00.000043631,3.1699
2026-09-02 13:00:00.000043869,3.1699
2026-09-02 14:00:00.000043869,3.1699
2026-09-02 15:00:00.000044107,3.1699
2026-09-02 16:00:00.000044107,3.1699
2026-09-02 17:00:00.000044107,3.1699
2026-09-02 18:00:00.000044346,3.1699
2026-09-02 19:00:00.000044346,3.1699
2026-09-02 20:00:00.000044584,3.1699
2026-09-02 21:00:00.000044584,3.1699
2026-09-02 22:00:00.000044823,3.1699
2026-09-02 23:00:00.000044823,3.1699
2026-09-03 00:00:00.000045061,3.1614
2026-09-03 01:00:00.000045061,3.1614
2026-09-03 02:00:00.000045061,3.1614
2026-09-03 03:00:00.000045300,3.1614
2026-09-03 04:00:00.000045300,3.1614
2026-09-03 05:00:00.000045538,3.1614
2026-09-03 06:00:00.000045538,3.1614
2026-09-03 07:00:00.000045776,3.1614
2026-09-03 08:00:00.000045776,3.1614
2026-09-03 09:00:00.000045776,3.1614
2026-09-03 10:00:00.000046015,3.1614
2026-09-03 11:00:00.000046015,3.1614
2026-09-03 12:00:00.000046253,3.1614
2026-09-03 13:00:00.000046253,3.1614
2026-09-03 14:00:00.000046492,3.1614
2026-09-03 15:00:00.000046492,3.1614
2026-09-03 16:00:00.000046730,3.1614
2026-09-03 17:00:00.000046730,3.1614
2026-09-03 18:00:00.000046730,3.1614
2026-09-03 19:00:00.000046968,3.1614
2026-09-03 20:00:00.000046968,3.1614
2026-09-03 21:00:00.000047207,3.1614
2026-09-03 22:00:00.000047207,3.1614
2026-09-03 23:00:00.000047445,3.1614
2026-09-04 00:00:00.000047445,3.1531
2026-09-04 01:00:00.000047684,3.1531
2026-09-04 02:00:00.000047684,3.1531
2026-09-04 03:00:00.000047684,3.1531
2026-09-04 04:00:00.000047922,3.1531
2026-09-04 05:00:00.000047922,3.1531
2026-09-04 06:00:00.000048161,3.1531
2026-09-04 07:00:00.000048161,3.1531
2026-09-04 08:00:00.000048399,3.1531
2026-09-04 09:00:00.000048399,3.1531
2026-09-04 10:00:00.000048399,3.1531
2026-09-04 11:00:00.000048637,3.1531
2026-09-04 12:00:00.000048637,3.1531
2026-09-04 13:00:00.000048876,3.1531
2026-09-04 14:00:00.000048876,3.1531
2026-09-04 15:00:00.000049114,3.1531
2026-09-04 16:00:00.000049114,3.1531
2026-09-04 17:00:00.000049353,3.1531
2026-09-04 18:00:00.000049353,3.1531
2026-09-04 19:00:00.000049353,3.1531
2026-09-04 20:00:00.000049591,3.1531
2026-09-04 21:00:00.000049591,3.1531
2026-09-04 22:00:00.000049829,3.1531
2026-09-04 23:00:00.000049829,3.1531
2026-09-05 00:00:00.000050068,3.1447
2026-09-05 01:00:00.000050068,3.1447
2026-09-05 02:00:00.000050068,3.1447
2026-09-05 03:00:00.000050306,3.1447
2026-09-05 04:00:00.000050306,3.1447
2026-09-05 05:00:00.000050545,3.1447
2026-09-05 06:00:00.000050545,3.1447
2026-09-05 07:00:00.000050783,3.1447
2026-09-05 08:00:00.000050783,3.1447
2026-09-05 09:00:00.000051022,3.1447
2026-09-05 10:00:00.000051022,3.1447
2026-09-05 11:00:00.000051022,3.1447
2026-09-05 12:00:00.000051260,3.1447
2026-09-05 13:00:00.000051260,3.1447
2026-09-05 14:00:00.000051498,3.1447
2026-09-05 15:00:00.000051498,3.1447
2026-09-05 16:00:00.000051737,3.1447
2026-09-05 17:00:00.000051737,3.1447
2026-09-05 18:00:00.000051975,3.1447
2026-09-05 19:00:00.000051975,3.1447
2026-09-05 20:00:00.000051975,3.1447
2026-09-05 21:00:00.000052214,3.1447
2026-09-05 22:00:00.000052214,3.1447
2026-09-05 23:00:00.000052452,3.1447
2026-09-06 00:00:00.000052452,3.1363
2026-09-06 01:00:00.000052691,3.1363
2026-09-06 02:00:00.000052691,3.1363
2026-09-06 03:00:00.000052691,3.1363
2026-09-06 04:00:00.000052929,3.1363
2026-09-06 05:00:00.000052929,3.1363
2026-09-06 06:00:00.000053167,3.1363
2026-09-06 07:00:00.000053167,3.1363
2026-09-06 08:00:00.000053406,3.1363
2026-09-06 09:00:00.000053406,3.1363
2026-09-06 10:00:00.000053644,3.1363
2026-09-06 11:00:00.000053644,3.1363
2026-09-06 12:00:00.000053644,3.1363
2026-09-06 13:00:00.000053883,3.1363
2026-09-06 14:00:00.000053883,3.1363
2026-09-06 15:00:00.000054121,3.1363
2026-09-06 16:00:00.000054121,3.1363
2026-09-06 17:00:00.000054359,3.1363
2026-09-06 18:00:00.000054359,3.1363
2026-09-06 19:00:00.000054598,3.1363
2026-09-06 20:00:00.000054598,3.1363
2026-09-06 21:00:00.000054598,3.1363
2026-09-06 22:00:00.000054836,3.1363
2026-09-06 23:00:00.000054836,3.1363
2026-09-07 00:00:00.000055075,3.128
2026-09-07 01:00:00.000055075,3.128
2026-09-07 02:00:00.000055313,3.128
2026-09-07 03:00:00.000055313,3.128
2026-09-07 04:00:00.000055313,3.128
2026-09-07 05:00:00.000055552,3.128
2026-09-07 06:00:00.000055552,3.128
2026-09-07 07:00:00.000055790,3.128
2026-09-07 08:00:00.000055790,3.128
2026-09-07 09:00:00.000056028,3.128
2026-09-07 10:00:00.000056028,3.128
2026-09-07 11:00:00.000056267,3.128
2026-09-07 12:00:00.000056267,3.128
2026-09-07 13:00:00.000056267,3.128
2026-09-07 14:00:00.000056505,3.128
2026-09-07 15:00:00.000056505,3.128
2026-09-07 16:00:00.000056744,3.128
2026-09-07 17:00:00.000056744,3.128
2026-09-07 18:00:00.000056982,3.128
2026-09-07 19:00:00.000056982,3.128
2026-09-07 20:00:00.000057220,3.128
2026-09-07 21:00:00.000057220,3.128
2026-09-07 22:00:00.000057220,3.128
2026-09-07 23:00:00.000057459,3.128
2026-09-08 00:00:00.000057459,3.1195
2026-09-08 01:00:00.000057697,3.1195
2026-09-08 02:00:00.000057697,3.1195
2026-09-08 03:00:00.000057936,3.1195
2026-09-08 04:00:00.000057936,3.1195
2026-09-08 05:00:00.000057936,3.1195
2026-09-08 06:00:00.000058174,3.1195
2026-09-08 07:00:00.000058174,3.1195
2026-09-08 08:00:00.000058413,3.1195
2026-09-08 09:00:00.000058413,3.1195
2026-09-08 10:00:00.000058651,3.1195
2026-09-08 11:00:00.000058651,3.1195
2026-09-08 12:00:00.000058889,3.1195
2026-09-08 13:00:00.000058889,3.1195
2026-09-08 14:00:00.000058889,3.1195
2026-09-08 15:00:00.000059128,3.1195
2026-09-08 16:00:00.000059128,3.1195
2026-09-08 17:00:00.000059366,3.1195
2026-09-08 18:00:00.000059366,3.1195
2026-09-08 19:00:00.000059605,3.1195
2026-09-08 20:00:00.000059605,3.1195
2026-09-08 21:00:00.000059605,3.1195
2026-09-08 22:00:00.000059843,3.1195
2026-09-08 23:00:00.000059843,3.1195
2026-09-09 00:00:00.000060081,3.1112
2026-09-09 01:00:00.000060081,3.1112
2026-09-09 02:00:00.000060320,3.1112
2026-09-09 03:00:00.000060320,3.1112
2026-09-09 04:00:00.000060558,3.1112
2026-09-09 05:00:00.000060558,3.1112
2026-09-09 06:00:00.000060558,3.1112
2026-09-09 07:00:00.000060797,3.1112
2026-09-09 08:00:00.000060797,3.1112
2026-09-09 09:00:00.000061035,3.1112
2026-09-09 10:00:00.000061035,3.1112
2026-09-09 11:00:00.000061274,3.1112
2026-09-09 12:00:00.000061274,3.1112
2026-09-09 13:00:00.000061512,3.1112
2026-09-09 14:00:00.000061512,3.1112
2026-09-09 15:00:00.000061512,3.1112
2026-09-09 16:00:00.000061750,3.1112
2026-09-09 17:00:00.000061750,3.1112
2026-09-09 18:00:00.000061989,3.1112
2026-09-09 19:00:00.000061989,3.1112
2026-09-09 20:00:00.000062227,3.1112
2026-09-09 21:00:00.000062227,3.1112
2026-09-09 22:00:00.000062227,3.1112
2026-09-09 23:00:00.000062465,3.1112
2026-09-10 00:00:00.000062465,3.1028
2026-09-10 01:00:00.000062704,3.1028
2026-09-10 02:00:00.000062704,3.1028
2026-09-10 03:00:00.000062943,3.1028
2026-09-10 04:00:00.000062943,3.1028
2026-09-10 05:00:00.000063181,3.1028
2026-09-10 06:00:00.000063181,3.1028
2026-09-10 07:00:00.000063181,3.1028
2026-09-10 08:00:00.000063419,3.1028
2026-09-10 09:00:00.000063419,3.1028
2026-09-10 10:00:00.000063658,3.1028
2026-09-10 11:00:00.000063658,3.1028
2026-09-10 12:00:00.000063896,3.1028
2026-09-10 13:00:00.000063896,3.1028
2026-09-10 14:00:00.000064134,3.1028
2026-09-10 15:00:00.000064134,3.1028
2026-09-10 16:00:00.000064134,3.1028
2026-09-10 17:00:00.000064373,3.1028
2026-09-10 18:00:00.000064373,3.1028
2026-09-10 19:00:00.000064610,3.1028
2026-09-10 20:00:00.000064610,3.1028
2026-09-10 21:00:00.000064850,3.1028
2026-09-10 22:00:00.000064850,3.1028
2026-09-10 23:00:00.000064850,3.1028
2026-09-11 00:00:00.000065088,3.0944
2026-09-11 01:00:00.000065088,3.0944
2026-09-11 02:00:00.000065327,3.0944
2026-09-11 03:00:00.000065327,3.0944
2026-09-11 04:00:00.000065565,3.0944
2026-09-11 05:00:00.000065565,3.0944
2026-09-11 06:00:00.000065804,3.0944
2026-09-11 07:00:00.000065804,3.0944
2026-09-11 08:00:00.000065804,3.0944
2026-09-11 09:00:00.000066042,3.0944
2026-09-11 10:00:00.000066042,3.0944
2026-09-11 11:00:00.000066280,3.0944
2026-09-11 12:00:00.000066280,3.0944
2026-09-11 13:00:00.000066519,3.0944
2026-09-11 14:00:00.000066519,3.0944
2026-09-11 15:00:00.000066519,3.0944
2026-09-11 16:00:00.000066757,3.0944
2026-09-11 17:00:00.000066757,3.0944
2026-09-11 18:00:00.000066996,3.0944
2026-09-11 19:00:00.000066996,3.0944
2026-09-11 20:00:00.000067234,3.0944
2026-09-11 21:00:00.000067234,3.0944
2026-09-11 22:00:00.000067472,3.0944
2026-09-11 23:00:00.000067472,3.0944
2026-09-12 00:00:00.000067472,3.086
2026-09-12 01:00:00.000067711,3.086
2026-09-12 02:00:00.000067711,3.086
2026-09-12 03:00:00.000067949,3.086
2026-09-12 04:00:00.000067949,3.086
2026-09-12 05:00:00.000068188,3.086
2026-09-12 06:00:00.000068188,3.086
2026-09-12 07:00:00.000068426,3.086
2026-09-12 08:00:00.000068426,3.086
2026-09-12 09:00:00.000068426,3.086
2026-09-12 10:00:00.000068665,3.086
2026-09-12 11:00:00.000068665,3.086
2026-09-12 12:00:00.000068903,3.086
2026-09-12 13:00:00.000068903,3.086
2026-09-12 14:00:00.000069141,3.086
2026-09-12 15:00:00.000069141,3.086
2026-09-12 16:00:00.000069141,3.086
2026-09-12 17:00:00.000069380,3.086
2026-09-12 18:00:00.000069380,3.086
2026-09-12 19:00:00.000069618,3.086
2026-09-12 20:00:00.000069618,3.086
2026-09-12 21:00:00.000069857,3.086
2026-09-12 22:00:00.000069857,3.086
2026-09-12 23:00:00.000070095,3.086
2026-09-13 00:00:00.000070095,3.0777
2026-09-13 01:00:00.000070095,3.0777
2026-09-13 02:00:00.000070333,3.0777
2026-09-13 03:00:00.000070333,3.0777
2026-09-13 04:00:00.000070572,3.0777
2026-09-13 05:00:00.000070572,3.0777
2026-09-13 06:00:00.000070810,3.0777
2026-09-13 07:00:00.000070810,3.0777
2026-09-13 08:00:00.000071049,3.0777
2026-09-13 09:00:00.000071049,3.0777
2026-09-13 10:00:00.000071049,3.0777
2026-09-13 11:00:00.000071287,3.0777
2026-09-13 12:00:00.000071287,3.0777
2026-09-13 13:00:00.000071526,3.0777
2026-09-13 14:00:00.000071526,3.0777
2026-09-13 15:00:00.000071764,3.0777
2026-09-13 16:00:00.000071764,3.0777
2026-09-13 17:00:00.000071764,3.0777
2026-09-13 18:00:00.000072002,3.0777
2026-09-13 19:00:00.000072002,3.0777
2026-09-13 20:00:00.000072241,3.0777
2026-09-13 21:00:00.000072241,3.0777
2026-09-13 22:00:00.000072479,3.0777
2026-09-13 23:00:00.000072479,3.0777
2026-09-14 00:00:00.000072718,3.0693
2026-09-14 01:00:00.000072718,3.0693
2026-09-14 02:00:00.000072718,3.0693
2026-09-14 03:00:00.000072956,3.0693
2026-09-14 04:00:00.000072956,3.0693
2026-09-14 05:00:00.000073195,3.0693
2026-09-14 06:00:00.000073195,3.0693
2026-09-14 07:00:00.000073433,3.0693
2026-09-14 08:00:00.000073433,3.0693
2026-09-14 09:00:00.000073433,3.0693
2026-09-14 10:00:00.000073671,3.0693
2026-09-14 11:00:00.000073671,3.0693
2026-09-14 12:00:00.000073910,3.0693
2026-09-14 13:00:00.000073910,3.0693
2026-09-14 14:00:00.000074148,3.0693
2026-09-14 15:00:00.000074148,3.0693
2026-09-14 16:00:00.000074387,3.0693
2026-09-14 17:00:00.000074387,3.0693
2026-09-14 18:00:00.000074387,3.0693
2026-09-14 19:00:00.000074625,3.0693
2026-09-14 20:00:00.000074625,3.0693
2026-09-14 21:00:00.000074863,3.0693
2026-09-14 22:00:00.000074863,3.0693
2026-09-14 23:00:00.000075102,3.0693
2026-09-15 00:00:00.000075102,3.0609
2026-09-15 01:00:00.000075340,3.0609
2026-09-15 02:00:00.000075340,3.0609
2026-09-15 03:00:00.000075340,3.0609
2026-09-15 04:00:00.000075579,3.0609
2026-09-15 05:00:00.000075579,3.0609
2026-09-15 06:00:00.000075817,3.0609
2026-09-15 07:00:00.000075817,3.0609
2026-09-15 08:00:00.000076056,3.0609
2026-09-15 09:00:00.000076056,3.0609
2026-09-15 10:00:00.000076056,3.0609
2026-09-15 11:00:00.000076294,3.0609
2026-09-15 12:00:00.000076294,3.0609
2026-09-15 13:00:00.000076532,3.0609
2026-09-15 14:00:00.000076532,3.0609
2026-09-15 15:00:00.000076771,3.0609
2026-09-15 16:00:00.000076771,3.0609
2026-09-15 17:00:00.000077009,3.0609
2026-09-15 18:00:00.000077009,3.0609
2026-09-15 19:00:00.000077009,3.0609
2026-09-15 20:00:00.000077248,3.0609
2026-09-15 21:00:00.000077248,3.0609
2026-09-15 22:00:00.000077486,3.0609
2026-09-15 23:00:00.000077486,3.0609
2026-09-16 00:00:00.000077724,3.0525
2026-09-16 01:00:00.000077724,3.0525
2026-09-16 02:00:00.000077963,3.0525
2026-09-16 03:00:00.000077963,3.0525
2026-09-16 04:00:00.000077963,3.0525
2026-09-16 05:00:00.000078201,3.0525
2026-09-16 06:00:00.000078201,3.0525
2026-09-16 07:00:00.000078440,3.0525
2026-09-16 08:00:00.000078440,3.0525
2026-09-16 09:00:00.000078678,3.0525
2026-09-16 10:00:00.000078678,3.0525
2026-09-16 11:00:00.000078678,3.0525
2026-09-16 12:00:00.000078917,3.0525
2026-09-16 13:00:00.000078917,3.0525
2026-09-16 14:00:00.000079155,3.0525
2026-09-16 15:00:00.000079155,3.0525
2026-09-16 16:00:00.000079393,3.0525
2026-09-16 17:00:00.000079393,3.0525
2026-09-16 18:00:00.000079632,3.0525
2026-09-16 19:00:00.000079632,3.0525
2026-09-16 20:00:00.000079632,3.0525
2026-09-16 21:00:00.000079870,3.0525
2026-09-16 22:00:00.000079870,3.0525
2026-09-16 23:00:00.000080109,3.0525
2026-09-17 00:00:00.000080109,3.0441
2026-09-17 01:00:00.000080347,3.0441
2026-09-17 02:00:00.000080347,3.0441
2026-09-17 03:00:00.000080585,3.0441
2026-09-17 04:00:00.000080585,3.0441
2026-09-17 05:00:00.000080585,3.0441
2026-09-17 06:00:00.000080824,3.0441
2026-09-17 07:00:00.000080824,3.0441
2026-09-17 08:00:00.000081062,3.0441
2026-09-17 09:00:00.000081062,3.0441
2026-09-17 10:00:00.000081301,3.0441
2026-09-17 11:00:00.000081301,3.0441
2026-09-17 12:00:00.000081301,3.0441
2026-09-17 13:00:00.000081539,3.0441
2026-09-17 14:00:00.000081539,3.0441
2026-09-17 15:00:00.000081778,3.0441
2026-09-17 16:00:00.000081778,3.0441
2026-09-17 17:00:00.000082016,3.0441
2026-09-17 18:00:00.000082016,3.0441
2026-09-17 19:00:00.000082254,3.0441
2026-09-17 20:00:00.000082254,3.0441
2026-09-17 21:00:00.000082254,3.0441
2026-09-17 22:00:00.000082493,3.0441
2026-09-17 23:00:00.000082493,3.0441
2026-09-18 00:00:00.000082731,3.0358
2026-09-18 01:00:00.000082731,3.0358
2026-09-18 02:00:00.000082970,3.0358
2026-09-18 03:00:00.000082970,3.0358
2026-09-18 04:00:00.000082970,3.0358
2026-09-18 05:00:00.000083208,3.0358
2026-09-18 06:00:00.000083208,3.0358
2026-09-18 07:00:00.000083447,3.0358
2026-09-18 08:00:00.000083447,3.0358
2026-09-18 09:00:00.000083685,3.0358
2026-09-18 10:00:00.000083685,3.0358
2026-09-18 11:00:00.000083923,3.0358
2026-09-18 12:00:00.000083923,3.0358
2026-09-18 13:00:00.000083923,3.0358
2026-09-18 14:00:00.000084162,3.0358
2026-09-18 15:00:00.000084162,3.0358
2026-09-18 16:00:00.000084400,3.0358
2026-09-18 17:00:00.000084400,3.0358
2026-09-18 18:00:00.000084639,3.0358
2026-09-18 19:00:00.000084639,3.0358
2026-09-18 20:00:00.000084877,3.0358
2026-09-18 21:00:00.000084877,3.0358
2026-09-18 22:00:00.000084877,3.0358
2026-09-18 23:00:00.000085115,3.0358
2026-09-19 00:00:00.000085115,3.0274
2026-09-19 01:00:00.000085354,3.0274
2026-09-19 02:00:00.000085354,3.0274
2026-09-19 03:00:00.000085592,3.0274
2026-09-19 04:00:00.000085592,3.0274
2026-09-19 05:00:00.000085592,3.0274
2026-09-19 06:00:00.000085831,3.0274
2026-09-19 07:00:00.000085831,3.0274
2026-09-19 08:00:00.000086069,3.0274
2026-09-19 09:00:00.000086069,3.0274
2026-09-19 10:00:00.000086308,3.0274
2026-09-19 11:00:00.000086308,3.0274
2026-09-19 12:00:00.000086546,3.0274
2026-09-19 13:00:00.000086546,3.0274
2026-09-19 14:00:00.000086546,3.0274
2026-09-19 15:00:00.000086784,3.0274
2026-09-19 16:00:00.000086784,3.0274
2026-09-19 17:00:00.000087023,3.0274
2026-09-19 18:00:00.000087023,3.0274
2026-09-19 19:00:00.000087261,3.0274
2026-09-19 20:00:00.000087261,3.0274
2026-09-19 21:00:00.000087500,3.0274
2026-09-19 22:00:00.000087500,3.0274
2026-09-19 23:00:00.000087500,3.0274
2026-09-20 00:00:00.000087738,3.019
2026-09-20 01:00:00.000087738,3.019
2026-09-20 02:00:00.000087976,3.019
2026-09-20 03:00:00.000087976,3.019
2026-09-20 04:00:00.000088215,3.019
2026-09-20 05:00:00.000088215,3.019
2026-09-20 06:00:00.000088215,3.019
2026-09-20 07:00:00.000088453,3.019
2026-09-20 08:00:00.000088453,3.019
2026-09-20 09:00:00.000088692,3.019
2026-09-20 10:00:00.000088692,3.019
2026-09-20 11:00:00.000088930,3.019
2026-09-20 12:00:00.000088930,3.019
2026-09-20 13:00:00.000089169,3.019
2026-09-20 14:00:00.000089169,3.019
2026-09-20 15:00:00.000089169,3.019
2026-09-20 16:00:00.000089407,3.019
2026-09-20 17:00:00.000089407,3.019
2026-09-20 18:00:00.000089645,3.019
2026-09-20 19:00:00.000089645,3.019
2026-09-20 20:00:00.000089884,3.019
2026-09-20 21:00:00.000089884,3.019
2026-09-20 22:00:00.000089884,3.019
2026-09-20 23:00:00.000090122,3.019
2026-09-21 00:00:00.000090122,3.0106
2026-09-21 01:00:00.000090361,3.0106
2026-09-21 02:00:00.000090361,3.0106
2026-09-21 03:00:00.000090599,3.0106
2026-09-21 04:00:00.000090599,3.0106
2026-09-21 05:00:00.000090837,3.0106
2026-09-21 06:00:00.000090837,3.0106
2026-09-21 07:00:00.000090837,3.0106
2026-09-21 08:00:00.000091076,3.0106
2026-09-21 09:00:00.000091076,3.0106
2026-09-21 10:00:00.000091314,3.0106
2026-09-21 11:00:00.000091314,3.0106
2026-09-21 12:00:00.000091553,3.0106
2026-09-21 13:00:00.000091553,3.0106
2026-09-21 14:00:00.000091791,3.0106
2026-09-21 15:00:00.000091791,3.0106
2026-09-21 16:00:00.000091791,3.0106
2026-09-21 17:00:00.000092030,3.0106
2026-09-21 18:00:00.000092030,3.0106
2026-09-21 19:00:00.000092268,3.0106
2026-09-21 20:00:00.000092268,3.0106
2026-09-21 21:00:00.000092506,3.0106
2026-09-21 22:00:00.000092506,3.0106
2026-09-21 23:00:00.000092506,3.0106
2026-09-22 00:00:00.000092745,3.0022
2026-09-22 01:00:00.000092745,3.0022
2026-09-22 02:00:00.000092983,3.0022
2026-09-22 03:00:00.000092983,3.0022
2026-09-22 04:00:00.000093222,3.0022
2026-09-22 05:00:00.000093222,3.0022
2026-09-22 06:00:00.000093460,3.0022
2026-09-22 07:00:00.000093460,3.0022
2026-09-22 08:00:00.000093460,3.0022
2026-09-22 09:00:00.000093699,3.0022
2026-09-22 10:00:00.000093699,3.0022
2026-09-22 11:00:00.000093937,3.0022
2026-09-22 12:00:00.000093937,3.0022
2026-09-22 13:00:00.000094175,3.0022
2026-09-22 14:00:00.000094175,3.0022
2026-09-22 15:00:00.000094414,3.0022
2026-09-22 16:00:00.000094414,3.0022
2026-09-22 17:00:00.000094414,3.0022
2026-09-22 18:00:00.000094652,3.0022
2026-09-22 19:00:00.000094652,3.0022
2026-09-22 20:00:00.000094891,3.0022
2026-09-22 21:00:00.000094891,3.0022
2026-09-22 22:00:00.000095129,3.0022
2026-09-22 23:00:00.000095129,3.0022
2026-09-23 00:00:00.000095129,2.9939
2026-09-23 01:00:00.000095367,2.9939
2026-09-23 02:00:00.000095367,2.9939
2026-09-23 03:00:00.000095606,2.9939
2026-09-23 04:00:00.000095606,2.9939
2026-09-23 05:00:00.000095844,2.9939
2026-09-23 06:00:00.000095844,2.9939
2026-09-23 07:00:00.000096083,2.9939
2026-09-23 08:00:00.000096083,2.9939
2026-09-23 09:00:00.000096083,2.9939
2026-09-23 10:00:00.000096321,2.9939
2026-09-23 11:00:00.000096321,2.9939
2026-09-23 12:00:00.000096560,2.9939
2026-09-23 13:00:00.000096560,2.9939
2026-09-23 14:00:00.000096798,2.9939
2026-09-23 15:00:00.000096798,2.9939
2026-09-23 16:00:00.000096798,2.9939
2026-09-23 17:00:00.000097036,2.9939
2026-09-23 18:00:00.000097036,2.9939
2026-09-23 19:00:00.000097275,2.9939
2026-09-23 20:00:00.000097275,2.9939
2026-09-23 21:00:00.000097513,2.9939
2026-09-23 22:00:00.000097513,2.9939
2026-09-23 23:00:00.000097752,2.9939
2026-09-24 00:00:00.000097752,2.9854
2026-09-24 01:00:00.000097752,2.9854
2026-09-24 02:00:00.000097990,2.9854
2026-09-24 03:00:00.000097990,2.9854
2026-09-24 04:00:00.000098228,2.9854
2026-09-24 05:00:00.000098228,2.9854
2026-09-24 06:00:00.000098467,2.9854
2026-09-24 07:00:00.000098467,2.9854
2026-09-24 08:00:00.000098705,2.9854
2026-09-24 09:00:00.000098705,2.9854
2026-09-24 10:00:00.000098705,2.9854
2026-09-24 11:00:00.000098944,2.9854
2026-09-24 12:00:00.000098944,2.9854
2026-09-24 13:00:00.000099182,2.9854
2026-09-24 14:00:00.000099182,2.9854
2026-09-24 15:00:00.000099421,2.9854
2026-09-24 16:00:00.000099421,2.9854
2026-09-24 17:00:00.000099421,2.9854
2026-09-24 18:00:00.000099659,2.9854
2026-09-24 19:00:00.000099659,2.9854
2026-09-24 20:00:00.000099897,2.9854
2026-09-24 21:00:00.000099897,2.9854
2026-09-24 22:00:00.000100136,2.9854
2026-09-24 23:00:00.000100136,2.9854
2026-09-25 00:00:00.000100374,2.9771
2026-09-25 01:00:00.000100374,2.9771
2026-09-25 02:00:00.000100374,2.9771
2026-09-25 03:00:00.000100613,2.9771
2026-09-25 04:00:00.000100613,2.9771
2026-09-25 05:00:00.000100851,2.9771
2026-09-25 06:00:00.000100851,2.9771
2026-09-25 07:00:00.000101089,2.9771
2026-09-25 08:00:00.000101089,2.9771
2026-09-25 09:00:00.000101328,2.9771
2026-09-25 10:00:00.000101328,2.9771
2026-09-25 11:00:00.000101328,2.9771
2026-09-25 12:00:00.000101566,2.9771
2026-09-25 13:00:00.000101566,2.9771
2026-09-25 14:00:00.000101805,2.9771
2026-09-25 15:00:00.000101805,2.9771
2026-09-25 16:00:00.000102043,2.9771
2026-09-25 17:00:00.000102043,2.9771
2026-09-25 18:00:00.000102043,2.9771
2026-09-25 19:00:00.000102282,2.9771
2026-09-25 20:00:00.000102282,2.9771
2026-09-25 21:00:00.000102520,2.9771
2026-09-25 22:00:00.000102520,2.9771
2026-09-25 23:00:00.000102758,2.9771
2026-09-26 00:00:00.000102758,2.9688
2026-09-26 01:00:00.000102997,2.9688
2026-09-26 02:00:00.000102997,2.9688
2026-09-26 03:00:00.000102997,2.9688
2026-09-26 04:00:00.000103235,2.9688
2026-09-26 05:00:00.000103235,2.9688
2026-09-26 06:00:00.000103474,2.9688
2026-09-26 07:00:00.000103474,2.9688
2026-09-26 08:00:00.000103712,2.9688
2026-09-26 09:00:00.000103712,2.9688
2026-09-26 10:00:00.000103712,2.9688
2026-09-26 11:00:00.000103951,2.9688
2026-09-26 12:00:00.000103951,2.9688
2026-09-26 13:00:00.000104189,2.9688
2026-09-26 14:00:00.000104189,2.9688
2026-09-26 15:00:00.000104427,2.9688
2026-09-26 16:00:00.000104427,2.9688
2026-09-26 17:00:00.000104666,2.9688
2026-09-26 18:00:00.000104666,2.9688
2026-09-26 19:00:00.000104666,2.9688
2026-09-26 20:00:00.000104904,2.9688
2026-09-26 21:00:00.000104904,2.9688
2026-09-26 22:00:00.000105143,2.9688
2026-09-26 23:00:00.000105143,2.9688
2026-09-27 00:00:00.000105381,2.9603
2026-09-27 01:00:00.000105381,2.9603
2026-09-27 02:00:00.000105619,2.9603
2026-09-27 03:00:00.000105619,2.9603
2026-09-27 04:00:00.000105619,2.9603
2026-09-27 05:00:00.000105858,2.9603
2026-09-27 06:00:00.000105858,2.9603
2026-09-27 07:00:00.000106096,2.9603
2026-09-27 08:00:00.000106096,2.9603
2026-09-27 09:00:00.000106335,2.9603
2026-09-27 10:00:00.000106335,2.9603
2026-09-27 11:00:00.000106335,2.9603
2026-09-27 12:00:00.000106573,2.9603
2026-09-27 13:00:00.000106573,2.9603
2026-09-27 14:00:00.000106812,2.9603
2026-09-27 15:00:00.000106812,2.9603
2026-09-27 16:00:00.000107050,2.9603
2026-09-27 17:00:00.000107050,2.9603
2026-09-27 18:00:00.000107288,2.9603
2026-09-27 19:00:00.000107288,2.9603
2026-09-27 20:00:00.000107288,2.9603
2026-09-27 21:00:00.000107527,2.9603
2026-09-27 22:00:00.000107527,2.9603
2026-09-27 23:00:00.000107765,2.9603
2026-09-28 00:00:00.000107765,2.952
2026-09-28 01:00:00.000108004,2.952
2026-09-28 02:00:00.000108004,2.952
2026-09-28 03:00:00.000108242,2.952
2026-09-28 04:00:00.000108242,2.952
2026-09-28 05:00:00.000108242,2.952
2026-09-28 06:00:00.000108480,2.952
2026-09-28 07:00:00.000108480,2.952
2026-09-28 08:00:00.000108719,2.952
2026-09-28 09:00:00.000108719,2.952
2026-09-28 10:00:00.000108957,2.952
2026-09-28 11:00:00.000108957,2.952
2026-09-28 12:00:00.000108957,2.952
2026-09-28 13:00:00.000109196,2.952
2026-09-28 14:00:00.000109196,2.952
2026-09-28 15:00:00.000109434,2.952
2026-09-28 16:00:00.000109434,2.952
2026-09-28 17:00:00.000109673,2.952
2026-09-28 18:00:00.000109673,2.952
2026-09-28 19:00:00.000109911,2.952
2026-09-28 20:00:00.000109911,2.952
2026-09-28 21:00:00.000109911,2.952
2026-09-28 22:00:00.000110149,2.952
2026-09-28 23:00:00.000110149,2.952
2026-09-29 00:00:00.000110388,2.9435
2026-09-29 01:00:00.000110388,2.9435
2026-09-29 02:00:00.000110626,2.9435
2026-09-29 03:00:00.000110626,2.9435
2026-09-29 04:00:00.000110865,2.9435
2026-09-29 05:00:00.000110865,2.9435
2026-09-29 06:00:00.000110865,2.9435
2026-09-29 07:00:00.000111103,2.9435
2026-09-29 08:00:00.000111103,2.9435
2026-09-29 09:00:00.000111341,2.9435
2026-09-29 10:00:00.000111341,2.9435
2026-09-29 11:00:00.000111580,2.9435
2026-09-29 12:00:00.000111580,2.9435
2026-09-29 13:00:00.000111580,2.9435
2026-09-29 14:00:00.000111818,2.9435
2026-09-29 15:00:00.000111818,2.9435
2026-09-29 16:00:00.000112057,2.9435
2026-09-29 17:00:00.000112057,2.9435
2026-09-29 18:00:00.000112295,2.9435
2026-09-29 19:00:00.000112295,2.9435
2026-09-29 20:00:00.000112534,2.9435
2026-09-29 21:00:00.000112534,2.9435
2026-09-29 22:00:00.000112534,2.9435
2026-09-29 23:00:00.000112772,2.9435
2026-09-30 00:00:00.000112772,2.9352
2026-09-30 01:00:00.000113010,2.9352
2026-09-30 02:00:00.000113010,2.9352
2026-09-30 03:00:00.000113249,2.9352
2026-09-30 04:00:00.000113249,2.9352
2026-09-30 05:00:00.000113249,2.9352
2026-09-30 06:00:00.000113487,2.9352
2026-09-30 07:00:00.000113487,2.9352
2026-09-30 08:00:00.000113726,2.9352
2026-09-30 09:00:00.000113726,2.9352
2026-09-30 10:00:00.000113964,2.9352
2026-09-30 11:00:00.000113964,2.9352
2026-09-30 12:00:00.000114202,2.9352
2026-09-30 13:00:00.000114202,2.9352
2026-09-30 14:00:00.000114202,2.9352
2026-09-30 15:00:00.000114441,2.9352
2026-09-30 16:00:00.000114441,2.9352
2026-09-30 17:00:00.000114679,2.9352
2026-09-30 18:00:00.000114679,2.9352
2026-09-30 19:00:00.000114918,2.9352
2026-09-30 20:00:00.000114918,2.9352
2026-09-30 21:00:00.000115156,2.9352
2026-09-30 22:00:00.000115156,2.9352
2026-09-30 23:00:00.000115156,2.9352
2026-10-01 00:00:00.000115395,2.9268
2026-10-01 01:00:00.000115395,2.9268
2026-10-01 02:00:00.000115633,2.9268
2026-10-01 03:00:00.000115633,2.9268
2026-10-01 04:00:00.000115871,2.9268
2026-10-01 05:00:00.000115871,2.9268
2026-10-01 06:00:00.000115871,2.9268
2026-10-01 07:00:00.000116110,2.9268
2026-10-01 08:00:00.000116110,2.9268
2026-10-01 09:00:00.000116348,2.9268
2026-10-01 10:00:00.000116348,2.9268
2026-10-01 11:00:00.000116587,2.9268
2026-10-01 12:00:00.000116587,2.9268
2026-10-01 13:00:00.000116825,2.9268
2026-10-01 14:00:00.000116825,2.9268
2026-10-01 15:00:00.000116825,2.9268
2026-10-01 16:00:00.000117064,2.9268
2026-10-01 17:00:00.000117064,2.9268
2026-10-01 18:00:00.000117302,2.9268
2026-10-01 19:00:00.000117302,2.9268
2026-10-01 20:00:00.000117540,2.9268
2026-10-01 21:00:00.000117540,2.9268
2026-10-01 22:00:00.000117779,2.9268
2026-10-01 23:00:00.000117779,2.9268
2026-10-02 00:00:00.000117779,2.9184
2026-10-02 01:00:00.000118017,2.9184
2026-10-02 02:00:00.000118017,2.9184
2026-10-02 03:00:00.000118256,2.9184
2026-10-02 04:00:00.000118256,2.9184
2026-10-02 05:00:00.000118494,2.9184
2026-10-02 06:00:00.000118494,2.9184
2026-10-02 07:00:00.000118494,2.9184
2026-10-02 08:00:00.000118732,2.9184
2026-10-02 09:00:00.000118732,2.9184
2026-10-02 10:00:00.000118971,2.9184
2026-10-02 11:00:00.000118971,2.9184
2026-10-02 12:00:00.000119209,2.9184
2026-10-02 13:00:00.000119209,2.9184
2026-10-02 14:00:00.000119448,2.9184
2026-10-02 15:00:00.000119448,2.9184
2026-10-02 16:00:00.000119448,2.9184
2026-10-02 17:00:00.000119686,2.9184
2026-10-02 18:00:00.000119686,2.9184
2026-10-02 19:00:00.000119925,2.9184
2026-10-02 20:00:00.000119925,2.9184
2026-10-02 21:00:00.000120163,2.9184
2026-10-02 22:00:00.000120163,2.9184
2026-10-02 23:00:00.000120163,2.9184
2026-10-03 00:00:00.000120401,2.9101
2026-10-03 01:00:00.000120401,2.9101
2026-10-03 02:00:00.000120640,2.9101
2026-10-03 03:00:00.000120640,2.9101
2026-10-03 04:00:00.000120878,2.9101
2026-10-03 05:00:00.000120878,2.9101
2026-10-03 06:00:00.000121117,2.9101
2026-10-03 07:00:00.000121117,2.9101
2026-10-03 08:00:00.000121117,2.9101
2026-10-03 09:00:00.000121355,2.9101
2026-10-03 10:00:00.000121355,2.9101
2026-10-03 11:00:00.000121593,2.9101
2026-10-03 12:00:00.000121593,2.9101
2026-10-03 13:00:00.000121832,2.9101
2026-10-03 14:00:00.000121832,2.9101
2026-10-03 15:00:00.000122070,2.9101
2026-10-03 16:00:00.000122070,2.9101
2026-10-03 17:00:00.000122070,2.9101
2026-10-03 18:00:00.000122309,2.9101
2026-10-03 19:00:00.000122309,2.9101
2026-10-03 20:00:00.000122547,2.9101
2026-10-03 21:00:00.000122547,2.9101
2026-10-03 22:00:00.000122786,2.9101
2026-10-03 23:00:00.000122786,2.9101
2026-10-04 00:00:00.000122786,2.9017
2026-10-04 01:00:00.000123024,2.9017
2026-10-04 02:00:00.000123024,2.9017
2026-10-04 03:00:00.000123262,2.9017
2026-10-04 04:00:00.000123262,2.9017
2026-10-04 05:00:00.000123501,2.9017
2026-10-04 06:00:00.000123501,2.9017
2026-10-04 07:00:00.000123738,2.9017
2026-10-04 08:00:00.000123738,2.9017
2026-10-04 09:00:00.000123738,2.9017
2026-10-04 10:00:00.000123978,2.9017
2026-10-04 11:00:00.000123978,2.9017
2026-10-04 12:00:00.000124215,2.9017
2026-10-04 13:00:00.000124215,2.9017
2026-10-04 14:00:00.000124454,2.9017
2026-10-04 15:00:00.000124454,2.9017
2026-10-04 16:00:00.000124693,2.9017
2026-10-04 17:00:00.000124693,2.9017
2026-10-04 18:00:00.000124693,2.9017
2026-10-04 19:00:00.000124931,2.9017
2026-10-04 20:00:00.000124931,2.9017
2026-10-04 21:00:00.000125170,2.9017
2026-10-04 22:00:00.000125170,2.9017
2026-10-04 23:00:00.000125408,2.9017
2026-10-05 00:00:00.000125408,2.8933
2026-10-05 01:00:00.000125408,2.8933
2026-10-05 02:00:00.000125647,2.8933
2026-10-05 03:00:00.000125647,2.8933
2026-10-05 04:00:00.000125885,2.8933
2026-10-05 05:00:00.000125885,2.8933
2026-10-05 06:00:00.000126123,2.8933
2026-10-05 07:00:00.000126123,2.8933
2026-10-05 08:00:00.000126362,2.8933
2026-10-05 09:00:00.000126362,2.8933
2026-10-05 10:00:00.000126362,2.8933
2026-10-05 11:00:00.000126599,2.8933
2026-10-05 12:00:00.000126599,2.8933
2026-10-05 13:00:00.000126839,2.8933
2026-10-05 14:00:00.000126839,2.8933
2026-10-05 15:00:00.000127076,2.8933
2026-10-05 16:00:00.000127076,2.8933
2026-10-05 17:00:00.000127076,2.8933
2026-10-05 18:00:00.000127316,2.8933
2026-10-05 19:00:00.000127316,2.8933
2026-10-05 20:00:00.000127553,2.8933
2026-10-05 21:00:00.000127553,2.8933
2026-10-05 22:00:00.000127792,2.8933
2026-10-05 23:00:00.000127792,2.8933
2026-10-06 00:00:00.000128031,2.8849
2026-10-06 01:00:00.000128031,2.8849
2026-10-06 02:00:00.000128031,2.8849
2026-10-06 03:00:00.000128269,2.8849
2026-10-06 04:00:00.000128269,2.8849
2026-10-06 05:00:00.000128508,2.8849
2026-10-06 06:00:00.000128508,2.8849
2026-10-06 07:00:00.000128746,2.8849
2026-10-06 08:00:00.000128746,2.8849
2026-10-06 09:00:00.000128984,2.8849
2026-10-06 10:00:00.000128984,2.8849
2026-10-06 11:00:00.000128984,2.8849
2026-10-06 12:00:00.000129223,2.8849
2026-10-06 13:00:00.000129223,2.8849
2026-10-06 14:00:00.000129461,2.8849
2026-10-06 15:00:00.000129461,2.8849
2026-10-06 16:00:00.000129700,2.8849
2026-10-06 17:00:00.000129700,2.8849
2026-10-06 18:00:00.000129700,2.8849
2026-10-06 19:00:00.000129937,2.8849
2026-10-06 20:00:00.000129937,2.8849
2026-10-06 21:00:00.000130177,2.8849
2026-10-06 22:00:00.000130177,2.8849
2026-10-06 23:00:00.000130414,2.8849
2026-10-07 00:00:00.000130414,2.8765
2026-10-07 01:00:00.000130653,2.8765
2026-10-07 02:00:00.000130653,2.8765
2026-10-07 03:00:00.000130653,2.8765
2026-10-07 04:00:00.000130892,2.8765
2026-10-07 05:00:00.000130892,2.8765
2026-10-07 06:00:00.000131130,2.8765
2026-10-07 07:00:00.000131130,2.8765
2026-10-07 08:00:00.000131369,2.8765
2026-10-07 09:00:00.000131369,2.8765
2026-10-07 10:00:00.000131607,2.8765
2026-10-07 11:00:00.000131607,2.8765
2026-10-07 12:00:00.000131607,2.8765
2026-10-07 13:00:00.000131845,2.8765
2026-10-07 14:00:00.000131845,2.8765
2026-10-07 15:00:00.000132084,2.8765
2026-10-07 16:00:00.000132084,2.8765
2026-10-07 17:00:00.000132322,2.8765
2026-10-07 18:00:00.000132322,2.8765
2026-10-07 19:00:00.000132322,2.8765
2026-10-07 20:00:00.000132561,2.8765
2026-10-07 21:00:00.000132561,2.8765
2026-10-07 22:00:00.000132799,2.8765
2026-10-07 23:00:00.000132799,2.8765
2026-10-08 00:00:00.000133038,2.8682
2026-10-08 01:00:00.000133038,2.8682
2026-10-08 02:00:00.000133276,2.8682
2026-10-08 03:00:00.000133276,2.8682
2026-10-08 04:00:00.000133276,2.8682
2026-10-08 05:00:00.000133514,2.8682
2026-10-08 06:00:00.000133514,2.8682
2026-10-08 07:00:00.000133753,2.8682
2026-10-08 08:00:00.000133753,2.8682
2026-10-08 09:00:00.000133991,2.8682
2026-10-08 10:00:00.000133991,2.8682
2026-10-08 11:00:00.000133991,2.8682
2026-10-08 12:00:00.000134230,2.8682
2026-10-08 13:00:00.000134230,2.8682
2026-10-08 14:00:00.000134468,2.8682
2026-10-08 15:00:00.000134468,2.8682
2026-10-08 16:00:00.000134706,2.8682
2026-10-08 17:00:00.000134706,2.8682
2026-10-08 18:00:00.000134945,2.8682
2026-10-08 19:00:00.000134945,2.8682
2026-10-08 20:00:00.000134945,2.8682
2026-10-08 21:00:00.000135183,2.8682
2026-10-08 22:00:00.000135183,2.8682
2026-10-08 23:00:00.000135422,2.8682
2026-10-09 00:00:00.000135422,2.8598
2026-10-09 01:00:00.000135660,2.8598
2026-10-09 02:00:00.000135660,2.8598
2026-10-09 03:00:00.000135899,2.8598
2026-10-09 04:00:00.000135899,2.8598
2026-10-09 05:00:00.000135899,2.8598
2026-10-09 06:00:00.000136137,2.8598
2026-10-09 07:00:00.000136137,2.8598
2026-10-09 08:00:00.000136375,2.8598
2026-10-09 09:00:00.000136375,2.8598
2026-10-09 10:00:00.000136614,2.8598
2026-10-09 11:00:00.000136614,2.8598
2026-10-09 12:00:00.000136614,2.8598
2026-10-09 13:00:00.000136852,2.8598
2026-10-09 14:00:00.000136852,2.8598
2026-10-09 15:00:00.000137091,2.8598
2026-10-09 16:00:00.000137091,2.8598
2026-10-09 17:00:00.000137329,2.8598
2026-10-09 18:00:00.000137329,2.8598
2026-10-09 19:00:00.000137568,2.8598
2026-10-09 20:00:00.000137568,2.8598
2026-10-09 21:00:00.000137568,2.8598
2026-10-09 22:00:00.000137806,2.8598
2026-10-09 23:00:00.000137806,2.8598
2026-10-10 00:00:00.000138044,2.8514
2026-10-10 01:00:00.000138044,2.8514
2026-10-10 02:00:00.000138283,2.8514
2026-10-10 03:00:00.000138283,2.8514
2026-10-10 04:00:00.000138521,2.8514
2026-10-10 05:00:00.000138521,2.8514
2026-10-10 06:00:00.000138521,2.8514
2026-10-10 07:00:00.000138760,2.8514
2026-10-10 08:00:00.000138760,2.8514
2026-10-10 09:00:00.000138998,2.8514
2026-10-10 10:00:00.000138998,2.8514
2026-10-10 11:00:00.000139236,2.8514
2026-10-10 12:00:00.000139236,2.8514
2026-10-10 13:00:00.000139236,2.8514
2026-10-10 14:00:00.000139475,2.8514
2026-10-10 15:00:00.000139475,2.8514
2026-10-10 16:00:00.000139713,2.8514
2026-10-10 17:00:00.000139713,2.8514
2026-10-10 18:00:00.000139952,2.8514
2026-10-10 19:00:00.000139952,2.8514
2026-10-10 20:00:00.000140190,2.8514
2026-10-10 21:00:00.000140190,2.8514
2026-10-10 22:00:00.000140190,2.8514
2026-10-10 23:00:00.000140429,2.8514
2026-10-11 00:00:00.000140429,2.843
2026-10-11 01:00:00.000140667,2.843
2026-10-11 02:00:00.000140667,2.843
2026-10-11 03:00:00.000140905,2.843
2026-10-11 04:00:00.000140905,2.843
2026-10-11 05:00:00.000141144,2.843
2026-10-11 06:00:00.000141144,2.843
2026-10-11 07:00:00.000141144,2.843
2026-10-11 08:00:00.000141382,2.843
2026-10-11 09:00:00.000141382,2.843
2026-10-11 10:00:00.000141621,2.843
2026-10-11 11:00:00.000141621,2.843
2026-10-11 12:00:00.000141859,2.843
2026-10-11 13:00:00.000141859,2.843
2026-10-11 14:00:00.000141859,2.843
2026-10-11 15:00:00.000142097,2.843
2026-10-11 16:00:00.000142097,2.843
2026-10-11 17:00:00.000142336,2.843
2026-10-11 18:00:00.000142336,2.843
2026-10-11 19:00:00.000142574,2.843
2026-10-11 20:00:00.000142574,2.843
2026-10-11 21:00:00.000142813,2.843
2026-10-11 22:00:00.000142813,2.843
2026-10-11 23:00:00.000142813,2.843
2026-10-12 00:00:00.000143051,2.8346
2026-10-12 01:00:00.000143051,2.8346
2026-10-12 02:00:00.000143290,2.8346
2026-10-12 03:00:00.000143290,2.8346
2026-10-12 04:00:00.000143528,2.8346
2026-10-12 05:00:00.000143528,2.8346
2026-10-12 06:00:00.000143528,2.8346
2026-10-12 07:00:00.000143766,2.8346
2026-10-12 08:00:00.000143766,2.8346
2026-10-12 09:00:00.000144005,2.8346
2026-10-12 10:00:00.000144005,2.8346
2026-10-12 11:00:00.000144243,2.8346
2026-10-12 12:00:00.000144243,2.8346
2026-10-12 13:00:00.000144482,2.8346
2026-10-12 14:00:00.000144482,2.8346
2026-10-12 15:00:00.000144482,2.8346
2026-10-12 16:00:00.000144720,2.8346
2026-10-12 17:00:00.000144720,2.8346
2026-10-12 18:00:00.000144958,2.8346
2026-10-12 19:00:00.000144958,2.8346
2026-10-12 20:00:00.000145197,2.8346
2026-10-12 21:00:00.000145197,2.8346
2026-10-12 22:00:00.000145435,2.8346
2026-10-12 23:00:00.000145435,2.8346
2026-10-13 00:00:00.000145435,2.8262
2026-10-13 01:00:00.000145674,2.8262
2026-10-13 02:00:00.000145674,2.8262
2026-10-13 03:00:00.000145912,2.8262
2026-10-13 04:00:00.000145912,2.8262
2026-10-13 05:00:00.000146151,2.8262
2026-10-13 06:00:00.000146151,2.8262
2026-10-13 07:00:00.000146151,2.8262
2026-10-13 08:00:00.000146389,2.8262
2026-10-13 09:00:00.000146389,2.8262
2026-10-13 10:00:00.000146627,2.8262
2026-10-13 11:00:00.000146627,2.8262
2026-10-13 12:00:00.000146866,2.8262
2026-10-13 13:00:00.000146866,2.8262
2026-10-13 14:00:00.000147104,2.8262
2026-10-13 15:00:00.000147104,2.8262
2026-10-13 16:00:00.000147104,2.8262
2026-10-13 17:00:00.000147343,2.8262
2026-10-13 18:00:00.000147343,2.8262
2026-10-13 19:00:00.000147581,2.8262
2026-10-13 20:00:00.000147581,2.8262
2026-10-13 21:00:00.000147820,2.8262
2026-10-13 22:00:00.000147820,2.8262
2026-10-13 23:00:00.000148058,2.8262
2026-10-14 00:00:00.000148058,2.8179
2026-10-14 01:00:00.000148058,2.8179
2026-10-14 02:00:00.000148296,2.8179
2026-10-14 03:00:00.000148296,2.8179
2026-10-14 04:00:00.000148535,2.8179
2026-10-14 05:00:00.000148535,2.8179
2026-10-14 06:00:00.000148773,2.8179
2026-10-14 07:00:00.000148773,2.8179
2026-10-14 08:00:00.000148773,2.8179
2026-10-14 09:00:00.000149012,2.8179
2026-10-14 10:00:00.000149012,2.8179
2026-10-14 11:00:00.000149250,2.8179
2026-10-14 12:00:00.000149250,2.8179
2026-10-14 13:00:00.000149488,2.8179
2026-10-14 14:00:00.000149488,2.8179
2026-10-14 15:00:00.000149727,2.8179
2026-10-14 16:00:00.000149727,2.8179
2026-10-14 17:00:00.000149727,2.8179
2026-10-14 18:00:00.000149965,2.8179
2026-10-14 19:00:00.000149965,2.8179
2026-10-14 20:00:00.000150204,2.8179
2026-10-14 21:00:00.000150204,2.8179
2026-10-14 22:00:00.000150442,2.8179
2026-10-14 23:00:00.000150442,2.8179
2026-10-15 00:00:00.000150442,2.8095
2026-10-15 01:00:00.000150681,2.8095
2026-10-15 02:00:00.000150681,2.8095
2026-10-15 03:00:00.000150919,2.8095
2026-10-15 04:00:00.000150919,2.8095
2026-10-15 05:00:00.000151157,2.8095
2026-10-15 06:00:00.000151157,2.8095
2026-10-15 07:00:00.000151396,2.8095
2026-10-15 08:00:00.000151396,2.8095
2026-10-15 09:00:00.000151396,2.8095
2026-10-15 10:00:00.000151634,2.8095
2026-10-15 11:00:00.000151634,2.8095
2026-10-15 12:00:00.000151873,2.8095
2026-10-15 13:00:00.000151873,2.8095
2026-10-15 14:00:00.000152111,2.8095
2026-10-15 15:00:00.000152111,2.8095
2026-10-15 16:00:00.000152349,2.8095
2026-10-15 17:00:00.000152349,2.8095
2026-10-15 18:00:00.000152349,2.8095
2026-10-15 19:00:00.000152588,2.8095
2026-10-15 20:00:00.000152588,2.8095
2026-10-15 21:00:00.000152826,2.8095
2026-10-15 22:00:00.000152826,2.8095
2026-10-15 23:00:00.000153065,2.8095
2026-10-16 00:00:00.000153065,2.8011
2026-10-16 01:00:00.000153065,2.8011
2026-10-16 02:00:00.000153303,2.8011
2026-10-16 03:00:00.000153303,2.8011
2026-10-16 04:00:00.000153542,2.8011
2026-10-16 05:00:00.000153542,2.8011
2026-10-16 06:00:00.000153780,2.8011
2026-10-16 07:00:00.000153780,2.8011
2026-10-16 08:00:00.000154018,2.8011
2026-10-16 09:00:00.000154018,2.8011
2026-10-16 10:00:00.000154018,2.8011
2026-10-16 11:00:00.000154257,2.8011
2026-10-16 12:00:00.000154257,2.8011
2026-10-16 13:00:00.000154495,2.8011
2026-10-16 14:00:00.000154495,2.8011
2026-10-16 15:00:00.000154734,2.8011
2026-10-16 16:00:00.000154734,2.8011
2026-10-16 17:00:00.000154972,2.8011
2026-10-16 18:00:00.000154972,2.8011
2026-10-16 19:00:00.000154972,2.8011
2026-10-16 20:00:00.000155210,2.8011
2026-10-16 21:00:00.000155210,2.8011
2026-10-16 22:00:00.000155449,2.8011
2026-10-16 23:00:00.000155449,2.8011
2026-10-17 00:00:00.000155687,2.7928
2026-10-17 01:00:00.000155687,2.7928
2026-10-17 02:00:00.000155687,2.7928
2026-10-17 03:00:00.000155926,2.7928
2026-10-17 04:00:00.000155926,2.7928
2026-10-17 05:00:00.000156164,2.7928
2026-10-17 06:00:00.000156164,2.7928
2026-10-17 07:00:00.000156403,2.7928
2026-10-17 08:00:00.000156403,2.7928
2026-10-17 09:00:00.000156641,2.7928
2026-10-17 10:00:00.000156641,2.7928
2026-10-17 11:00:00.000156641,2.7928
2026-10-17 12:00:00.000156879,2.7928
2026-10-17 13:00:00.000156879,2.7928
2026-10-17 14:00:00.000157118,2.7928
2026-10-17 15:00:00.000157118,2.7928
2026-10-17 16:00:00.000157356,2.7928
2026-10-17 17:00:00.000157356,2.7928
2026-10-17 18:00:00.000157356,2.7928
2026-10-17 19:00:00.000157595,2.7928
2026-10-17 20:00:00.000157595,2.7928
2026-10-17 21:00:00.000157833,2.7928
2026-10-17 22:00:00.000157833,2.7928
2026-10-17 23:00:00.000158072,2.7928
2026-10-18 00:00:00.000158072,2.7843
2026-10-18 01:00:00.000158310,2.7843
2026-10-18 02:00:00.000158310,2.7843
2026-10-18 03:00:00.000158310,2.7843
2026-10-18 04:00:00.000158548,2.7843
2026-10-18 05:00:00.000158548,2.7843
2026-10-18 06:00:00.000158787,2.7843
2026-10-18 07:00:00.000158787,2.7843
2026-10-18 08:00:00.000159025,2.7843
2026-10-18 09:00:00.000159025,2.7843
2026-10-18 10:00:00.000159264,2.7843
2026-10-18 11:00:00.000159264,2.7843
2026-10-18 12:00:00.000159264,2.7843
2026-10-18 13:00:00.000159502,2.7843
2026-10-18 14:00:00.000159502,2.7843
2026-10-18 15:00:00.000159740,2.7843
2026-10-18 16:00:00.000159740,2.7843
2026-10-18 17:00:00.000159979,2.7843
2026-10-18 18:00:00.000159979,2.7843
2026-10-18 19:00:00.000159979,2.7843
2026-10-18 20:00:00.000160217,2.7843
2026-10-18 21:00:00.000160217,2.7843
2026-10-18 22:00:00.000160456,2.7843
2026-10-18 23:00:00.000160456,2.7843
2026-10-19 00:00:00.000160694,2.776
2026-10-19 01:00:00.000160694,2.776
2026-10-19 02:00:00.000160933,2.776
2026-10-19 03:00:00.000160933,2.776
2026-10-19 04:00:00.000160933,2.776
2026-10-19 05:00:00.000161171,2.776
2026-10-19 06:00:00.000161171,2.776
2026-10-19 07:00:00.000161409,2.776
2026-10-19 08:00:00.000161409,2.776
2026-10-19 09:00:00.000161648,2.776
2026-10-19 10:00:00.000161648,2.776
2026-10-19 11:00:00.000161886,2.776
2026-10-19 12:00:00.000161886,2.776
2026-10-19 13:00:00.000161886,2.776
2026-10-19 14:00:00.000162125,2.776
2026-10-19 15:00:00.000162125,2.776
2026-10-19 16:00:00.000162363,2.776
2026-10-19 17:00:00.000162363,2.776
2026-10-19 18:00:00.000162601,2.776
2026-10-19 19:00:00.000162601,2.776
2026-10-19 20:00:00.000162601,2.776
2026-10-19 21:00:00.000162840,2.776
2026-10-19 22:00:00.000162840,2.776
2026-10-19 23:00:00.000163078,2.776
2026-10-20 00:00:00.000163078,2.7676
2026-10-20 01:00:00.000163317,2.7676
2026-10-20 02:00:00.000163317,2.7676
2026-10-20 03:00:00.000163555,2.7676
2026-10-20 04:00:00.000163555,2.7676
2026-10-20 05:00:00.000163555,2.7676
2026-10-20 06:00:00.000163794,2.7676
2026-10-20 07:00:00.000163794,2.7676
2026-10-20 08:00:00.000164032,2.7676
2026-10-20 09:00:00.000164032,2.7676
2026-10-20 10:00:00.000164270,2.7676
2026-10-20 11:00:00.000164270,2.7676
2026-10-20 12:00:00.000164509,2.7676
2026-10-20 13:00:00.000164509,2.7676
2026-10-20 14:00:00.000164509,2.7676
2026-10-20 15:00:00.000164747,2.7676
2026-10-20 16:00:00.000164747,2.7676
2026-10-20 17:00:00.000164986,2.7676
2026-10-20 18:00:00.000164986,2.7676
2026-10-20 19:00:00.000165224,2.7676
2026-10-20 20:00:00.000165224,2.7676
2026-10-20 21:00:00.000165224,2.7676
2026-10-20 22:00:00.000165462,2.7676
2026-10-20 23:00:00.000165462,2.7676
2026-10-21 00:00:00.000165701,2.7592
2026-10-21 01:00:00.000165701,2.7592
2026-10-21 02:00:00.000165939,2.7592
2026-10-21 03:00:00.000165939,2.7592
2026-10-21 04:00:00.000166178,2.7592
2026-10-21 05:00:00.000166178,2.7592
2026-10-21 06:00:00.000166178,2.7592
2026-10-21 07:00:00.000166416,2.7592
2026-10-21 08:00:00.000166416,2.7592
2026-10-21 09:00:00.000166655,2.7592
2026-10-21 10:00:00.000166655,2.7592
2026-10-21 11:00:00.000166893,2.7592
2026-10-21 12:00:00.000166893,2.7592
2026-10-21 13:00:00.000166893,2.7592
2026-10-21 14:00:00.000167131,2.7592
2026-10-21 15:00:00.000167131,2.7592
2026-10-21 16:00:00.000167370,2.7592
2026-10-21 17:00:00.000167370,2.7592
2026-10-21 18:00:00.000167608,2.7592
2026-10-21 19:00:00.000167608,2.7592
2026-10-21 20:00:00.000167847,2.7592
2026-10-21 21:00:00.000167847,2.7592
2026-10-21 22:00:00.000167847,2.7592
2026-10-21 23:00:00.000168085,2.7592
2026-10-22 00:00:00.000168085,2.7509
2026-10-22 01:00:00.000168324,2.7509
2026-10-22 02:00:00.000168324,2.7509
2026-10-22 03:00:00.000168562,2.7509
2026-10-22 04:00:00.000168562,2.7509
2026-10-22 05:00:00.000168800,2.7509
2026-10-22 06:00:00.000168800,2.7509
2026-10-22 07:00:00.000168800,2.7509
2026-10-22 08:00:00.000169039,2.7509
2026-10-22 09:00:00.000169039,2.7509
2026-10-22 10:00:00.000169277,2.7509
2026-10-22 11:00:00.000169277,2.7509
2026-10-22 12:00:00.000169516,2.7509
2026-10-22 13:00:00.000169516,2.7509
2026-10-22 14:00:00.000169516,2.7509
2026-10-22 15:00:00.000169754,2.7509
2026-10-22 16:00:00.000169754,2.7509
2026-10-22 17:00:00.000169992,2.7509
2026-10-22 18:00:00.000169992,2.7509
2026-10-22 19:00:00.000170231,2.7509
2026-10-22 20:00:00.000170231,2.7509
2026-10-22 21:00:00.000170469,2.7509
2026-10-22 22:00:00.000170469,2.7509
2026-10-22 23:00:00.000170469,2.7509
2026-10-23 00:00:00.000170708,2.7424
2026-10-23 01:00:00.000170708,2.7424
2026-10-23 02:00:00.000170946,2.7424
2026-10-23 03:00:00.000170946,2.7424
2026-10-23 04:00:00.000171185,2.7424
2026-10-23 05:00:00.000171185,2.7424
2026-10-23 06:00:00.000171423,2.7424
2026-10-23 07:00:00.000171423,2.7424
2026-10-23 08:00:00.000171423,2.7424
2026-10-23 09:00:00.000171661,2.7424
2026-10-23 10:00:00.000171661,2.7424
2026-10-23 11:00:00.000171900,2.7424
2026-10-23 12:00:00.000171900,2.7424
2026-10-23 13:00:00.000172138,2.7424
2026-10-23 14:00:00.000172138,2.7424
2026-10-23 15:00:00.000172138,2.7424
2026-10-23 16:00:00.000172377,2.7424
2026-10-23 17:00:00.000172377,2.7424
2026-10-23 18:00:00.000172615,2.7424
2026-10-23 19:00:00.000172615,2.7424
2026-10-23 20:00:00.000172853,2.7424
2026-10-23 21:00:00.000172853,2.7424
2026-10-23 22:00:00.000173092,2.7424
2026-10-23 23:00:00.000173092,2.7424
2026-10-24 00:00:00.000173092,2.7341
2026-10-24 01:00:00.000173330,2.7341
2026-10-24 02:00:00.000173330,2.7341
2026-10-24 03:00:00.000173569,2.7341
2026-10-24 04:00:00.000173569,2.7341
2026-10-24 05:00:00.000173807,2.7341
2026-10-24 06:00:00.000173807,2.7341
2026-10-24 07:00:00.000173807,2.7341
2026-10-24 08:00:00.000174046,2.7341
2026-10-24 09:00:00.000174046,2.7341
2026-10-24 10:00:00.000174284,2.7341
2026-10-24 11:00:00.000174284,2.7341
2026-10-24 12:00:00.000174522,2.7341
2026-10-24 13:00:00.000174522,2.7341
2026-10-24 14:00:00.000174761,2.7341
2026-10-24 15:00:00.000174761,2.7341
2026-10-24 16:00:00.000174761,2.7341
2026-10-24 17:00:00.000174999,2.7341
2026-10-24 18:00:00.000174999,2.7341
2026-10-24 19:00:00.000175238,2.7341
2026-10-24 20:00:00.000175238,2.7341
2026-10-24 21:00:00.000175476,2.7341
2026-10-24 22:00:00.000175476,2.7341
2026-10-24 23:00:00.000175714,2.7341
2026-10-25 00:00:00.000175714,2.7257
2026-10-25 01:00:00.000175714,2.7257
2026-10-25 02:00:00.000175953,2.7257
2026-10-25 03:00:00.000175953,2.7257
2026-10-25 04:00:00.000176191,2.7257
2026-10-25 05:00:00.000176191,2.7257
2026-10-25 06:00:00.000176430,2.7257
2026-10-25 07:00:00.000176430,2.7257
2026-10-25 08:00:00.000176430,2.7257
2026-10-25 09:00:00.000176668,2.7257
2026-10-25 10:00:00.000176668,2.7257
2026-10-25 11:00:00.000176907,2.7257
2026-10-25 12:00:00.000176907,2.7257
2026-10-25 13:00:00.000177145,2.7257
2026-10-25 14:00:00.000177145,2.7257
2026-10-25 15:00:00.000177383,2.7257
2026-10-25 16:00:00.000177383,2.7257
2026-10-25 17:00:00.000177383,2.7257
2026-10-25 18:00:00.000177622,2.7257
2026-10-25 19:00:00.000177622,2.7257
2026-10-25 20:00:00.000177860,2.7257
2026-10-25 21:00:00.000177860,2.7257
2026-10-25 22:00:00.000178099,2.7257
2026-10-25 23:00:00.000178099,2.7257
2026-10-26 00:00:00.000178337,2.7173
2026-10-26 01:00:00.000178337,2.7173
2026-10-26 02:00:00.000178337,2.7173
2026-10-26 03:00:00.000178576,2.7173
2026-10-26 04:00:00.000178576,2.7173
2026-10-26 05:00:00.000178814,2.7173
2026-10-26 06:00:00.000178814,2.7173
2026-10-26 07:00:00.000179052,2.7173
2026-10-26 08:00:00.000179052,2.7173
2026-10-26 09:00:00.000179052,2.7173
2026-10-26 10:00:00.000179291,2.7173
2026-10-26 11:00:00.000179291,2.7173
2026-10-26 12:00:00.000179529,2.7173
2026-10-26 13:00:00.000179529,2.7173
2026-10-26 14:00:00.000179768,2.7173
2026-10-26 15:00:00.000179768,2.7173
2026-10-26 16:00:00.000180006,2.7173
2026-10-26 17:00:00.000180006,2.7173
2026-10-26 18:00:00.000180006,2.7173
2026-10-26 19:00:00.000180244,2.7173
2026-10-26 20:00:00.000180244,2.7173
2026-10-26 21:00:00.000180483,2.7173
2026-10-26 22:00:00.000180483,2.7173
2026-10-26 23:00:00.000180721,2.7173
2026-10-27 00:00:00.000180721,2.709
2026-10-27 01:00:00.000180721,2.709
2026-10-27 02:00:00.000180960,2.709
2026-10-27 03:00:00.000180960,2.709
2026-10-27 04:00:00.000181198,2.709
2026-10-27 05:00:00.000181198,2.709
2026-10-27 06:00:00.000181437,2.709
2026-10-27 07:00:00.000181437,2.709
2026-10-27 08:00:00.000181675,2.709
2026-10-27 09:00:00.000181675,2.709
2026-10-27 10:00:00.000181675,2.709
2026-10-27 11:00:00.000181913,2.709
2026-10-27 12:00:00.000181913,2.709
2026-10-27 13:00:00.000182152,2.709
2026-10-27 14:00:00.000182152,2.709
2026-10-27 15:00:00.000182390,2.709
2026-10-27 16:00:00.000182390,2.709
2026-10-27 17:00:00.000182629,2.709
2026-10-27 18:00:00.000182629,2.709
2026-10-27 19:00:00.000182629,2.709
2026-10-27 20:00:00.000182867,2.709
2026-10-27 21:00:00.000182867,2.709
2026-10-27 22:00:00.000183105,2.709
2026-10-27 23:00:00.000183105,2.709
2026-10-28 00:00:00.000183344,2.7005
2026-10-28 01:00:00.000183344,2.7005
2026-10-28 02:00:00.000183344,2.7005
2026-10-28 03:00:00.000183582,2.7005
2026-10-28 04:00:00.000183582,2.7005
2026-10-28 05:00:00.000183821,2.7005
2026-10-28 06:00:00.000183821,2.7005
2026-10-28 07:00:00.000184059,2.7005
2026-10-28 08:00:00.000184059,2.7005
2026-10-28 09:00:00.000184298,2.7005
2026-10-28 10:00:00.000184298,2.7005
2026-10-28 11:00:00.000184298,2.7005
2026-10-28 12:00:00.000184536,2.7005
2026-10-28 13:00:00.000184536,2.7005
2026-10-28 14:00:00.000184774,2.7005
2026-10-28 15:00:00.000184774,2.7005
2026-10-28 16:00:00.000185013,2.7005
2026-10-28 17:00:00.000185013,2.7005
2026-10-28 18:00:00.000185251,2.7005
2026-10-28 19:00:00.000185251,2.7005
2026-10-28 20:00:00.000185251,2.7005
2026-10-28 21:00:00.000185490,2.7005
2026-10-28 22:00:00.000185490,2.7005
2026-10-28 23:00:00.000185728,2.7005
2026-10-29 00:00:00.000185728,2.6922
2026-10-29 01:00:00.000185966,2.6922
2026-10-29 02:00:00.000185966,2.6922
2026-10-29 03:00:00.000185966,2.6922
2026-10-29 04:00:00.000186205,2.6922
2026-10-29 05:00:00.000186205,2.6922
2026-10-29 06:00:00.000186443,2.6922
2026-10-29 07:00:00.000186443,2.6922
2026-10-29 08:00:00.000186682,2.6922
2026-10-29 09:00:00.000186682,2.6922
2026-10-29 10:00:00.000186920,2.6922
2026-10-29 11:00:00.000186920,2.6922
2026-10-29 12:00:00.000186920,2.6922
2026-10-29 13:00:00.000187159,2.6922
2026-10-29 14:00:00.000187159,2.6922
2026-10-29 15:00:00.000187397,2.6922
2026-10-29 16:00:00.000187397,2.6922
2026-10-29 17:00:00.000187635,2.6922
2026-10-29 18:00:00.000187635,2.6922
2026-10-29 19:00:00.000187874,2.6922
2026-10-29 20:00:00.000187874,2.6922
2026-10-29 21:00:00.000187874,2.6922
2026-10-29 22:00:00.000188112,2.6922
2026-10-29 23:00:00.000188112,2.6922
2026-10-30 00:00:00.000188351,2.6838
2026-10-30 01:00:00.000188351,2.6838
2026-10-30 02:00:00.000188589,2.6838
2026-10-30 03:00:00.000188589,2.6838
2026-10-30 04:00:00.000188589,2.6838
2026-10-30 05:00:00.000188828,2.6838
2026-10-30 06:00:00.000188828,2.6838
2026-10-30 07:00:00.000189066,2.6838
2026-10-30 08:00:00.000189066,2.6838
2026-10-30 09:00:00.000189304,2.6838
2026-10-30 10:00:00.000189304,2.6838
2026-10-30 11:00:00.000189543,2.6838
2026-10-30 12:00:00.000189543,2.6838
2026-10-30 13:00:00.000189543,2.6838
2026-10-30 14:00:00.000189781,2.6838
2026-10-30 15:00:00.000189781,2.6838
2026-10-30 16:00:00.000190020,2.6838
2026-10-30 17:00:00.000190020,2.6838
2026-10-30 18:00:00.000190258,2.6838
2026-10-30 19:00:00.000190258,2.6838
2026-10-30 20:00:00.000190258,2.6838
2026-10-30 21:00:00.000190496,2.6838
2026-10-30 22:00:00.000190496,2.6838
2026-10-30 23:00:00.000190735,2.6838
2026-10-31 00:00:00.000190735,2.6754
2026-10-31 01:00:00.000190973,2.6754
2026-10-31 02:00:00.000190973,2.6754
2026-10-31 03:00:00.000191212,2.6754
2026-10-31 04:00:00.000191212,2.6754
2026-10-31 05:00:00.000191212,2.6754
2026-10-31 06:00:00.000191450,2.6754
2026-10-31 07:00:00.000191450,2.6754
2026-10-31 08:00:00.000191689,2.6754
2026-10-31 09:00:00.000191689,2.6754
2026-10-31 10:00:00.000191927,2.6754
2026-10-31 11:00:00.000191927,2.6754
2026-10-31 12:00:00.000192165,2.6754
2026-10-31 13:00:00.000192165,2.6754
2026-10-31 14:00:00.000192165,2.6754
2026-10-31 15:00:00.000192404,2.6754
2026-10-31 16:00:00.000192404,2.6754
2026-10-31 17:00:00.000192642,2.6754
2026-10-31 18:00:00.000192642,2.6754
2026-10-31 19:00:00.000192881,2.6754
2026-10-31 20:00:00.000192881,2.6754
2026-10-31 21:00:00.000192881,2.6754
2026-10-31 22:00:00.000193119,2.6754
2026-10-31 23:00:00.000193119,2.6754
2026-11-01 00:00:00.000193357,2.667
2026-11-01 01:00:00.000193357,2.667
2026-11-01 02:00:00.000193596,2.667
2026-11-01 03:00:00.000193596,2.667
2026-11-01 04:00:00.000193834,2.667
2026-11-01 05:00:00.000193834,2.667
2026-11-01 06:00:00.000193834,2.667
2026-11-01 07:00:00.000194073,2.667
2026-11-01 08:00:00.000194073,2.667
2026-11-01 09:00:00.000194311,2.667
2026-11-01 10:00:00.000194311,2.667
2026-11-01 11:00:00.000194550,2.667
2026-11-01 12:00:00.000194550,2.667
2026-11-01 13:00:00.000194788,2.667
2026-11-01 14:00:00.000194788,2.667
2026-11-01 15:00:00.000194788,2.667
2026-11-01 16:00:00.000195026,2.667
2026-11-01 17:00:00.000195026,2.667
2026-11-01 18:00:00.000195265,2.667
2026-11-01 19:00:00.000195265,2.667
2026-11-01 20:00:00.000195503,2.667
2026-11-01 21:00:00.000195503,2.667
2026-11-01 22:00:00.000195503,2.667
2026-11-01 23:00:00.000195742,2.667
2026-11-02 00:00:00.000195742,2.6587
2026-11-02 01:00:00.000195980,2.6587
2026-11-02 02:00:00.000195980,2.6587
2026-11-02 03:00:00.000196218,2.6587
2026-11-02 04:00:00.000196218,2.6587
2026-11-02 05:00:00.000196457,2.6587
2026-11-02 06:00:00.000196457,2.6587
2026-11-02 07:00:00.000196457,2.6587
2026-11-02 08:00:00.000196695,2.6587
2026-11-02 09:00:00.000196695,2.6587
2026-11-02 10:00:00.000196934,2.6587
2026-11-02 11:00:00.000196934,2.6587
2026-11-02 12:00:00.000197172,2.6587
2026-11-02 13:00:00.000197172,2.6587
2026-11-02 14:00:00.000197172,2.6587
2026-11-02 15:00:00.000197411,2.6587
2026-11-02 16:00:00.000197411,2.6587
2026-11-02 17:00:00.000197649,2.6587
2026-11-02 18:00:00.000197649,2.6587
2026-11-02 19:00:00.000197887,2.6587
2026-11-02 20:00:00.000197887,2.6587
2026-11-02 21:00:00.000198126,2.6587
2026-11-02 22:00:00.000198126,2.6587
2026-11-02 23:00:00.000198126,2.6587
2026-11-03 00:00:00.000198364,2.6503
2026-11-03 01:00:00.000198364,2.6503
2026-11-03 02:00:00.000198603,2.6503
2026-11-03 03:00:00.000198603,2.6503
2026-11-03 04:00:00.000198841,2.6503
2026-11-03 05:00:00.000198841,2.6503
2026-11-03 06:00:00.000199080,2.6503
2026-11-03 07:00:00.000199080,2.6503
2026-11-03 08:00:00.000199080,2.6503
2026-11-03 09:00:00.000199318,2.6503
2026-11-03 10:00:00.000199318,2.6503
2026-11-03 11:00:00.000199556,2.6503
2026-11-03 12:00:00.000199556,2.6503
2026-11-03 13:00:00.000199795,2.6503
2026-11-03 14:00:00.000199795,2.6503
2026-11-03 15:00:00.000199795,2.6503
2026-11-03 16:00:00.000200033,2.6503
2026-11-03 17:00:00.000200033,2.6503
2026-11-03 18:00:00.000200272,2.6503
2026-11-03 19:00:00.000200272,2.6503
2026-11-03 20:00:00.000200510,2.6503
2026-11-03 21:00:00.000200510,2.6503
2026-11-03 22:00:00.000200748,2.6503
2026-11-03 23:00:00.000200748,2.6503
2026-11-04 00:00:00.000200748,2.6419
2026-11-04 01:00:00.000200987,2.6419
2026-11-04 02:00:00.000200987,2.6419
2026-11-04 03:00:00.000201225,2.6419
2026-11-04 04:00:00.000201225,2.6419
2026-11-04 05:00:00.000201464,2.6419
2026-11-04 06:00:00.000201464,2.6419
2026-11-04 07:00:00.000201702,2.6419
2026-11-04 08:00:00.000201702,2.6419
2026-11-04 09:00:00.000201702,2.6419
2026-11-04 10:00:00.000201941,2.6419
2026-11-04 11:00:00.000201941,2.6419
2026-11-04 12:00:00.000202179,2.6419
2026-11-04 13:00:00.000202179,2.6419
2026-11-04 14:00:00.000202417,2.6419
2026-11-04 15:00:00.000202417,2.6419
2026-11-04 16:00:00.000202417,2.6419
2026-11-04 17:00:00.000202656,2.6419
2026-11-04 18:00:00.000202656,2.6419
2026-11-04 19:00:00.000202894,2.6419
2026-11-04 20:00:00.000202894,2.6419
2026-11-04 21:00:00.000203133,2.6419
2026-11-04 22:00:00.000203133,2.6419
2026-11-04 23:00:00.000203371,2.6419
2026-11-05 00:00:00.000203371,2.6335
2026-11-05 01:00:00.000203371,2.6335
2026-11-05 02:00:00.000203609,2.6335
2026-11-05 03:00:00.000203609,2.6335
2026-11-05 04:00:00.000203848,2.6335
2026-11-05 05:00:00.000203848,2.6335
2026-11-05 06:00:00.000204086,2.6335
2026-11-05 07:00:00.000204086,2.6335
2026-11-05 08:00:00.000204086,2.6335
2026-11-05 09:00:00.000204325,2.6335
2026-11-05 10:00:00.000204325,2.6335
2026-11-05 11:00:00.000204563,2.6335
2026-11-05 12:00:00.000204563,2.6335
2026-11-05 13:00:00.000204802,2.6335
2026-11-05 14:00:00.000204802,2.6335
2026-11-05 15:00:00.000205040,2.6335
2026-11-05 16:00:00.000205040,2.6335
2026-11-05 17:00:00.000205040,2.6335
2026-11-05 18:00:00.000205278,2.6335
2026-11-05 19:00:00.000205278,2.6335
2026-11-05 20:00:00.000205517,2.6335
2026-11-05 21:00:00.000205517,2.6335
2026-11-05 22:00:00.000205755,2.6335
2026-11-05 23:00:00.000205755,2.6335
2026-11-06 00:00:00.000205994,2.6251
2026-11-06 01:00:00.000205994,2.6251
2026-11-06 02:00:00.000205994,2.6251
2026-11-06 03:00:00.000206232,2.6251
2026-11-06 04:00:00.000206232,2.6251
2026-11-06 05:00:00.000206470,2.6251
2026-11-06 06:00:00.000206470,2.6251
2026-11-06 07:00:00.000206709,2.6251
2026-11-06 08:00:00.000206709,2.6251
2026-11-06 09:00:00.000206709,2.6251
2026-11-06 10:00:00.000206947,2.6251
2026-11-06 11:00:00.000206947,2.6251
2026-11-06 12:00:00.000207186,2.6251
2026-11-06 13:00:00.000207186,2.6251
2026-11-06 14:00:00.000207424,2.6251
2026-11-06 15:00:00.000207424,2.6251
2026-11-06 16:00:00.000207663,2.6251
2026-11-06 17:00:00.000207663,2.6251
2026-11-06 18:00:00.000207663,2.6251
2026-11-06 19:00:00.000207901,2.6251
2026-11-06 20:00:00.000207901,2.6251
2026-11-06 21:00:00.000208139,2.6251
2026-11-06 22:00:00.000208139,2.6251
2026-11-06 23:00:00.000208378,2.6251
2026-11-07 00:00:00.000208378,2.6168
2026-11-07 01:00:00.000208616,2.6168
2026-11-07 02:00:00.000208616,2.6168
2026-11-07 03:00:00.000208616,2.6168
2026-11-07 04:00:00.000208855,2.6168
2026-11-07 05:00:00.000208855,2.6168
2026-11-07 06:00:00.000209093,2.6168
2026-11-07 07:00:00.000209093,2.6168
2026-11-07 08:00:00.000209332,2.6168
2026-11-07 09:00:00.000209332,2.6168
2026-11-07 10:00:00.000209332,2.6168
2026-11-07 11:00:00.000209570,2.6168
2026-11-07 12:00:00.000209570,2.6168
2026-11-07 13:00:00.000209808,2.6168
2026-11-07 14:00:00.000209808,2.6168
2026-11-07 15:00:00.000210047,2.6168
2026-11-07 16:00:00.000210047,2.6168
2026-11-07 17:00:00.000210285,2.6168
2026-11-07 18:00:00.000210285,2.6168
2026-11-07 19:00:00.000210285,2.6168
2026-11-07 20:00:00.000210524,2.6168
2026-11-07 21:00:00.000210524,2.6168
2026-11-07 22:00:00.000210762,2.6168
2026-11-07 23:00:00.000210762,2.6168
2026-11-08 00:00:00.000211000,2.6084
2026-11-08 01:00:00.000211000,2.6084
2026-11-08 02:00:00.000211000,2.6084
2026-11-08 03:00:00.000211239,2.6084
2026-11-08 04:00:00.000211239,2.6084
2026-11-08 05:00:00.000211477,2.6084
2026-11-08 06:00:00.000211477,2.6084
2026-11-08 07:00:00.000211716,2.6084
2026-11-08 08:00:00.000211716,2.6084
2026-11-08 09:00:00.000211954,2.6084
2026-11-08 10:00:00.000211954,2.6084
2026-11-08 11:00:00.000211954,2.6084
2026-11-08 12:00:00.000212193,2.6084
2026-11-08 13:00:00.000212193,2.6084
2026-11-08 14:00:00.000212431,2.6084
2026-11-08 15:00:00.000212431,2.6084
2026-11-08 16:00:00.000212669,2.6084
2026-11-08 17:00:00.000212669,2.6084
2026-11-08 18:00:00.000212908,2.6084
2026-11-08 19:00:00.000212908,2.6084
2026-11-08 20:00:00.000212908,2.6084
2026-11-08 21:00:00.000213146,2.6084
2026-11-08 22:00:00.000213146,2.6084
2026-11-08 23:00:00.000213385,2.6084
2026-11-09 00:00:00.000213385,2.6
2026-11-09 01:00:00.000213623,2.6
2026-11-09 02:00:00.000213623,2.6
2026-11-09 03:00:00.000213623,2.6
2026-11-09 04:00:00.000213861,2.6
2026-11-09 05:00:00.000213861,2.6
2026-11-09 06:00:00.000214100,2.6
2026-11-09 07:00:00.000214100,2.6
2026-11-09 08:00:00.000214338,2.6
2026-11-09 09:00:00.000214338,2.6
2026-11-09 10:00:00.000214577,2.6
2026-11-09 11:00:00.000214577,2.6
2026-11-09 12:00:00.000214577,2.6
2026-11-09 13:00:00.000214815,2.6
2026-11-09 14:00:00.000214815,2.6
2026-11-09 15:00:00.000215054,2.6
2026-11-09 16:00:00.000215054,2.6
2026-11-09 17:00:00.000215292,2.6
2026-11-09 18:00:00.000215292,2.6
2026-11-09 19:00:00.000215530,2.6
2026-11-09 20:00:00.000215530,2.6
2026-11-09 21:00:00.000215530,2.6
2026-11-09 22:00:00.000215769,2.6
2026-11-09 23:00:00.000215769,2.6
2026-11-10 00:00:00.000216007,2.5916
2026-11-10 01:00:00.000216007,2.5916
2026-11-10 02:00:00.000216246,2.5916
2026-11-10 03:00:00.000216246,2.5916
2026-11-10 04:00:00.000216246,2.5916
2026-11-10 05:00:00.000216484,2.5916
2026-11-10 06:00:00.000216484,2.5916
2026-11-10 07:00:00.000216722,2.5916
2026-11-10 08:00:00.000216722,2.5916
2026-11-10 09:00:00.000216961,2.5916
2026-11-10 10:00:00.000216961,2.5916
2026-11-10 11:00:00.000217199,2.5916
2026-11-10 12:00:00.000217199,2.5916
2026-11-10 13:00:00.000217199,2.5916
2026-11-10 14:00:00.000217438,2.5916
2026-11-10 15:00:00.000217438,2.5916
2026-11-10 16:00:00.000217676,2.5916
2026-11-10 17:00:00.000217676,2.5916
2026-11-10 18:00:00.000217915,2.5916
2026-11-10 19:00:00.000217915,2.5916
2026-11-10 20:00:00.000218153,2.5916
2026-11-10 21:00:00.000218153,2.5916
2026-11-10 22:00:00.000218153,2.5916
2026-11-10 23:00:00.000218391,2.5916
2026-11-11 00:00:00.000218391,2.5832
2026-11-11 01:00:00.000218630,2.5832
2026-11-11 02:00:00.000218630,2.5832
2026-11-11 03:00:00.000218868,2.5832
2026-11-11 04:00:00.000218868,2.5832
2026-11-11 05:00:00.000218868,2.5832
2026-11-11 06:00:00.000219107,2.5832
2026-11-11 07:00:00.000219107,2.5832
2026-11-11 08:00:00.000219345,2.5832
2026-11-11 09:00:00.000219345,2.5832
2026-11-11 10:00:00.000219584,2.5832
2026-11-11 11:00:00.000219584,2.5832
2026-11-11 12:00:00.000219822,2.5832
2026-11-11 13:00:00.000219822,2.5832
2026-11-11 14:00:00.000219822,2.5832
2026-11-11 15:00:00.000220060,2.5832
2026-11-11 16:00:00.000220060,2.5832
2026-11-11 17:00:00.000220299,2.5832
2026-11-11 18:00:00.000220299,2.5832
2026-11-11 19:00:00.000220537,2.5832
2026-11-11 20:00:00.000220537,2.5832
2026-11-11 21:00:00.000220537,2.5832
2026-11-11 22:00:00.000220776,2.5832
2026-11-11 23:00:00.000220776,2.5832
2026-11-12 00:00:00.000221014,2.5749
2026-11-12 01:00:00.000221014,2.5749
2026-11-12 02:00:00.000221252,2.5749
2026-11-12 03:00:00.000221252,2.5749
2026-11-12 04:00:00.000221491,2.5749
2026-11-12 05:00:00.000221491,2.5749
2026-11-12 06:00:00.000221491,2.5749
2026-11-12 07:00:00.000221729,2.5749
2026-11-12 08:00:00.000221729,2.5749
2026-11-12 09:00:00.000221968,2.5749
2026-11-12 10:00:00.000221968,2.5749
2026-11-12 11:00:00.000222206,2.5749
2026-11-12 12:00:00.000222206,2.5749
2026-11-12 13:00:00.000222445,2.5749
2026-11-12 14:00:00.000222445,2.5749
2026-11-12 15:00:00.000222445,2.5749
2026-11-12 16:00:00.000222683,2.5749
2026-11-12 17:00:00.000222683,2.5749
2026-11-12 18:00:00.000222921,2.5749
2026-11-12 19:00:00.000222921,2.5749
2026-11-12 20:00:00.000223160,2.5749
2026-11-12 21:00:00.000223160,2.5749
2026-11-12 22:00:00.000223160,2.5749
2026-11-12 23:00:00.000223398,2.5749
2026-11-13 00:00:00.000223398,2.5664
2026-11-13 01:00:00.000223637,2.5664
2026-11-13 02:00:00.000223637,2.5664
2026-11-13 03:00:00.000223875,2.5664
2026-11-13 04:00:00.000223875,2.5664
2026-11-13 05:00:00.000224113,2.5664
2026-11-13 06:00:00.000224113,2.5664
2026-11-13 07:00:00.000224113,2.5664
2026-11-13 08:00:00.000224352,2.5664
2026-11-13 09:00:00.000224352,2.5664
2026-11-13 10:00:00.000224590,2.5664
2026-11-13 11:00:00.000224590,2.5664
2026-11-13 12:00:00.000224829,2.5664
2026-11-13 13:00:00.000224829,2.5664
2026-11-13 14:00:00.000225067,2.5664
2026-11-13 15:00:00.000225067,2.5664
2026-11-13 16:00:00.000225067,2.5664
2026-11-13 17:00:00.000225306,2.5664
2026-11-13 18:00:00.000225306,2.5664
2026-11-13 19:00:00.000225544,2.5664
2026-11-13 20:00:00.000225544,2.5664
2026-11-13 21:00:00.000225782,2.5664
2026-11-13 22:00:00.000225782,2.5664
2026-11-13 23:00:00.000225782,2.5664
2026-11-14 00:00:00.000226021,2.5581
2026-11-14 01:00:00.000226021,2.5581
2026-11-14 02:00:00.000226259,2.5581
2026-11-14 03:00:00.000226259,2.5581
2026-11-14 04:00:00.000226498,2.5581
2026-11-14 05:00:00.000226498,2.5581
2026-11-14 06:00:00.000226736,2.5581
2026-11-14 07:00:00.000226736,2.5581
2026-11-14 08:00:00.000226736,2.5581
2026-11-14 09:00:00.000226974,2.5581
2026-11-14 10:00:00.000226974,2.5581
2026-11-14 11:00:00.000227213,2.5581
2026-11-14 12:00:00.000227213,2.5581
2026-11-14 13:00:00.000227451,2.5581
2026-11-14 14:00:00.000227451,2.5581
2026-11-14 15:00:00.000227451,2.5581
2026-11-14 16:00:00.000227690,2.5581
2026-11-14 17:00:00.000227690,2.5581
2026-11-14 18:00:00.000227928,2.5581
2026-11-14 19:00:00.000227928,2.5581
2026-11-14 20:00:00.000228167,2.5581
2026-11-14 21:00:00.000228167,2.5581
2026-11-14 22:00:00.000228405,2.5581
2026-11-14 23:00:00.000228405,2.5581
2026-11-15 00:00:00.000228405,2.5498
2026-11-15 01:00:00.000228643,2.5498
2026-11-15 02:00:00.000228643,2.5498
2026-11-15 03:00:00.000228882,2.5498
2026-11-15 04:00:00.000228882,2.5498
2026-11-15 05:00:00.000229120,2.5498
2026-11-15 06:00:00.000229120,2.5498
2026-11-15 07:00:00.000229359,2.5498
2026-11-15 08:00:00.000229359,2.5498
2026-11-15 09:00:00.000229359,2.5498
2026-11-15 10:00:00.000229597,2.5498
2026-11-15 11:00:00.000229597,2.5498
2026-11-15 12:00:00.000229836,2.5498
2026-11-15 13:00:00.000229836,2.5498
2026-11-15 14:00:00.000230074,2.5498
2026-11-15 15:00:00.000230074,2.5498
2026-11-15 16:00:00.000230074,2.5498
2026-11-15 17:00:00.000230312,2.5498
2026-11-15 18:00:00.000230312,2.5498
2026-11-15 19:00:00.000230551,2.5498
2026-11-15 20:00:00.000230551,2.5498
2026-11-15 21:00:00.000230789,2.5498
2026-11-15 22:00:00.000230789,2.5498
2026-11-15 23:00:00.000231028,2.5498
2026-11-16 00:00:00.000231028,2.5413
2026-11-16 01:00:00.000231028,2.5413
2026-11-16 02:00:00.000231266,2.5413
2026-11-16 03:00:00.000231266,2.5413
2026-11-16 04:00:00.000231504,2.5413
2026-11-16 05:00:00.000231504,2.5413
2026-11-16 06:00:00.000231743,2.5413
2026-11-16 07:00:00.000231743,2.5413
2026-11-16 08:00:00.000231981,2.5413
2026-11-16 09:00:00.000231981,2.5413
2026-11-16 10:00:00.000231981,2.5413
2026-11-16 11:00:00.000232220,2.5413
2026-11-16 12:00:00.000232220,2.5413
2026-11-16 13:00:00.000232458,2.5413
2026-11-16 14:00:00.000232458,2.5413
2026-11-16 15:00:00.000232697,2.5413
2026-11-16 16:00:00.000232697,2.5413
2026-11-16 17:00:00.000232697,2.5413
2026-11-16 18:00:00.000232935,2.5413
2026-11-16 19:00:00.000232935,2.5413
2026-11-16 20:00:00.000233173,2.5413
2026-11-16 21:00:00.000233173,2.5413
2026-11-16 22:00:00.000233412,2.5413
2026-11-16 23:00:00.000233412,2.5413
2026-11-17 00:00:00.000233650,2.533
2026-11-17 01:00:00.000233650,2.533
2026-11-17 02:00:00.000233650,2.533
2026-11-17 03:00:00.000233889,2.533
2026-11-17 04:00:00.000233889,2.533
2026-11-17 05:00:00.000234127,2.533
2026-11-17 06:00:00.000234127,2.533
2026-11-17 07:00:00.000234365,2.533
2026-11-17 08:00:00.000234365,2.533
2026-11-17 09:00:00.000234365,2.533
2026-11-17 10:00:00.000234604,2.533
2026-11-17 11:00:00.000234604,2.533
2026-11-17 12:00:00.000234842,2.533
2026-11-17 13:00:00.000234842,2.533
2026-11-17 14:00:00.000235081,2.533
2026-11-17 15:00:00.000235081,2.533
2026-11-17 16:00:00.000235319,2.533
2026-11-17 17:00:00.000235319,2.533
2026-11-17 18:00:00.000235319,2.533
2026-11-17 19:00:00.000235558,2.533
2026-11-17 20:00:00.000235558,2.533
2026-11-17 21:00:00.000235796,2.533
2026-11-17 22:00:00.000235796,2.533
2026-11-17 23:00:00.000236034,2.533
2026-11-18 00:00:00.000236034,2.5246
2026-11-18 01:00:00.000236273,2.5246
2026-11-18 02:00:00.000236273,2.5246
2026-11-18 03:00:00.000236273,2.5246
2026-11-18 04:00:00.000236511,2.5246
2026-11-18 05:00:00.000236511,2.5246
2026-11-18 06:00:00.000236750,2.5246
2026-11-18 07:00:00.000236750,2.5246
2026-11-18 08:00:00.000236988,2.5246
2026-11-18 09:00:00.000236988,2.5246
2026-11-18 10:00:00.000236988,2.5246
2026-11-18 11:00:00.000237226,2.5246
2026-11-18 12:00:00.000237226,2.5246
2026-11-18 13:00:00.000237465,2.5246
2026-11-18 14:00:00.000237465,2.5246
2026-11-18 15:00:00.000237703,2.5246
2026-11-18 16:00:00.000237703,2.5246
2026-11-18 17:00:00.000237942,2.5246
2026-11-18 18:00:00.000237942,2.5246
2026-11-18 19:00:00.000237942,2.5246
2026-11-18 20:00:00.000238180,2.5246
2026-11-18 21:00:00.000238180,2.5246
2026-11-18 22:00:00.000238419,2.5246
2026-11-18 23:00:00.000238419,2.5246
2026-11-19 00:00:00.000238657,2.5162
2026-11-19 01:00:00.000238657,2.5162
2026-11-19 02:00:00.000238895,2.5162
2026-11-19 03:00:00.000238895,2.5162
2026-11-19 04:00:00.000238895,2.5162
2026-11-19 05:00:00.000239134,2.5162
2026-11-19 06:00:00.000239134,2.5162
2026-11-19 07:00:00.000239372,2.5162
2026-11-19 08:00:00.000239372,2.5162
2026-11-19 09:00:00.000239611,2.5162
2026-11-19 10:00:00.000239611,2.5162
2026-11-19 11:00:00.000239611,2.5162
2026-11-19 12:00:00.000239849,2.5162
2026-11-19 13:00:00.000239849,2.5162
2026-11-19 14:00:00.000240088,2.5162
2026-11-19 15:00:00.000240088,2.5162
2026-11-19 16:00:00.000240326,2.5162
2026-11-19 17:00:00.000240326,2.5162
2026-11-19 18:00:00.000240564,2.5162
2026-11-19 19:00:00.000240564,2.5162
2026-11-19 20:00:00.000240564,2.5162
2026-11-19 21:00:00.000240803,2.5162
2026-11-19 22:00:00.000240803,2.5162
2026-11-19 23:00:00.000241041,2.5162
2026-11-20 00:00:00.000241041,2.5078
2026-11-20 01:00:00.000241280,2.5078
2026-11-20 02:00:00.000241280,2.5078
2026-11-20 03:00:00.000241280,2.5078
2026-11-20 04:00:00.000241518,2.5078
2026-11-20 05:00:00.000241518,2.5078
2026-11-20 06:00:00.000241756,2.5078
2026-11-20 07:00:00.000241756,2.5078
2026-11-20 08:00:00.000241995,2.5078
2026-11-20 09:00:00.000241995,2.5078
2026-11-20 10:00:00.000242233,2.5078
2026-11-20 11:00:00.000242233,2.5078
2026-11-20 12:00:00.000242233,2.5078
2026-11-20 13:00:00.000242472,2.5078
2026-11-20 14:00:00.000242472,2.5078
2026-11-20 15:00:00.000242710,2.5078
2026-11-20 16:00:00.000242710,2.5078
2026-11-20 17:00:00.000242949,2.5078
2026-11-20 18:00:00.000242949,2.5078
2026-11-20 19:00:00.000243187,2.5078
2026-11-20 20:00:00.000243187,2.5078
2026-11-20 21:00:00.000243187,2.5078
2026-11-20 22:00:00.000243425,2.5078
2026-11-20 23:00:00.000243425,2.5078
2026-11-21 00:00:00.000243664,2.4994
2026-11-21 01:00:00.000243664,2.4994
2026-11-21 02:00:00.000243902,2.4994
2026-11-21 03:00:00.000243902,2.4994
2026-11-21 04:00:00.000243902,2.4994
2026-11-21 05:00:00.000244141,2.4994
2026-11-21 06:00:00.000244141,2.4994
2026-11-21 07:00:00.000244379,2.4994
2026-11-21 08:00:00.000244379,2.4994
2026-11-21 09:00:00.000244616,2.4994
2026-11-21 10:00:00.000244616,2.4994
2026-11-21 11:00:00.000244856,2.4994
2026-11-21 12:00:00.000244856,2.4994
2026-11-21 13:00:00.000244856,2.4994
2026-11-21 14:00:00.000245094,2.4994
2026-11-21 15:00:00.000245094,2.4994
2026-11-21 16:00:00.000245332,2.4994
2026-11-21 17:00:00.000245332,2.4994
2026-11-21 18:00:00.000245570,2.4994
2026-11-21 19:00:00.000245570,2.4994
2026-11-21 20:00:00.000245810,2.4994
2026-11-21 21:00:00.000245810,2.4994
2026-11-21 22:00:00.000245810,2.4994
2026-11-21 23:00:00.000246048,2.4994
2026-11-22 00:00:00.000246048,2.4911
2026-11-22 01:00:00.000246286,2.4911
2026-11-22 02:00:00.000246286,2.4911
2026-11-22 03:00:00.000246525,2.4911
2026-11-22 04:00:00.000246525,2.4911
2026-11-22 05:00:00.000246525,2.4911
2026-11-22 06:00:00.000246763,2.4911
2026-11-22 07:00:00.000246763,2.4911
2026-11-22 08:00:00.000247002,2.4911
2026-11-22 09:00:00.000247002,2.4911
2026-11-22 10:00:00.000247240,2.4911
2026-11-22 11:00:00.000247240,2.4911
2026-11-22 12:00:00.000247477,2.4911
2026-11-22 13:00:00.000247477,2.4911
2026-11-22 14:00:00.000247477,2.4911
2026-11-22 15:00:00.000247717,2.4911
2026-11-22 16:00:00.000247717,2.4911
2026-11-22 17:00:00.000247955,2.4911
2026-11-22 18:00:00.000247955,2.4911
2026-11-22 19:00:00.000248193,2.4911
2026-11-22 20:00:00.000248193,2.4911
2026-11-22 21:00:00.000248431,2.4911
2026-11-22 22:00:00.000248431,2.4911
2026-11-22 23:00:00.000248431,2.4911
2026-11-23 00:00:00.000248671,2.4827
2026-11-23 01:00:00.000248671,2.4827
2026-11-23 02:00:00.000248909,2.4827
2026-11-23 03:00:00.000248909,2.4827
2026-11-23 04:00:00.000249147,2.4827
2026-11-23 05:00:00.000249147,2.4827
2026-11-23 06:00:00.000249147,2.4827
2026-11-23 07:00:00.000249386,2.4827
2026-11-23 08:00:00.000249386,2.4827
2026-11-23 09:00:00.000249624,2.4827
2026-11-23 10:00:00.000249624,2.4827
2026-11-23 11:00:00.000249863,2.4827
2026-11-23 12:00:00.000249863,2.4827
2026-11-23 13:00:00.000250101,2.4827
2026-11-23 14:00:00.000250101,2.4827
2026-11-23 15:00:00.000250101,2.4827
2026-11-23 16:00:00.000250340,2.4827
2026-11-23 17:00:00.000250340,2.4827
2026-11-23 18:00:00.000250578,2.4827
2026-11-23 19:00:00.000250578,2.4827
2026-11-23 20:00:00.000250816,2.4827
2026-11-23 21:00:00.000250816,2.4827
2026-11-23 22:00:00.000250816,2.4827
2026-11-23 23:00:00.000251054,2.4827
2026-11-24 00:00:00.000251054,2.4743
2026-11-24 01:00:00.000251292,2.4743
2026-11-24 02:00:00.000251292,2.4743
2026-11-24 03:00:00.000251532,2.4743
2026-11-24 04:00:00.000251532,2.4743
2026-11-24 05:00:00.000251770,2.4743
2026-11-24 06:00:00.000251770,2.4743
2026-11-24 07:00:00.000251770,2.4743
2026-11-24 08:00:00.000252008,2.4743
2026-11-24 09:00:00.000252008,2.4743
2026-11-24 10:00:00.000252247,2.4743
2026-11-24 11:00:00.000252247,2.4743
2026-11-24 12:00:00.000252485,2.4743
2026-11-24 13:00:00.000252485,2.4743
2026-11-24 14:00:00.000252724,2.4743
2026-11-24 15:00:00.000252724,2.4743
2026-11-24 16:00:00.000252724,2.4743
2026-11-24 17:00:00.000252962,2.4743
2026-11-24 18:00:00.000252962,2.4743
2026-11-24 19:00:00.000253201,2.4743
2026-11-24 20:00:00.000253201,2.4743
2026-11-24 21:00:00.000253439,2.4743
2026-11-24 22:00:00.000253439,2.4743
2026-11-24 23:00:00.000253439,2.4743
2026-11-25 00:00:00.000253677,2.4659
2026-11-25 01:00:00.000253677,2.4659
2026-11-25 02:00:00.000253916,2.4659
2026-11-25 03:00:00.000253916,2.4659
2026-11-25 04:00:00.000254153,2.4659
2026-11-25 05:00:00.000254153,2.4659
2026-11-25 06:00:00.000254393,2.4659
2026-11-25 07:00:00.000254393,2.4659
2026-11-25 08:00:00.000254393,2.4659
2026-11-25 09:00:00.000254631,2.4659
2026-11-25 10:00:00.000254631,2.4659
2026-11-25 11:00:00.000254869,2.4659
2026-11-25 12:00:00.000254869,2.4659
2026-11-25 13:00:00.000255107,2.4659
2026-11-25 14:00:00.000255107,2.4659
2026-11-25 15:00:00.000255346,2.4659
2026-11-25 16:00:00.000255346,2.4659
2026-11-25 17:00:00.000255346,2.4659
2026-11-25 18:00:00.000255585,2.4659
2026-11-25 19:00:00.000255585,2.4659
2026-11-25 20:00:00.000255823,2.4659
2026-11-25 21:00:00.000255823,2.4659
2026-11-25 22:00:00.000256062,2.4659
2026-11-25 23:00:00.000256062,2.4659
2026-11-26 00:00:00.000256062,2.4575
2026-11-26 01:00:00.000256300,2.4575
2026-11-26 02:00:00.000256300,2.4575
2026-11-26 03:00:00.000256538,2.4575
2026-11-26 04:00:00.000256538,2.4575
2026-11-26 05:00:00.000256777,2.4575
2026-11-26 06:00:00.000256777,2.4575
2026-11-26 07:00:00.000257014,2.4575
2026-11-26 08:00:00.000257014,2.4575
2026-11-26 09:00:00.000257014,2.4575
2026-11-26 10:00:00.000257254,2.4575
2026-11-26 11:00:00.000257254,2.4575
2026-11-26 12:00:00.000257492,2.4575
2026-11-26 13:00:00.000257492,2.4575
2026-11-26 14:00:00.000257730,2.4575
2026-11-26 15:00:00.000257730,2.4575
2026-11-26 16:00:00.000257730,2.4575
2026-11-26 17:00:00.000257968,2.4575
2026-11-26 18:00:00.000257968,2.4575
2026-11-26 19:00:00.000258207,2.4575
2026-11-26 20:00:00.000258207,2.4575
2026-11-26 21:00:00.000258446,2.4575
2026-11-26 22:00:00.000258446,2.4575
2026-11-26 23:00:00.000258684,2.4575
2026-11-27 00:00:00.000258684,2.4492
2026-11-27 01:00:00.000258684,2.4492
2026-11-27 02:00:00.000258923,2.4492
2026-11-27 03:00:00.000258923,2.4492
2026-11-27 04:00:00.000259161,2.4492
2026-11-27 05:00:00.000259161,2.4492
2026-11-27 06:00:00.000259399,2.4492
2026-11-27 07:00:00.000259399,2.4492
2026-11-27 08:00:00.000259638,2.4492
2026-11-27 09:00:00.000259638,2.4492
2026-11-27 10:00:00.000259638,2.4492
2026-11-27 11:00:00.000259875,2.4492
2026-11-27 12:00:00.000259875,2.4492
2026-11-27 13:00:00.000260115,2.4492
2026-11-27 14:00:00.000260115,2.4492
2026-11-27 15:00:00.000260353,2.4492
2026-11-27 16:00:00.000260353,2.4492
2026-11-27 17:00:00.000260353,2.4492
2026-11-27 18:00:00.000260591,2.4492
2026-11-27 19:00:00.000260591,2.4492
2026-11-27 20:00:00.000260829,2.4492
2026-11-27 21:00:00.000260829,2.4492
2026-11-27 22:00:00.000261068,2.4492
2026-11-27 23:00:00.000261068,2.4492
2026-11-28 00:00:00.000261307,2.4408
2026-11-28 01:00:00.000261307,2.4408
2026-11-28 02:00:00.000261307,2.4408
2026-11-28 03:00:00.000261545,2.4408
2026-11-28 04:00:00.000261545,2.4408
2026-11-28 05:00:00.000261784,2.4408
2026-11-28 06:00:00.000261784,2.4408
2026-11-28 07:00:00.000262022,2.4408
2026-11-28 08:00:00.000262022,2.4408
2026-11-28 09:00:00.000262260,2.4408
2026-11-28 10:00:00.000262260,2.4408
2026-11-28 11:00:00.000262260,2.4408
2026-11-28 12:00:00.000262499,2.4408
2026-11-28 13:00:00.000262499,2.4408
2026-11-28 14:00:00.000262737,2.4408
2026-11-28 15:00:00.000262737,2.4408
2026-11-28 16:00:00.000262976,2.4408
2026-11-28 17:00:00.000262976,2.4408
2026-11-28 18:00:00.000262976,2.4408
2026-11-28 19:00:00.000263214,2.4408
2026-11-28 20:00:00.000263214,2.4408
2026-11-28 21:00:00.000263453,2.4408
2026-11-28 22:00:00.000263453,2.4408
2026-11-28 23:00:00.000263691,2.4408
2026-11-29 00:00:00.000263691,2.4324
2026-11-29 01:00:00.000263929,2.4324
2026-11-29 02:00:00.000263929,2.4324
2026-11-29 03:00:00.000263929,2.4324
2026-11-29 04:00:00.000264168,2.4324
2026-11-29 05:00:00.000264168,2.4324
2026-11-29 06:00:00.000264406,2.4324
2026-11-29 07:00:00.000264406,2.4324
2026-11-29 08:00:00.000264645,2.4324
2026-11-29 09:00:00.000264645,2.4324
2026-11-29 10:00:00.000264645,2.4324
2026-11-29 11:00:00.000264883,2.4324
2026-11-29 12:00:00.000264883,2.4324
2026-11-29 13:00:00.000265121,2.4324
2026-11-29 14:00:00.000265121,2.4324
2026-11-29 15:00:00.000265360,2.4324
2026-11-29 16:00:00.000265360,2.4324
2026-11-29 17:00:00.000265598,2.4324
2026-11-29 18:00:00.000265598,2.4324
2026-11-29 19:00:00.000265598,2.4324
2026-11-29 20:00:00.000265837,2.4324
2026-11-29 21:00:00.000265837,2.4324
2026-11-29 22:00:00.000266075,2.4324
2026-11-29 23:00:00.000266075,2.4324
2026-11-30 00:00:00.000266314,2.424
2026-11-30 01:00:00.000266314,2.424
2026-11-30 02:00:00.000266552,2.424
2026-11-30 03:00:00.000266552,2.424
2026-11-30 04:00:00.000266552,2.424
2026-11-30 05:00:00.000266790,2.424
2026-11-30 06:00:00.000266790,2.424
2026-11-30 07:00:00.000267029,2.424
2026-11-30 08:00:00.000267029,2.424
2026-11-30 09:00:00.000267267,2.424
2026-11-30 10:00:00.000267267,2.424
2026-11-30 11:00:00.000267267,2.424
2026-11-30 12:00:00.000267506,2.424
2026-11-30 13:00:00.000267506,2.424
2026-11-30 14:00:00.000267744,2.424
2026-11-30 15:00:00.000267744,2.424
2026-11-30 16:00:00.000267982,2.424
2026-11-30 17:00:00.000267982,2.424
2026-11-30 18:00:00.000268221,2.424
2026-11-30 19:00:00.000268221,2.424
2026-11-30 20:00:00.000268221,2.424
2026-11-30 21:00:00.000268459,2.424
2026-11-30 22:00:00.000268459,2.424
2026-11-30 23:00:00.000268698,2.424
2026-12-01 00:00:00.000268698,2.4157
2026-12-01 01:00:00.000268936,2.4157
2026-12-01 02:00:00.000268936,2.4157
2026-12-01 03:00:00.000269175,2.4157
2026-12-01 04:00:00.000269175,2.4157
2026-12-01 05:00:00.000269175,2.4157
2026-12-01 06:00:00.000269413,2.4157
2026-12-01 07:00:00.000269413,2.4157
2026-12-01 08:00:00.000269651,2.4157
2026-12-01 09:00:00.000269651,2.4157
2026-12-01 10:00:00.000269890,2.4157
2026-12-01 11:00:00.000269890,2.4157
2026-12-01 12:00:00.000269890,2.4157
2026-12-01 13:00:00.000270128,2.4157
2026-12-01 14:00:00.000270128,2.4157
2026-12-01 15:00:00.000270367,2.4157
2026-12-01 16:00:00.000270367,2.4157
2026-12-01 17:00:00.000270605,2.4157
2026-12-01 18:00:00.000270605,2.4157
2026-12-01 19:00:00.000270844,2.4157
2026-12-01 20:00:00.000270844,2.4157
2026-12-01 21:00:00.000270844,2.4157
2026-12-01 22:00:00.000271082,2.4157
2026-12-01 23:00:00.000271082,2.4157
2026-12-02 00:00:00.000271320,2.4072
2026-12-02 01:00:00.000271320,2.4072
2026-12-02 02:00:00.000271559,2.4072
2026-12-02 03:00:00.000271559,2.4072
2026-12-02 04:00:00.000271797,2.4072
2026-12-02 05:00:00.000271797,2.4072
2026-12-02 06:00:00.000271797,2.4072
2026-12-02 07:00:00.000272036,2.4072
2026-12-02 08:00:00.000272036,2.4072
2026-12-02 09:00:00.000272274,2.4072
2026-12-02 10:00:00.000272274,2.4072
2026-12-02 11:00:00.000272512,2.4072
2026-12-02 12:00:00.000272512,2.4072
2026-12-02 13:00:00.000272512,2.4072
2026-12-02 14:00:00.000272751,2.4072
2026-12-02 15:00:00.000272751,2.4072
2026-12-02 16:00:00.000272989,2.4072
2026-12-02 17:00:00.000272989,2.4072
2026-12-02 18:00:00.000273228,2.4072
2026-12-02 19:00:00.000273228,2.4072
2026-12-02 20:00:00.000273466,2.4072
2026-12-02 21:00:00.000273466,2.4072
2026-12-02 22:00:00.000273466,2.4072
2026-12-02 23:00:00.000273705,2.4072
2026-12-03 00:00:00.000273705,2.3989
2026-12-03 01:00:00.000273943,2.3989
2026-12-03 02:00:00.000273943,2.3989
2026-12-03 03:00:00.000274181,2.3989
2026-12-03 04:00:00.000274181,2.3989
2026-12-03 05:00:00.000274181,2.3989
2026-12-03 06:00:00.000274420,2.3989
2026-12-03 07:00:00.000274420,2.3989
2026-12-03 08:00:00.000274658,2.3989
2026-12-03 09:00:00.000274658,2.3989
2026-12-03 10:00:00.000274897,2.3989
2026-12-03 11:00:00.000274897,2.3989
2026-12-03 12:00:00.000275135,2.3989
2026-12-03 13:00:00.000275135,2.3989
2026-12-03 14:00:00.000275135,2.3989
2026-12-03 15:00:00.000275373,2.3989
2026-12-03 16:00:00.000275373,2.3989
2026-12-03 17:00:00.000275612,2.3989
2026-12-03 18:00:00.000275612,2.3989
2026-12-03 19:00:00.000275850,2.3989
2026-12-03 20:00:00.000275850,2.3989
2026-12-03 21:00:00.000276089,2.3989
2026-12-03 22:00:00.000276089,2.3989
2026-12-03 23:00:00.000276089,2.3989
2026-12-04 00:00:00.000276327,2.3905
2026-12-04 01:00:00.000276327,2.3905
2026-12-04 02:00:00.000276566,2.3905
2026-12-04 03:00:00.000276566,2.3905
2026-12-04 04:00:00.000276804,2.3905
2026-12-04 05:00:00.000276804,2.3905
2026-12-04 06:00:00.000276804,2.3905
2026-12-04 07:00:00.000277042,2.3905
2026-12-04 08:00:00.000277042,2.3905
2026-12-04 09:00:00.000277281,2.3905
2026-12-04 10:00:00.000277281,2.3905
2026-12-04 11:00:00.000277519,2.3905
2026-12-04 12:00:00.000277519,2.3905
2026-12-04 13:00:00.000277758,2.3905
2026-12-04 14:00:00.000277758,2.3905
2026-12-04 15:00:00.000277758,2.3905
2026-12-04 16:00:00.000277996,2.3905
2026-12-04 17:00:00.000277996,2.3905
2026-12-04 18:00:00.000278234,2.3905
2026-12-04 19:00:00.000278234,2.3905
2026-12-04 20:00:00.000278473,2.3905
2026-12-04 21:00:00.000278473,2.3905
2026-12-04 22:00:00.000278711,2.3905
2026-12-04 23:00:00.000278711,2.3905
2026-12-05 00:00:00.000278711,2.3821
2026-12-05 01:00:00.000278950,2.3821
2026-12-05 02:00:00.000278950,2.3821
2026-12-05 03:00:00.000279188,2.3821
2026-12-05 04:00:00.000279188,2.3821
2026-12-05 05:00:00.000279427,2.3821
2026-12-05 06:00:00.000279427,2.3821
2026-12-05 07:00:00.000279427,2.3821
2026-12-05 08:00:00.000279665,2.3821
2026-12-05 09:00:00.000279665,2.3821
2026-12-05 10:00:00.000279903,2.3821
2026-12-05 11:00:00.000279903,2.3821
2026-12-05 12:00:00.000280142,2.3821
2026-12-05 13:00:00.000280142,2.3821
2026-12-05 14:00:00.000280380,2.3821
2026-12-05 15:00:00.000280380,2.3821
2026-12-05 16:00:00.000280380,2.3821
2026-12-05 17:00:00.000280619,2.3821
2026-12-05 18:00:00.000280619,2.3821
2026-12-05 19:00:00.000280857,2.3821
2026-12-05 20:00:00.000280857,2.3821
2026-12-05 21:00:00.000281096,2.3821
2026-12-05 22:00:00.000281096,2.3821
2026-12-05 23:00:00.000281096,2.3821
2026-12-06 00:00:00.000281334,2.3738
2026-12-06 01:00:00.000281334,2.3738
2026-12-06 02:00:00.000281572,2.3738
2026-12-06 03:00:00.000281572,2.3738
2026-12-06 04:00:00.000281811,2.3738
2026-12-06 05:00:00.000281811,2.3738
2026-12-06 06:00:00.000282049,2.3738
2026-12-06 07:00:00.000282049,2.3738
2026-12-06 08:00:00.000282049,2.3738
2026-12-06 09:00:00.000282288,2.3738
2026-12-06 10:00:00.000282288,2.3738
2026-12-06 11:00:00.000282526,2.3738
2026-12-06 12:00:00.000282526,2.3738
2026-12-06 13:00:00.000282764,2.3738
2026-12-06 14:00:00.000282764,2.3738
2026-12-06 15:00:00.000283003,2.3738
2026-12-06 16:00:00.000283003,2.3738
2026-12-06 17:00:00.000283003,2.3738
2026-12-06 18:00:00.000283241,2.3738
2026-12-06 19:00:00.000283241,2.3738
2026-12-06 20:00:00.000283480,2.3738
2026-12-06 21:00:00.000283480,2.3738
2026-12-06 22:00:00.000283718,2.3738
2026-12-06 23:00:00.000283718,2.3738
2026-12-07 00:00:00.000283718,2.3653
2026-12-07 01:00:00.000283957,2.3653
2026-12-07 02:00:00.000283957,2.3653
2026-12-07 03:00:00.000284195,2.3653
2026-12-07 04:00:00.000284195,2.3653
2026-12-07 05:00:00.000284433,2.3653
2026-12-07 06:00:00.000284433,2.3653
2026-12-07 07:00:00.000284672,2.3653
2026-12-07 08:00:00.000284672,2.3653
2026-12-07 09:00:00.000284672,2.3653
2026-12-07 10:00:00.000284910,2.3653
2026-12-07 11:00:00.000284910,2.3653
2026-12-07 12:00:00.000285149,2.3653
2026-12-07 13:00:00.000285149,2.3653
2026-12-07 14:00:00.000285387,2.3653
2026-12-07 15:00:00.000285387,2.3653
2026-12-07 16:00:00.000285625,2.3653
2026-12-07 17:00:00.000285625,2.3653
2026-12-07 18:00:00.000285625,2.3653
2026-12-07 19:00:00.000285864,2.3653
2026-12-07 20:00:00.000285864,2.3653
2026-12-07 21:00:00.000286102,2.3653
2026-12-07 22:00:00.000286102,2.3653
2026-12-07 23:00:00.000286341,2.3653
2026-12-08 00:00:00.000286341,2.357
2026-12-08 01:00:00.000286341,2.357
2026-12-08 02:00:00.000286579,2.357
2026-12-08 03:00:00.000286579,2.357
2026-12-08 04:00:00.000286818,2.357
2026-12-08 05:00:00.000286818,2.357
2026-12-08 06:00:00.000287056,2.357
2026-12-08 07:00:00.000287056,2.357
2026-12-08 08:00:00.000287294,2.357
2026-12-08 09:00:00.000287294,2.357
2026-12-08 10:00:00.000287294,2.357
2026-12-08 11:00:00.000287533,2.357
2026-12-08 12:00:00.000287533,2.357
2026-12-08 13:00:00.000287771,2.357
2026-12-08 14:00:00.000287771,2.357
2026-12-08 15:00:00.000288010,2.357
2026-12-08 16:00:00.000288010,2.357
2026-12-08 17:00:00.000288010,2.357
2026-12-08 18:00:00.000288248,2.357
2026-12-08 19:00:00.000288248,2.357
2026-12-08 20:00:00.000288486,2.357
2026-12-08 21:00:00.000288486,2.357
2026-12-08 22:00:00.000288725,2.357
2026-12-08 23:00:00.000288725,2.357
2026-12-09 00:00:00.000288963,2.3486
2026-12-09 01:00:00.000288963,2.3486
2026-12-09 02:00:00.000288963,2.3486
2026-12-09 03:00:00.000289202,2.3486
2026-12-09 04:00:00.000289202,2.3486
2026-12-09 05:00:00.000289440,2.3486
2026-12-09 06:00:00.000289440,2.3486
2026-12-09 07:00:00.000289679,2.3486
2026-12-09 08:00:00.000289679,2.3486
2026-12-09 09:00:00.000289917,2.3486
2026-12-09 10:00:00.000289917,2.3486
2026-12-09 11:00:00.000289917,2.3486
2026-12-09 12:00:00.000290155,2.3486
2026-12-09 13:00:00.000290155,2.3486
2026-12-09 14:00:00.000290394,2.3486
2026-12-09 15:00:00.000290394,2.3486
2026-12-09 16:00:00.000290632,2.3486
2026-12-09 17:00:00.000290632,2.3486
2026-12-09 18:00:00.000290632,2.3486
2026-12-09 19:00:00.000290871,2.3486
2026-12-09 20:00:00.000290871,2.3486
2026-12-09 21:00:00.000291109,2.3486
2026-12-09 22:00:00.000291109,2.3486
2026-12-09 23:00:00.000291348,2.3486
2026-12-10 00:00:00.000291348,2.3402
2026-12-10 01:00:00.000291586,2.3402
2026-12-10 02:00:00.000291586,2.3402
2026-12-10 03:00:00.000291586,2.3402
2026-12-10 04:00:00.000291824,2.3402
2026-12-10 05:00:00.000291824,2.3402
2026-12-10 06:00:00.000292063,2.3402
2026-12-10 07:00:00.000292063,2.3402
2026-12-10 08:00:00.000292301,2.3402
2026-12-10 09:00:00.000292301,2.3402
2026-12-10 10:00:00.000292540,2.3402
2026-12-10 11:00:00.000292540,2.3402
2026-12-10 12:00:00.000292540,2.3402
2026-12-10 13:00:00.000292778,2.3402
2026-12-10 14:00:00.000292778,2.3402
2026-12-10 15:00:00.000293016,2.3402
2026-12-10 16:00:00.000293016,2.3402
2026-12-10 17:00:00.000293255,2.3402
2026-12-10 18:00:00.000293255,2.3402
2026-12-10 19:00:00.000293255,2.3402
2026-12-10 20:00:00.000293493,2.3402
2026-12-10 21:00:00.000293493,2.3402
2026-12-10 22:00:00.000293732,2.3402
2026-12-10 23:00:00.000293732,2.3402
2026-12-11 00:00:00.000293970,2.3319
2026-12-11 01:00:00.000293970,2.3319
2026-12-11 02:00:00.000294209,2.3319
2026-12-11 03:00:00.000294209,2.3319
2026-12-11 04:00:00.000294209,2.3319
2026-12-11 05:00:00.000294447,2.3319
2026-12-11 06:00:00.000294447,2.3319
2026-12-11 07:00:00.000294685,2.3319
2026-12-11 08:00:00.000294685,2.3319
2026-12-11 09:00:00.000294924,2.3319
2026-12-11 10:00:00.000294924,2.3319
2026-12-11 11:00:00.000295162,2.3319
2026-12-11 12:00:00.000295162,2.3319
2026-12-11 13:00:00.000295162,2.3319
2026-12-11 14:00:00.000295401,2.3319
2026-12-11 15:00:00.000295401,2.3319
2026-12-11 16:00:00.000295639,2.3319
2026-12-11 17:00:00.000295639,2.3319
2026-12-11 18:00:00.000295877,2.3319
2026-12-11 19:00:00.000295877,2.3319
2026-12-11 20:00:00.000295877,2.3319
2026-12-11 21:00:00.000296116,2.3319
2026-12-11 22:00:00.000296116,2.3319
2026-12-11 23:00:00.000296354,2.3319
2026-12-12 00:00:00.000296354,2.3234
2026-12-12 01:00:00.000296593,2.3234
2026-12-12 02:00:00.000296593,2.3234
2026-12-12 03:00:00.000296831,2.3234
2026-12-12 04:00:00.000296831,2.3234
2026-12-12 05:00:00.000296831,2.3234
2026-12-12 06:00:00.000297070,2.3234
2026-12-12 07:00:00.000297070,2.3234
2026-12-12 08:00:00.000297308,2.3234
2026-12-12 09:00:00.000297308,2.3234
2026-12-12 10:00:00.000297546,2.3234
2026-12-12 11:00:00.000297546,2.3234
2026-12-12 12:00:00.000297546,2.3234
2026-12-12 13:00:00.000297785,2.3234
2026-12-12 14:00:00.000297785,2.3234
2026-12-12 15:00:00.000298023,2.3234
2026-12-12 16:00:00.000298023,2.3234
2026-12-12 17:00:00.000298262,2.3234
2026-12-12 18:00:00.000298262,2.3234
2026-12-12 19:00:00.000298500,2.3234
2026-12-12 20:00:00.000298500,2.3234
2026-12-12 21:00:00.000298500,2.3234
2026-12-12 22:00:00.000298738,2.3234
2026-12-12 23:00:00.000298738,2.3234
2026-12-13 00:00:00.000298977,2.3151
2026-12-13 01:00:00.000298977,2.3151
2026-12-13 02:00:00.000299215,2.3151
2026-12-13 03:00:00.000299215,2.3151
2026-12-13 04:00:00.000299454,2.3151
2026-12-13 05:00:00.000299454,2.3151
2026-12-13 06:00:00.000299454,2.3151
2026-12-13 07:00:00.000299692,2.3151
2026-12-13 08:00:00.000299692,2.3151
2026-12-13 09:00:00.000299931,2.3151
2026-12-13 10:00:00.000299931,2.3151
2026-12-13 11:00:00.000300169,2.3151
2026-12-13 12:00:00.000300169,2.3151
2026-12-13 13:00:00.000300169,2.3151
2026-12-13 14:00:00.000300407,2.3151
2026-12-13 15:00:00.000300407,2.3151
2026-12-13 16:00:00.000300646,2.3151
2026-12-13 17:00:00.000300646,2.3151
2026-12-13 18:00:00.000300884,2.3151
2026-12-13 19:00:00.000300884,2.3151
2026-12-13 20:00:00.000301123,2.3151
2026-12-13 21:00:00.000301123,2.3151
2026-12-13 22:00:00.000301123,2.3151
2026-12-13 23:00:00.000301361,2.3151
2026-12-14 00:00:00.000301361,2.3067
2026-12-14 01:00:00.000301600,2.3067
2026-12-14 02:00:00.000301600,2.3067
2026-12-14 03:00:00.000301838,2.3067
2026-12-14 04:00:00.000301838,2.3067
2026-12-14 05:00:00.000302076,2.3067
2026-12-14 06:00:00.000302076,2.3067
2026-12-14 07:00:00.000302076,2.3067
2026-12-14 08:00:00.000302315,2.3067
2026-12-14 09:00:00.000302315,2.3067
2026-12-14 10:00:00.000302553,2.3067
2026-12-14 11:00:00.000302553,2.3067
2026-12-14 12:00:00.000302792,2.3067
2026-12-14 13:00:00.000302792,2.3067
2026-12-14 14:00:00.000302792,2.3067
2026-12-14 15:00:00.000303030,2.3067
2026-12-14 16:00:00.000303030,2.3067
2026-12-14 17:00:00.000303268,2.3067
2026-12-14 18:00:00.000303268,2.3067
2026-12-14 19:00:00.000303507,2.3067
2026-12-14 20:00:00.000303507,2.3067
2026-12-14 21:00:00.000303745,2.3067
2026-12-14 22:00:00.000303745,2.3067
2026-12-14 23:00:00.000303745,2.3067
2026-12-15 00:00:00.000303984,2.2983
2026-12-15 01:00:00.000303984,2.2983
2026-12-15 02:00:00.000304222,2.2983
2026-12-15 03:00:00.000304222,2.2983
2026-12-15 04:00:00.000304461,2.2983
2026-12-15 05:00:00.000304461,2.2983
2026-12-15 06:00:00.000304461,2.2983
2026-12-15 07:00:00.000304699,2.2983
2026-12-15 08:00:00.000304699,2.2983
2026-12-15 09:00:00.000304937,2.2983
2026-12-15 10:00:00.000304937,2.2983
2026-12-15 11:00:00.000305176,2.2983
2026-12-15 12:00:00.000305176,2.2983
2026-12-15 13:00:00.000305414,2.2983
2026-12-15 14:00:00.000305414,2.2983
2026-12-15 15:00:00.000305414,2.2983
2026-12-15 16:00:00.000305653,2.2983
2026-12-15 17:00:00.000305653,2.2983
2026-12-15 18:00:00.000305891,2.2983
2026-12-15 19:00:00.000305891,2.2983
2026-12-15 20:00:00.000306129,2.2983
2026-12-15 21:00:00.000306129,2.2983
2026-12-15 22:00:00.000306368,2.2983
2026-12-15 23:00:00.000306368,2.2983
2026-12-16 00:00:00.000306368,2.29
2026-12-16 01:00:00.000306606,2.29
2026-12-16 02:00:00.000306606,2.29
2026-12-16 03:00:00.000306845,2.29
2026-12-16 04:00:00.000306845,2.29
2026-12-16 05:00:00.000307083,2.29
2026-12-16 06:00:00.000307083,2.29
2026-12-16 07:00:00.000307083,2.29
2026-12-16 08:00:00.000307322,2.29
2026-12-16 09:00:00.000307322,2.29
2026-12-16 10:00:00.000307560,2.29
2026-12-16 11:00:00.000307560,2.29
2026-12-16 12:00:00.000307798,2.29
2026-12-16 13:00:00.000307798,2.29
2026-12-16 14:00:00.000308037,2.29
2026-12-16 15:00:00.000308037,2.29
2026-12-16 16:00:00.000308037,2.29
2026-12-16 17:00:00.000308275,2.29
2026-12-16 18:00:00.000308275,2.29
2026-12-16 19:00:00.000308514,2.29
2026-12-16 20:00:00.000308514,2.29
2026-12-16 21:00:00.000308752,2.29
2026-12-16 22:00:00.000308752,2.29
2026-12-16 23:00:00.000308990,2.29
2026-12-17 00:00:00.000308990,2.2816
2026-12-17 01:00:00.000308990,2.2816
2026-12-17 02:00:00.000309229,2.2816
2026-12-17 03:00:00.000309229,2.2816
2026-12-17 04:00:00.000309467,2.2816
2026-12-17 05:00:00.000309467,2.2816
2026-12-17 06:00:00.000309706,2.2816
2026-12-17 07:00:00.000309706,2.2816
2026-12-17 08:00:00.000309706,2.2816
2026-12-17 09:00:00.000309944,2.2816
2026-12-17 10:00:00.000309944,2.2816
2026-12-17 11:00:00.000310183,2.2816
2026-12-17 12:00:00.000310183,2.2816
2026-12-17 13:00:00.000310421,2.2816
2026-12-17 14:00:00.000310421,2.2816
2026-12-17 15:00:00.000310659,2.2816
2026-12-17 16:00:00.000310659,2.2816
2026-12-17 17:00:00.000310659,2.2816
2026-12-17 18:00:00.000310898,2.2816
2026-12-17 19:00:00.000310898,2.2816
2026-12-17 20:00:00.000311136,2.2816
2026-12-17 21:00:00.000311136,2.2816
2026-12-17 22:00:00.000311375,2.2816
2026-12-17 23:00:00.000311375,2.2816
2026-12-18 00:00:00.000311375,2.2732
2026-12-18 01:00:00.000311613,2.2732
2026-12-18 02:00:00.000311613,2.2732
2026-12-18 03:00:00.000311852,2.2732
2026-12-18 04:00:00.000311852,2.2732
2026-12-18 05:00:00.000312090,2.2732
2026-12-18 06:00:00.000312090,2.2732
2026-12-18 07:00:00.000312328,2.2732
2026-12-18 08:00:00.000312328,2.2732
2026-12-18 09:00:00.000312328,2.2732
2026-12-18 10:00:00.000312567,2.2732
2026-12-18 11:00:00.000312567,2.2732
2026-12-18 12:00:00.000312805,2.2732
2026-12-18 13:00:00.000312805,2.2732
2026-12-18 14:00:00.000313044,2.2732
2026-12-18 15:00:00.000313044,2.2732
2026-12-18 16:00:00.000313282,2.2732
2026-12-18 17:00:00.000313282,2.2732
2026-12-18 18:00:00.000313282,2.2732
2026-12-18 19:00:00.000313520,2.2732
2026-12-18 20:00:00.000313520,2.2732
2026-12-18 21:00:00.000313759,2.2732
2026-12-18 22:00:00.000313759,2.2732
2026-12-18 23:00:00.000313997,2.2732
2026-12-19 00:00:00.000313997,2.2648
2026-12-19 01:00:00.000313997,2.2648
2026-12-19 02:00:00.000314236,2.2648
2026-12-19 03:00:00.000314236,2.2648
2026-12-19 04:00:00.000314474,2.2648
2026-12-19 05:00:00.000314474,2.2648
2026-12-19 06:00:00.000314713,2.2648
2026-12-19 07:00:00.000314713,2.2648
2026-12-19 08:00:00.000314951,2.2648
2026-12-19 09:00:00.000314951,2.2648
2026-12-19 10:00:00.000314951,2.2648
2026-12-19 11:00:00.000315189,2.2648
2026-12-19 12:00:00.000315189,2.2648
2026-12-19 13:00:00.000315428,2.2648
2026-12-19 14:00:00.000315428,2.2648
2026-12-19 15:00:00.000315666,2.2648
2026-12-19 16:00:00.000315666,2.2648
2026-12-19 17:00:00.000315905,2.2648
2026-12-19 18:00:00.000315905,2.2648
2026-12-19 19:00:00.000315905,2.2648
2026-12-19 20:00:00.000316143,2.2648
2026-12-19 21:00:00.000316143,2.2648
2026-12-19 22:00:00.000316381,2.2648
2026-12-19 23:00:00.000316381,2.2648
2026-12-20 00:00:00.000316620,2.2564
2026-12-20 01:00:00.000316620,2.2564
2026-12-20 02:00:00.000316620,2.2564
2026-12-20 03:00:00.000316858,2.2564
2026-12-20 04:00:00.000316858,2.2564
2026-12-20 05:00:00.000317097,2.2564
2026-12-20 06:00:00.000317097,2.2564
2026-12-20 07:00:00.000317335,2.2564
2026-12-20 08:00:00.000317335,2.2564
2026-12-20 09:00:00.000317574,2.2564
2026-12-20 10:00:00.000317574,2.2564
2026-12-20 11:00:00.000317574,2.2564
2026-12-20 12:00:00.000317812,2.2564
2026-12-20 13:00:00.000317812,2.2564
2026-12-20 14:00:00.000318050,2.2564
2026-12-20 15:00:00.000318050,2.2564
2026-12-20 16:00:00.000318289,2.2564
2026-12-20 17:00:00.000318289,2.2564
2026-12-20 18:00:00.000318289,2.2564
2026-12-20 19:00:00.000318527,2.2564
2026-12-20 20:00:00.000318527,2.2564
2026-12-20 21:00:00.000318766,2.2564
2026-12-20 22:00:00.000318766,2.2564
2026-12-20 23:00:00.000319004,2.2564
2026-12-21 00:00:00.000319004,2.248
2026-12-21 01:00:00.000319242,2.248
2026-12-21 02:00:00.000319242,2.248
2026-12-21 03:00:00.000319242,2.248
2026-12-21 04:00:00.000319481,2.248
2026-12-21 05:00:00.000319481,2.248
2026-12-21 06:00:00.000319719,2.248
2026-12-21 07:00:00.000319719,2.248
2026-12-21 08:00:00.000319958,2.248
2026-12-21 09:00:00.000319958,2.248
2026-12-21 10:00:00.000320196,2.248
2026-12-21 11:00:00.000320196,2.248
2026-12-21 12:00:00.000320196,2.248
2026-12-21 13:00:00.000320435,2.248
2026-12-21 14:00:00.000320435,2.248
2026-12-21 15:00:00.000320673,2.248
2026-12-21 16:00:00.000320673,2.248
2026-12-21 17:00:00.000320911,2.248
2026-12-21 18:00:00.000320911,2.248
2026-12-21 19:00:00.000320911,2.248
2026-12-21 20:00:00.000321150,2.248
2026-12-21 21:00:00.000321150,2.248
2026-12-21 22:00:00.000321388,2.248
2026-12-21 23:00:00.000321388,2.248
2026-12-22 00:00:00.000321627,2.2397
2026-12-22 01:00:00.000321627,2.2397
2026-12-22 02:00:00.000321865,2.2397
2026-12-22 03:00:00.000321865,2.2397
2026-12-22 04:00:00.000321865,2.2397
2026-12-22 05:00:00.000322104,2.2397
2026-12-22 06:00:00.000322104,2.2397
2026-12-22 07:00:00.000322342,2.2397
2026-12-22 08:00:00.000322342,2.2397
2026-12-22 09:00:00.000322580,2.2397
2026-12-22 10:00:00.000322580,2.2397
2026-12-22 11:00:00.000322819,2.2397
2026-12-22 12:00:00.000322819,2.2397
2026-12-22 13:00:00.000322819,2.2397
2026-12-22 14:00:00.000323057,2.2397
2026-12-22 15:00:00.000323057,2.2397
2026-12-22 16:00:00.000323296,2.2397
2026-12-22 17:00:00.000323296,2.2397
2026-12-22 18:00:00.000323534,2.2397
2026-12-22 19:00:00.000323534,2.2397
2026-12-22 20:00:00.000323534,2.2397
2026-12-22 21:00:00.000323772,2.2397
2026-12-22 22:00:00.000323772,2.2397
2026-12-22 23:00:00.000324011,2.2397
2026-12-23 00:00:00.000324011,2.2313
2026-12-23 01:00:00.000324249,2.2313
2026-12-23 02:00:00.000324249,2.2313
2026-12-23 03:00:00.000324488,2.2313
2026-12-23 04:00:00.000324488,2.2313
2026-12-23 05:00:00.000324488,2.2313
2026-12-23 06:00:00.000324726,2.2313
2026-12-23 07:00:00.000324726,2.2313
2026-12-23 08:00:00.000324965,2.2313
2026-12-23 09:00:00.000324965,2.2313
2026-12-23 10:00:00.000325203,2.2313
2026-12-23 11:00:00.000325203,2.2313
2026-12-23 12:00:00.000325441,2.2313
2026-12-23 13:00:00.000325441,2.2313
2026-12-23 14:00:00.000325441,2.2313
2026-12-23 15:00:00.000325680,2.2313
2026-12-23 16:00:00.000325680,2.2313
2026-12-23 17:00:00.000325918,2.2313
2026-12-23 18:00:00.000325918,2.2313
2026-12-23 19:00:00.000326157,2.2313
2026-12-23 20:00:00.000326157,2.2313
2026-12-23 21:00:00.000326157,2.2313
2026-12-23 22:00:00.000326395,2.2313
2026-12-23 23:00:00.000326395,2.2313
2026-12-24 00:00:00.000326633,2.2229
2026-12-24 01:00:00.000326633,2.2229
2026-12-24 02:00:00.000326872,2.2229
2026-12-24 03:00:00.000326872,2.2229
2026-12-24 04:00:00.000327110,2.2229
2026-12-24 05:00:00.000327110,2.2229
2026-12-24 06:00:00.000327110,2.2229
2026-12-24 07:00:00.000327349,2.2229
2026-12-24 08:00:00.000327349,2.2229
2026-12-24 09:00:00.000327587,2.2229
2026-12-24 10:00:00.000327587,2.2229
2026-12-24 11:00:00.000327826,2.2229
2026-12-24 12:00:00.000327826,2.2229
2026-12-24 13:00:00.000327826,2.2229
2026-12-24 14:00:00.000328064,2.2229
2026-12-24 15:00:00.000328064,2.2229
2026-12-24 16:00:00.000328302,2.2229
2026-12-24 17:00:00.000328302,2.2229
2026-12-24 18:00:00.000328541,2.2229
2026-12-24 19:00:00.000328541,2.2229
2026-12-24 20:00:00.000328779,2.2229
2026-12-24 21:00:00.000328779,2.2229
2026-12-24 22:00:00.000328779,2.2229
2026-12-24 23:00:00.000329018,2.2229
2026-12-25 00:00:00.000329018,2.2145
2026-12-25 01:00:00.000329256,2.2145
2026-12-25 02:00:00.000329256,2.2145
2026-12-25 03:00:00.000329494,2.2145
2026-12-25 04:00:00.000329494,2.2145
2026-12-25 05:00:00.000329733,2.2145
2026-12-25 06:00:00.000329733,2.2145
2026-12-25 07:00:00.000329733,2.2145
2026-12-25 08:00:00.000329971,2.2145
2026-12-25 09:00:00.000329971,2.2145
2026-12-25 10:00:00.000330210,2.2145
2026-12-25 11:00:00.000330210,2.2145
2026-12-25 12:00:00.000330448,2.2145
2026-12-25 13:00:00.000330448,2.2145
2026-12-25 14:00:00.000330448,2.2145
2026-12-25 15:00:00.000330687,2.2145
2026-12-25 16:00:00.000330687,2.2145
2026-12-25 17:00:00.000330925,2.2145
2026-12-25 18:00:00.000330925,2.2145
2026-12-25 19:00:00.000331163,2.2145
2026-12-25 20:00:00.000331163,2.2145
2026-12-25 21:00:00.000331402,2.2145
2026-12-25 22:00:00.000331402,2.2145
2026-12-25 23:00:00.000331402,2.2145
2026-12-26 00:00:00.000331640,2.2061
2026-12-26 01:00:00.000331640,2.2061
2026-12-26 02:00:00.000331879,2.2061
2026-12-26 03:00:00.000331879,2.2061
2026-12-26 04:00:00.000332117,2.2061
2026-12-26 05:00:00.000332117,2.2061
2026-12-26 06:00:00.000332355,2.2061
2026-12-26 07:00:00.000332355,2.2061
2026-12-26 08:00:00.000332355,2.2061
2026-12-26 09:00:00.000332594,2.2061
2026-12-26 10:00:00.000332594,2.2061
2026-12-26 11:00:00.000332832,2.2061
2026-12-26 12:00:00.000332832,2.2061
2026-12-26 13:00:00.000333071,2.2061
2026-12-26 14:00:00.000333071,2.2061
2026-12-26 15:00:00.000333071,2.2061
2026-12-26 16:00:00.000333309,2.2061
2026-12-26 17:00:00.000333309,2.2061
2026-12-26 18:00:00.000333548,2.2061
2026-12-26 19:00:00.000333548,2.2061
2026-12-26 20:00:00.000333786,2.2061
2026-12-26 21:00:00.000333786,2.2061
2026-12-26 22:00:00.000334024,2.2061
2026-12-26 23:00:00.000334024,2.2061
2026-12-27 00:00:00.000334024,2.1978
2026-12-27 01:00:00.000334263,2.1978
2026-12-27 02:00:00.000334263,2.1978
2026-12-27 03:00:00.000334501,2.1978
2026-12-27 04:00:00.000334501,2.1978
2026-12-27 05:00:00.000334740,2.1978
2026-12-27 06:00:00.000334740,2.1978
2026-12-27 07:00:00.000334740,2.1978
2026-12-27 08:00:00.000334978,2.1978
2026-12-27 09:00:00.000334978,2.1978
2026-12-27 10:00:00.000335217,2.1978
2026-12-27 11:00:00.000335217,2.1978
2026-12-27 12:00:00.000335455,2.1978
2026-12-27 13:00:00.000335455,2.1978
2026-12-27 14:00:00.000335693,2.1978
2026-12-27 15:00:00.000335693,2.1978
2026-12-27 16:00:00.000335693,2.1978
2026-12-27 17:00:00.000335932,2.1978
2026-12-27 18:00:00.000335932,2.1978
2026-12-27 19:00:00.000336170,2.1978
2026-12-27 20:00:00.000336170,2.1978
2026-12-27 21:00:00.000336409,2.1978
2026-12-27 22:00:00.000336409,2.1978
2026-12-27 23:00:00.000336647,2.1978
2026-12-28 00:00:00.000336647,2.1893
2026-12-28 01:00:00.000336647,2.1893
2026-12-28 02:00:00.000336885,2.1893
2026-12-28 03:00:00.000336885,2.1893
2026-12-28 04:00:00.000337124,2.1893
2026-12-28 05:00:00.000337124,2.1893
2026-12-28 06:00:00.000337362,2.1893
2026-12-28 07:00:00.000337362,2.1893
2026-12-28 08:00:00.000337362,2.1893
2026-12-28 09:00:00.000337601,2.1893
2026-12-28 10:00:00.000337601,2.1893
2026-12-28 11:00:00.000337839,2.1893
2026-12-28 12:00:00.000337839,2.1893
2026-12-28 13:00:00.000338078,2.1893
2026-12-28 14:00:00.000338078,2.1893
2026-12-28 15:00:00.000338316,2.1893
2026-12-28 16:00:00.000338316,2.1893
2026-12-28 17:00:00.000338316,2.1893
2026-12-28 18:00:00.000338554,2.1893
2026-12-28 19:00:00.000338554,2.1893
2026-12-28 20:00:00.000338793,2.1893
2026-12-28 21:00:00.000338793,2.1893
2026-12-28 22:00:00.000339031,2.1893
2026-12-28 23:00:00.000339031,2.1893
2026-12-29 00:00:00.000339270,2.181
2026-12-29 01:00:00.000339270,2.181
2026-12-29 02:00:00.000339270,2.181
2026-12-29 03:00:00.000339508,2.181
2026-12-29 04:00:00.000339508,2.181
2026-12-29 05:00:00.000339746,2.181
2026-12-29 06:00:00.000339746,2.181
2026-12-29 07:00:00.000339985,2.181
2026-12-29 08:00:00.000339985,2.181
2026-12-29 09:00:00.000339985,2.181
2026-12-29 10:00:00.000340223,2.181
2026-12-29 11:00:00.000340223,2.181
2026-12-29 12:00:00.000340462,2.181
2026-12-29 13:00:00.000340462,2.181
2026-12-29 14:00:00.000340700,2.181
2026-12-29 15:00:00.000340700,2.181
2026-12-29 16:00:00.000340939,2.181
2026-12-29 17:00:00.000340939,2.181
2026-12-29 18:00:00.000340939,2.181
2026-12-29 19:00:00.000341177,2.181
2026-12-29 20:00:00.000341177,2.181
2026-12-29 21:00:00.000341415,2.181
2026-12-29 22:00:00.000341415,2.181
2026-12-29 23:00:00.000341654,2.181
2026-12-30 00:00:00.000341654,2.1727
2026-12-30 01:00:00.000341654,2.1727
2026-12-30 02:00:00.000341892,2.1727
2026-12-30 03:00:00.000341892,2.1727
2026-12-30 04:00:00.000342131,2.1727
2026-12-30 05:00:00.000342131,2.1727
2026-12-30 06:00:00.000342369,2.1727
2026-12-30 07:00:00.000342369,2.1727
2026-12-30 08:00:00.000342607,2.1727
2026-12-30 09:00:00.000342607,2.1727
2026-12-30 10:00:00.000342607,2.1727
2026-12-30 11:00:00.000342846,2.1727
2026-12-30 12:00:00.000342846,2.1727
2026-12-30 13:00:00.000343084,2.1727
2026-12-30 14:00:00.000343084,2.1727
2026-12-30 15:00:00.000343323,2.1727
2026-12-30 16:00:00.000343323,2.1727
2026-12-30 17:00:00.000343561,2.1727
2026-12-30 18:00:00.000343561,2.1727
2026-12-30 19:00:00.000343561,2.1727
2026-12-30 20:00:00.000343800,2.1727
2026-12-30 21:00:00.000343800,2.1727
2026-12-30 22:00:00.000344038,2.1727
2026-12-30 23:00:00.000344038,2.1727
2026-12-31 00:00:00.000344276,2.1642
2026-12-31 01:00:00.000344276,2.1642
2026-12-31 02:00:00.000344276,2.1642
2026-12-31 03:00:00.000344515,2.1642
2026-12-31 04:00:00.000344515,2.1642
2026-12-31 05:00:00.000344753,2.1642
2026-12-31 06:00:00.000344753,2.1642
2026-12-31 07:00:00.000344992,2.1642
2026-12-31 08:00:00.000344992,2.1642
2026-12-31 09:00:00.000345230,2.1642
2026-12-31 10:00:00.000345230,2.1642
2026-12-31 11:00:00.000345230,2.1642
2026-12-31 12:00:00.000345469,2.1642
2026-12-31 13:00:00.000345469,2.1642
2026-12-31 14:00:00.000345707,2.1642
2026-12-31 15:00:00.000345707,2.1642
2026-12-31 16:00:00.000345945,2.1642
2026-12-31 17:00:00.000345945,2.1642
2026-12-31 18:00:00.000346184,2.1642
2026-12-31 19:00:00.000346184,2.1642
2026-12-31 20:00:00.000346184,2.1642
2026-12-31 21:00:00.000346422,2.1642
2026-12-31 22:00:00.000346422,2.1642
2026-12-31 23:00:00.000346661,2.1642
2027-01-01 00:00:00.000346661,2.1559
2027-01-01 01:00:00.000346899,2.1559
2027-01-01 02:00:00.000346899,2.1559
2027-01-01 03:00:00.000346899,2.1559
2027-01-01 04:00:00.000347137,2.1559
2027-01-01 05:00:00.000347137,2.1559
2027-01-01 06:00:00.000347376,2.1559
2027-01-01 07:00:00.000347376,2.1559
2027-01-01 08:00:00.000347614,2.1559
2027-01-01 09:00:00.000347614,2.1559
2027-01-01 10:00:00.000347853,2.1559
2027-01-01 11:00:00.000347853,2.1559
2027-01-01 12:00:00.000347853,2.1559
2027-01-01 13:00:00.000348091,2.1559
2027-01-01 14:00:00.000348091,2.1559
2027-01-01 15:00:00.000348330,2.1559
2027-01-01 16:00:00.000348330,2.1559
2027-01-01 17:00:00.000348568,2.1559
2027-01-01 18:00:00.000348568,2.1559
2027-01-01 19:00:00.000348568,2.1559
2027-01-01 20:00:00.000348806,2.1559
2027-01-01 21:00:00.000348806,2.1559
2027-01-01 22:00:00.000349045,2.1559
2027-01-01 23:00:00.000349045,2.1559
2027-01-02 00:00:00.000349283,2.1474
2027-01-02 01:00:00.000349283,2.1474
2027-01-02 02:00:00.000349522,2.1474
2027-01-02 03:00:00.000349522,2.1474
2027-01-02 04:00:00.000349522,2.1474
2027-01-02 05:00:00.000349760,2.1474
2027-01-02 06:00:00.000349760,2.1474
2027-01-02 07:00:00.000349998,2.1474
2027-01-02 08:00:00.000349998,2.1474
2027-01-02 09:00:00.000350237,2.1474
2027-01-02 10:00:00.000350237,2.1474
2027-01-02 11:00:00.000350475,2.1474
2027-01-02 12:00:00.000350475,2.1474
2027-01-02 13:00:00.000350475,2.1474
2027-01-02 14:00:00.000350714,2.1474
2027-01-02 15:00:00.000350714,2.1474
2027-01-02 16:00:00.000350952,2.1474
2027-01-02 17:00:00.000350952,2.1474
2027-01-02 18:00:00.000351191,2.1474
2027-01-02 19:00:00.000351191,2.1474
2027-01-02 20:00:00.000351191,2.1474
2027-01-02 21:00:00.000351429,2.1474
2027-01-02 22:00:00.000351429,2.1474
2027-01-02 23:00:00.000351667,2.1474
2027-01-03 00:00:00.000351667,2.1391
2027-01-03 01:00:00.000351906,2.1391
2027-01-03 02:00:00.000351906,2.1391
2027-01-03 03:00:00.000352144,2.1391
2027-01-03 04:00:00.000352144,2.1391
2027-01-03 05:00:00.000352144,2.1391
2027-01-03 06:00:00.000352383,2.1391
2027-01-03 07:00:00.000352383,2.1391
2027-01-03 08:00:00.000352621,2.1391
2027-01-03 09:00:00.000352621,2.1391
2027-01-03 10:00:00.000352859,2.1391
2027-01-03 11:00:00.000352859,2.1391
2027-01-03 12:00:00.000353098,2.1391
2027-01-03 13:00:00.000353098,2.1391
2027-01-03 14:00:00.000353098,2.1391
2027-01-03 15:00:00.000353336,2.1391
2027-01-03 16:00:00.000353336,2.1391
2027-01-03 17:00:00.000353575,2.1391
2027-01-03 18:00:00.000353575,2.1391
2027-01-03 19:00:00.000353813,2.1391
2027-01-03 20:00:00.000353813,2.1391
2027-01-03 21:00:00.000353813,2.1391
2027-01-03 22:00:00.000354052,2.1391
2027-01-03 23:00:00.000354052,2.1391
2027-01-04 00:00:00.000354290,2.1308
2027-01-04 01:00:00.000354290,2.1308
2027-01-04 02:00:00.000354528,2.1308
2027-01-04 03:00:00.000354528,2.1308
2027-01-04 04:00:00.000354767,2.1308
2027-01-04 05:00:00.000354767,2.1308
2027-01-04 06:00:00.000354767,2.1308
2027-01-04 07:00:00.000355005,2.1308
2027-01-04 08:00:00.000355005,2.1308
2027-01-04 09:00:00.000355244,2.1308
2027-01-04 10:00:00.000355244,2.1308
2027-01-04 11:00:00.000355482,2.1308
2027-01-04 12:00:00.000355482,2.1308
2027-01-04 13:00:00.000355721,2.1308
2027-01-04 14:00:00.000355721,2.1308
2027-01-04 15:00:00.000355721,2.1308
2027-01-04 16:00:00.000355959,2.1308
2027-01-04 17:00:00.000355959,2.1308
2027-01-04 18:00:00.000356197,2.1308
2027-01-04 19:00:00.000356197,2.1308
2027-01-04 20:00:00.000356436,2.1308
2027-01-04 21:00:00.000356436,2.1308
2027-01-04 22:00:00.000356436,2.1308
2027-01-04 23:00:00.000356674,2.1308
2027-01-05 00:00:00.000356674,2.1223
2027-01-05 01:00:00.000356913,2.1223
2027-01-05 02:00:00.000356913,2.1223
2027-01-05 03:00:00.000357151,2.1223
2027-01-05 04:00:00.000357151,2.1223
2027-01-05 05:00:00.000357389,2.1223
2027-01-05 06:00:00.000357389,2.1223
2027-01-05 07:00:00.000357389,2.1223
2027-01-05 08:00:00.000357628,2.1223
2027-01-05 09:00:00.000357628,2.1223
2027-01-05 10:00:00.000357866,2.1223
2027-01-05 11:00:00.000357866,2.1223
2027-01-05 12:00:00.000358105,2.1223
2027-01-05 13:00:00.000358105,2.1223
2027-01-05 14:00:00.000358105,2.1223
2027-01-05 15:00:00.000358343,2.1223
2027-01-05 16:00:00.000358343,2.1223
2027-01-05 17:00:00.000358582,2.1223
2027-01-05 18:00:00.000358582,2.1223
2027-01-05 19:00:00.000358820,2.1223
2027-01-05 20:00:00.000358820,2.1223
2027-01-05 21:00:00.000359058,2.1223
2027-01-05 22:00:00.000359058,2.1223
2027-01-05 23:00:00.000359058,2.1223
2027-01-06 00:00:00.000359297,2.114
2027-01-06 01:00:00.000359297,2.114
2027-01-06 02:00:00.000359535,2.114
2027-01-06 03:00:00.000359535,2.114
2027-01-06 04:00:00.000359774,2.114
2027-01-06 05:00:00.000359774,2.114
2027-01-06 06:00:00.000360012,2.114
2027-01-06 07:00:00.000360012,2.114
2027-01-06 08:00:00.000360012,2.114
2027-01-06 09:00:00.000360250,2.114
2027-01-06 10:00:00.000360250,2.114
2027-01-06 11:00:00.000360489,2.114
2027-01-06 12:00:00.000360489,2.114
2027-01-06 13:00:00.000360727,2.114
2027-01-06 14:00:00.000360727,2.114
2027-01-06 15:00:00.000360727,2.114
2027-01-06 16:00:00.000360966,2.114
2027-01-06 17:00:00.000360966,2.114
2027-01-06 18:00:00.000361204,2.114
2027-01-06 19:00:00.000361204,2.114
2027-01-06 20:00:00.000361443,2.114
2027-01-06 21:00:00.000361443,2.114
2027-01-06 22:00:00.000361681,2.114
2027-01-06 23:00:00.000361681,2.114
2027-01-07 00:00:00.000361681,2.1056
2027-01-07 01:00:00.000361919,2.1056
2027-01-07 02:00:00.000361919,2.1056
2027-01-07 03:00:00.000362158,2.1056
2027-01-07 04:00:00.000362158,2.1056
2027-01-07 05:00:00.000362396,2.1056
2027-01-07 06:00:00.000362396,2.1056
2027-01-07 07:00:00.000362635,2.1056
2027-01-07 08:00:00.000362635,2.1056
2027-01-07 09:00:00.000362635,2.1056
2027-01-07 10:00:00.000362873,2.1056
2027-01-07 11:00:00.000362873,2.1056
2027-01-07 12:00:00.000363111,2.1056
2027-01-07 13:00:00.000363111,2.1056
2027-01-07 14:00:00.000363350,2.1056
2027-01-07 15:00:00.000363350,2.1056
2027-01-07 16:00:00.000363350,2.1056
2027-01-07 17:00:00.000363588,2.1056
2027-01-07 18:00:00.000363588,2.1056
2027-01-07 19:00:00.000363827,2.1056
2027-01-07 20:00:00.000363827,2.1056
2027-01-07 21:00:00.000364065,2.1056
2027-01-07 22:00:00.000364065,2.1056
2027-01-07 23:00:00.000364304,2.1056
2027-01-08 00:00:00.000364304,2.0972
2027-01-08 01:00:00.000364304,2.0972
2027-01-08 02:00:00.000364542,2.0972
2027-01-08 03:00:00.000364542,2.0972
2027-01-08 04:00:00.000364780,2.0972
2027-01-08 05:00:00.000364780,2.0972
2027-01-08 06:00:00.000365019,2.0972
2027-01-08 07:00:00.000365019,2.0972
2027-01-08 08:00:00.000365019,2.0972
2027-01-08 09:00:00.000365257,2.0972
2027-01-08 10:00:00.000365257,2.0972
2027-01-08 11:00:00.000365496,2.0972
2027-01-08 12:00:00.000365496,2.0972
2027-01-08 13:00:00.000365734,2.0972
2027-01-08 14:00:00.000365734,2.0972
2027-01-08 15:00:00.000365973,2.0972
2027-01-08 16:00:00.000365973,2.0972
2027-01-08 17:00:00.000365973,2.0972
2027-01-08 18:00:00.000366211,2.0972
2027-01-08 19:00:00.000366211,2.0972
2027-01-08 20:00:00.000366449,2.0972
2027-01-08 21:00:00.000366449,2.0972
2027-01-08 22:00:00.000366688,2.0972
2027-01-08 23:00:00.000366688,2.0972
2027-01-09 00:00:00.000366926,2.0888
2027-01-09 01:00:00.000366926,2.0888
2027-01-09 02:00:00.000366926,2.0888
2027-01-09 03:00:00.000367165,2.0888
2027-01-09 04:00:00.000367165,2.0888
2027-01-09 05:00:00.000367403,2.0888
2027-01-09 06:00:00.000367403,2.0888
2027-01-09 07:00:00.000367641,2.0888
2027-01-09 08:00:00.000367641,2.0888
2027-01-09 09:00:00.000367641,2.0888
2027-01-09 10:00:00.000367880,2.0888
2027-01-09 11:00:00.000367880,2.0888
2027-01-09 12:00:00.000368118,2.0888
2027-01-09 13:00:00.000368118,2.0888
2027-01-09 14:00:00.000368357,2.0888
2027-01-09 15:00:00.000368357,2.0888
2027-01-09 16:00:00.000368595,2.0888
2027-01-09 17:00:00.000368595,2.0888
2027-01-09 18:00:00.000368595,2.0888
2027-01-09 19:00:00.000368834,2.0888
2027-01-09 20:00:00.000368834,2.0888
2027-01-09 21:00:00.000369072,2.0888
2027-01-09 22:00:00.000369072,2.0888
2027-01-09 23:00:00.000369310,2.0888
2027-01-10 00:00:00.000369310,2.0804
2027-01-10 01:00:00.000369549,2.0804
2027-01-10 02:00:00.000369549,2.0804
2027-01-10 03:00:00.000369549,2.0804
2027-01-10 04:00:00.000369787,2.0804
2027-01-10 05:00:00.000369787,2.0804
2027-01-10 06:00:00.000370026,2.0804
2027-01-10 07:00:00.000370026,2.0804
2027-01-10 08:00:00.000370264,2.0804
2027-01-10 09:00:00.000370264,2.0804
2027-01-10 10:00:00.000370264,2.0804
2027-01-10 11:00:00.000370502,2.0804
2027-01-10 12:00:00.000370502,2.0804
2027-01-10 13:00:00.000370741,2.0804
2027-01-10 14:00:00.000370741,2.0804
2027-01-10 15:00:00.000370979,2.0804
2027-01-10 16:00:00.000370979,2.0804
2027-01-10 17:00:00.000371218,2.0804
2027-01-10 18:00:00.000371218,2.0804
2027-01-10 19:00:00.000371218,2.0804
2027-01-10 20:00:00.000371456,2.0804
2027-01-10 21:00:00.000371456,2.0804
2027-01-10 22:00:00.000371695,2.0804
2027-01-10 23:00:00.000371695,2.0804
2027-01-11 00:00:00.000371933,2.0721
2027-01-11 01:00:00.000371933,2.0721
2027-01-11 02:00:00.000371933,2.0721
2027-01-11 03:00:00.000372171,2.0721
2027-01-11 04:00:00.000372171,2.0721
2027-01-11 05:00:00.000372410,2.0721
2027-01-11 06:00:00.000372410,2.0721
2027-01-11 07:00:00.000372648,2.0721
2027-01-11 08:00:00.000372648,2.0721
2027-01-11 09:00:00.000372887,2.0721
2027-01-11 10:00:00.000372887,2.0721
2027-01-11 11:00:00.000372887,2.0721
2027-01-11 12:00:00.000373125,2.0721
2027-01-11 13:00:00.000373125,2.0721
2027-01-11 14:00:00.000373363,2.0721
2027-01-11 15:00:00.000373363,2.0721
2027-01-11 16:00:00.000373602,2.0721
2027-01-11 17:00:00.000373602,2.0721
2027-01-11 18:00:00.000373840,2.0721
2027-01-11 19:00:00.000373840,2.0721
2027-01-11 20:00:00.000373840,2.0721
2027-01-11 21:00:00.000374079,2.0721
2027-01-11 22:00:00.000374079,2.0721
2027-01-11 23:00:00.000374317,2.0721
2027-01-12 00:00:00.000374317,2.0637
2027-01-12 01:00:00.000374556,2.0637
2027-01-12 02:00:00.000374556,2.0637
2027-01-12 03:00:00.000374556,2.0637
2027-01-12 04:00:00.000374794,2.0637
2027-01-12 05:00:00.000374794,2.0637
2027-01-12 06:00:00.000375032,2.0637
2027-01-12 07:00:00.000375032,2.0637
2027-01-12 08:00:00.000375271,2.0637
2027-01-12 09:00:00.000375271,2.0637
2027-01-12 10:00:00.000375509,2.0637
2027-01-12 11:00:00.000375509,2.0637
2027-01-12 12:00:00.000375509,2.0637
2027-01-12 13:00:00.000375748,2.0637
2027-01-12 14:00:00.000375748,2.0637
2027-01-12 15:00:00.000375986,2.0637
2027-01-12 16:00:00.000375986,2.0637
2027-01-12 17:00:00.000376225,2.0637
2027-01-12 18:00:00.000376225,2.0637
2027-01-12 19:00:00.000376463,2.0637
2027-01-12 20:00:00.000376463,2.0637
2027-01-12 21:00:00.000376463,2.0637
2027-01-12 22:00:00.000376701,2.0637
2027-01-12 23:00:00.000376701,2.0637
2027-01-13 00:00:00.000376940,2.0553
2027-01-13 01:00:00.000376940,2.0553
2027-01-13 02:00:00.000377178,2.0553
2027-01-13 03:00:00.000377178,2.0553
2027-01-13 04:00:00.000377178,2.0553
2027-01-13 05:00:00.000377417,2.0553
2027-01-13 06:00:00.000377417,2.0553
2027-01-13 07:00:00.000377655,2.0553
2027-01-13 08:00:00.000377655,2.0553
2027-01-13 09:00:00.000377893,2.0553
2027-01-13 10:00:00.000377893,2.0553
2027-01-13 11:00:00.000378132,2.0553
2027-01-13 12:00:00.000378132,2.0553
2027-01-13 13:00:00.000378132,2.0553
2027-01-13 14:00:00.000378370,2.0553
2027-01-13 15:00:00.000378370,2.0553
2027-01-13 16:00:00.000378609,2.0553
2027-01-13 17:00:00.000378609,2.0553
2027-01-13 18:00:00.000378847,2.0553
2027-01-13 19:00:00.000378847,2.0553
2027-01-13 20:00:00.000379086,2.0553
2027-01-13 21:00:00.000379086,2.0553
2027-01-13 22:00:00.000379086,2.0553
2027-01-13 23:00:00.000379324,2.0553
2027-01-14 00:00:00.000379324,2.0469
2027-01-14 01:00:00.000379562,2.0469
2027-01-14 02:00:00.000379562,2.0469
2027-01-14 03:00:00.000379801,2.0469
2027-01-14 04:00:00.000379801,2.0469
2027-01-14 05:00:00.000379801,2.0469
2027-01-14 06:00:00.000380039,2.0469
2027-01-14 07:00:00.000380039,2.0469
2027-01-14 08:00:00.000380278,2.0469
2027-01-14 09:00:00.000380278,2.0469
2027-01-14 10:00:00.000380516,2.0469
2027-01-14 11:00:00.000380516,2.0469
2027-01-14 12:00:00.000380754,2.0469
2027-01-14 13:00:00.000380754,2.0469
2027-01-14 14:00:00.000380754,2.0469
2027-01-14 15:00:00.000380993,2.0469
2027-01-14 16:00:00.000380993,2.0469
2027-01-14 17:00:00.000381231,2.0469
2027-01-14 18:00:00.000381231,2.0469
2027-01-14 19:00:00.000381470,2.0469
2027-01-14 20:00:00.000381470,2.0469
2027-01-14 21:00:00.000381470,2.0469
2027-01-14 22:00:00.000381708,2.0469
2027-01-14 23:00:00.000381708,2.0469
2027-01-15 00:00:00.000381947,2.0385
2027-01-15 01:00:00.000381947,2.0385
2027-01-15 02:00:00.000382185,2.0385
2027-01-15 03:00:00.000382185,2.0385
2027-01-15 04:00:00.000382423,2.0385
2027-01-15 05:00:00.000382423,2.0385
2027-01-15 06:00:00.000382423,2.0385
2027-01-15 07:00:00.000382662,2.0385
2027-01-15 08:00:00.000382662,2.0385
2027-01-15 09:00:00.000382900,2.0385
2027-01-15 10:00:00.000382900,2.0385
2027-01-15 11:00:00.000383139,2.0385
2027-01-15 12:00:00.000383139,2.0385
2027-01-15 13:00:00.000383377,2.0385
2027-01-15 14:00:00.000383377,2.0385
2027-01-15 15:00:00.000383377,2.0385
2027-01-15 16:00:00.000383615,2.0385
2027-01-15 17:00:00.000383615,2.0385
2027-01-15 18:00:00.000383854,2.0385
2027-01-15 19:00:00.000383854,2.0385
2027-01-15 20:00:00.000384092,2.0385
2027-01-15 21:00:00.000384092,2.0385
2027-01-15 22:00:00.000384092,2.0385
2027-01-15 23:00:00.000384331,2.0385
2027-01-16 00:00:00.000384331,2.0301
2027-01-16 01:00:00.000384569,2.0301
2027-01-16 02:00:00.000384569,2.0301
2027-01-16 03:00:00.000384808,2.0301
2027-01-16 04:00:00.000384808,2.0301
2027-01-16 05:00:00.000385046,2.0301
2027-01-16 06:00:00.000385046,2.0301
2027-01-16 07:00:00.000385046,2.0301
2027-01-16 08:00:00.000385284,2.0301
2027-01-16 09:00:00.000385284,2.0301
2027-01-16 10:00:00.000385523,2.0301
2027-01-16 11:00:00.000385523,2.0301
2027-01-16 12:00:00.000385761,2.0301
2027-01-16 13:00:00.000385761,2.0301
2027-01-16 14:00:00.000386000,2.0301
2027-01-16 15:00:00.000386000,2.0301
2027-01-16 16:00:00.000386000,2.0301
2027-01-16 17:00:00.000386238,2.0301
2027-01-16 18:00:00.000386238,2.0301
2027-01-16 19:00:00.000386477,2.0301
2027-01-16 20:00:00.000386477,2.0301
2027-01-16 21:00:00.000386715,2.0301
2027-01-16 22:00:00.000386715,2.0301
2027-01-16 23:00:00.000386715,2.0301
2027-01-17 00:00:00.000386953,2.0218
2027-01-17 01:00:00.000386953,2.0218
2027-01-17 02:00:00.000387192,2.0218
2027-01-17 03:00:00.000387192,2.0218
2027-01-17 04:00:00.000387430,2.0218
2027-01-17 05:00:00.000387430,2.0218
2027-01-17 06:00:00.000387669,2.0218
2027-01-17 07:00:00.000387669,2.0218
2027-01-17 08:00:00.000387669,2.0218
2027-01-17 09:00:00.000387907,2.0218
2027-01-17 10:00:00.000387907,2.0218
2027-01-17 11:00:00.000388145,2.0218
2027-01-17 12:00:00.000388145,2.0218
2027-01-17 13:00:00.000388384,2.0218
2027-01-17 14:00:00.000388384,2.0218
2027-01-17 15:00:00.000388384,2.0218
2027-01-17 16:00:00.000388622,2.0218
2027-01-17 17:00:00.000388622,2.0218
2027-01-17 18:00:00.000388861,2.0218
2027-01-17 19:00:00.000388861,2.0218
2027-01-17 20:00:00.000389099,2.0218
2027-01-17 21:00:00.000389099,2.0218
2027-01-17 22:00:00.000389338,2.0218
2027-01-17 23:00:00.000389338,2.0218
2027-01-18 00:00:00.000389338,2.0134
2027-01-18 01:00:00.000389576,2.0134
2027-01-18 02:00:00.000389576,2.0134
2027-01-18 03:00:00.000389814,2.0134
2027-01-18 04:00:00.000389814,2.0134
2027-01-18 05:00:00.000390053,2.0134
2027-01-18 06:00:00.000390053,2.0134
2027-01-18 07:00:00.000390291,2.0134
2027-01-18 08:00:00.000390291,2.0134
2027-01-18 09:00:00.000390291,2.0134
2027-01-18 10:00:00.000390530,2.0134
2027-01-18 11:00:00.000390530,2.0134
2027-01-18 12:00:00.000390768,2.0134
2027-01-18 13:00:00.000390768,2.0134
2027-01-18 14:00:00.000391006,2.0134
2027-01-18 15:00:00.000391006,2.0134
2027-01-18 16:00:00.000391006,2.0134
2027-01-18 17:00:00.000391245,2.0134
2027-01-18 18:00:00.000391245,2.0134
2027-01-18 19:00:00.000391483,2.0134
2027-01-18 20:00:00.000391483,2.0134
2027-01-18 21:00:00.000391722,2.0134
2027-01-18 22:00:00.000391722,2.0134
2027-01-18 23:00:00.000391960,2.0134
2027-01-19 00:00:00.000391960,2.005
2027-01-19 01:00:00.000391960,2.005
2027-01-19 02:00:00.000392199,2.005
2027-01-19 03:00:00.000392199,2.005
2027-01-19 04:00:00.000392437,2.005
2027-01-19 05:00:00.000392437,2.005
2027-01-19 06:00:00.000392675,2.005
2027-01-19 07:00:00.000392675,2.005
2027-01-19 08:00:00.000392914,2.005
2027-01-19 09:00:00.000392914,2.005
2027-01-19 10:00:00.000392914,2.005
2027-01-19 11:00:00.000393152,2.005
2027-01-19 12:00:00.000393152,2.005
2027-01-19 13:00:00.000393391,2.005
2027-01-19 14:00:00.000393391,2.005
2027-01-19 15:00:00.000393629,2.005
2027-01-19 16:00:00.000393629,2.005
2027-01-19 17:00:00.000393629,2.005
2027-01-19 18:00:00.000393867,2.005
2027-01-19 19:00:00.000393867,2.005
2027-01-19 20:00:00.000394106,2.005
2027-01-19 21:00:00.000394106,2.005
2027-01-19 22:00:00.000394344,2.005
2027-01-19 23:00:00.000394344,2.005
2027-01-20 00:00:00.000394583,1.9967
2027-01-20 01:00:00.000394583,1.9967
2027-01-20 02:00:00.000394583,1.9967
2027-01-20 03:00:00.000394821,1.9967
2027-01-20 04:00:00.000394821,1.9967
2027-01-20 05:00:00.000395060,1.9967
2027-01-20 06:00:00.000395060,1.9967
2027-01-20 07:00:00.000395298,1.9967
2027-01-20 08:00:00.000395298,1.9967
2027-01-20 09:00:00.000395298,1.9967
2027-01-20 10:00:00.000395536,1.9967
2027-01-20 11:00:00.000395536,1.9967
2027-01-20 12:00:00.000395775,1.9967
2027-01-20 13:00:00.000395775,1.9967
2027-01-20 14:00:00.000396013,1.9967
2027-01-20 15:00:00.000396013,1.9967
2027-01-20 16:00:00.000396252,1.9967
2027-01-20 17:00:00.000396252,1.9967
2027-01-20 18:00:00.000396252,1.9967
2027-01-20 19:00:00.000396490,1.9967
2027-01-20 20:00:00.000396490,1.9967
2027-01-20 21:00:00.000396729,1.9967
2027-01-20 22:00:00.000396729,1.9967
2027-01-20 23:00:00.000396967,1.9967
2027-01-21 00:00:00.000396967,1.9882
2027-01-21 01:00:00.000397205,1.9882
2027-01-21 02:00:00.000397205,1.9882
2027-01-21 03:00:00.000397205,1.9882
2027-01-21 04:00:00.000397444,1.9882
2027-01-21 05:00:00.000397444,1.9882
2027-01-21 06:00:00.000397682,1.9882
2027-01-21 07:00:00.000397682,1.9882
2027-01-21 08:00:00.000397921,1.9882
2027-01-21 09:00:00.000397921,1.9882
2027-01-21 10:00:00.000397921,1.9882
2027-01-21 11:00:00.000398159,1.9882
2027-01-21 12:00:00.000398159,1.9882
2027-01-21 13:00:00.000398397,1.9882
2027-01-21 14:00:00.000398397,1.9882
2027-01-21 15:00:00.000398636,1.9882
2027-01-21 16:00:00.000398636,1.9882
2027-01-21 17:00:00.000398874,1.9882
2027-01-21 18:00:00.000398874,1.9882
2027-01-21 19:00:00.000398874,1.9882
2027-01-21 20:00:00.000399113,1.9882
2027-01-21 21:00:00.000399113,1.9882
2027-01-21 22:00:00.000399351,1.9882
2027-01-21 23:00:00.000399351,1.9882
2027-01-22 00:00:00.000399590,1.9799
2027-01-22 01:00:00.000399590,1.9799
2027-01-22 02:00:00.000399828,1.9799
2027-01-22 03:00:00.000399828,1.9799
2027-01-22 04:00:00.000399828,1.9799
2027-01-22 05:00:00.000400066,1.9799
2027-01-22 06:00:00.000400066,1.9799
2027-01-22 07:00:00.000400305,1.9799
2027-01-22 08:00:00.000400305,1.9799
2027-01-22 09:00:00.000400543,1.9799
2027-01-22 10:00:00.000400543,1.9799
2027-01-22 11:00:00.000400543,1.9799
2027-01-22 12:00:00.000400782,1.9799
2027-01-22 13:00:00.000400782,1.9799
2027-01-22 14:00:00.000401020,1.9799
2027-01-22 15:00:00.000401020,1.9799
2027-01-22 16:00:00.000401258,1.9799
2027-01-22 17:00:00.000401258,1.9799
2027-01-22 18:00:00.000401497,1.9799
2027-01-22 19:00:00.000401497,1.9799
2027-01-22 20:00:00.000401497,1.9799
2027-01-22 21:00:00.000401735,1.9799
2027-01-22 22:00:00.000401735,1.9799
2027-01-22 23:00:00.000401974,1.9799
2027-01-23 00:00:00.000401974,1.9715
2027-01-23 01:00:00.000402212,1.9715
2027-01-23 02:00:00.000402212,1.9715
2027-01-23 03:00:00.000402451,1.9715
2027-01-23 04:00:00.000402451,1.9715
2027-01-23 05:00:00.000402451,1.9715
2027-01-23 06:00:00.000402689,1.9715
2027-01-23 07:00:00.000402689,1.9715
2027-01-23 08:00:00.000402927,1.9715
2027-01-23 09:00:00.000402927,1.9715
2027-01-23 10:00:00.000403166,1.9715
2027-01-23 11:00:00.000403166,1.9715
2027-01-23 12:00:00.000403166,1.9715
2027-01-23 13:00:00.000403404,1.9715
2027-01-23 14:00:00.000403404,1.9715
2027-01-23 15:00:00.000403643,1.9715
2027-01-23 16:00:00.000403643,1.9715
2027-01-23 17:00:00.000403881,1.9715
2027-01-23 18:00:00.000403881,1.9715
2027-01-23 19:00:00.000404119,1.9715
2027-01-23 20:00:00.000404119,1.9715
2027-01-23 21:00:00.000404119,1.9715
2027-01-23 22:00:00.000404358,1.9715
2027-01-23 23:00:00.000404358,1.9715
2027-01-24 00:00:00.000404596,1.9631
2027-01-24 01:00:00.000404596,1.9631
2027-01-24 02:00:00.000404835,1.9631
2027-01-24 03:00:00.000404835,1.9631
2027-01-24 04:00:00.000404835,1.9631
2027-01-24 05:00:00.000405073,1.9631
2027-01-24 06:00:00.000405073,1.9631
2027-01-24 07:00:00.000405312,1.9631
2027-01-24 08:00:00.000405312,1.9631
2027-01-24 09:00:00.000405550,1.9631
2027-01-24 10:00:00.000405550,1.9631
2027-01-24 11:00:00.000405788,1.9631
2027-01-24 12:00:00.000405788,1.9631
2027-01-24 13:00:00.000405788,1.9631
2027-01-24 14:00:00.000406027,1.9631
2027-01-24 15:00:00.000406027,1.9631
2027-01-24 16:00:00.000406265,1.9631
2027-01-24 17:00:00.000406265,1.9631
2027-01-24 18:00:00.000406504,1.9631
2027-01-24 19:00:00.000406504,1.9631
2027-01-24 20:00:00.000406742,1.9631
2027-01-24 21:00:00.000406742,1.9631
2027-01-24 22:00:00.000406742,1.9631
2027-01-24 23:00:00.000406981,1.9631
2027-01-25 00:00:00.000406981,1.9548
2027-01-25 01:00:00.000407219,1.9548
2027-01-25 02:00:00.000407219,1.9548
2027-01-25 03:00:00.000407457,1.9548
2027-01-25 04:00:00.000407457,1.9548
2027-01-25 05:00:00.000407457,1.9548
2027-01-25 06:00:00.000407696,1.9548
2027-01-25 07:00:00.000407696,1.9548
2027-01-25 08:00:00.000407934,1.9548
2027-01-25 09:00:00.000407934,1.9548
2027-01-25 10:00:00.000408173,1.9548
2027-01-25 11:00:00.000408173,1.9548
2027-01-25 12:00:00.000408411,1.9548
2027-01-25 13:00:00.000408411,1.9548
2027-01-25 14:00:00.000408411,1.9548
2027-01-25 15:00:00.000408649,1.9548
2027-01-25 16:00:00.000408649,1.9548
2027-01-25 17:00:00.000408888,1.9548
2027-01-25 18:00:00.000408888,1.9548
2027-01-25 19:00:00.000409126,1.9548
2027-01-25 20:00:00.000409126,1.9548
2027-01-25 21:00:00.000409365,1.9548
2027-01-25 22:00:00.000409365,1.9548
2027-01-25 23:00:00.000409365,1.9548
2027-01-26 00:00:00.000409603,1.9463
2027-01-26 01:00:00.000409603,1.9463
2027-01-26 02:00:00.000409842,1.9463
2027-01-26 03:00:00.000409842,1.9463
2027-01-26 04:00:00.000410080,1.9463
2027-01-26 05:00:00.000410080,1.9463
2027-01-26 06:00:00.000410080,1.9463
2027-01-26 07:00:00.000410318,1.9463
2027-01-26 08:00:00.000410318,1.9463
2027-01-26 09:00:00.000410557,1.9463
2027-01-26 10:00:00.000410557,1.9463
2027-01-26 11:00:00.000410795,1.9463
2027-01-26 12:00:00.000410795,1.9463
2027-01-26 13:00:00.000411034,1.9463
2027-01-26 14:00:00.000411034,1.9463
2027-01-26 15:00:00.000411034,1.9463
2027-01-26 16:00:00.000411272,1.9463
2027-01-26 17:00:00.000411272,1.9463
2027-01-26 18:00:00.000411510,1.9463
2027-01-26 19:00:00.000411510,1.9463
2027-01-26 20:00:00.000411749,1.9463
2027-01-26 21:00:00.000411749,1.9463
2027-01-26 22:00:00.000411749,1.9463
2027-01-26 23:00:00.000411987,1.9463
2027-01-27 00:00:00.000411987,1.938
2027-01-27 01:00:00.000412226,1.938
2027-01-27 02:00:00.000412226,1.938
2027-01-27 03:00:00.000412464,1.938
2027-01-27 04:00:00.000412464,1.938
2027-01-27 05:00:00.000412703,1.938
2027-01-27 06:00:00.000412703,1.938
2027-01-27 07:00:00.000412703,1.938
2027-01-27 08:00:00.000412941,1.938
2027-01-27 09:00:00.000412941,1.938
2027-01-27 10:00:00.000413179,1.938
2027-01-27 11:00:00.000413179,1.938
2027-01-27 12:00:00.000413418,1.938
2027-01-27 13:00:00.000413418,1.938
2027-01-27 14:00:00.000413656,1.938
2027-01-27 15:00:00.000413656,1.938
2027-01-27 16:00:00.000413656,1.938
2027-01-27 17:00:00.000413895,1.938
2027-01-27 18:00:00.000413895,1.938
2027-01-27 19:00:00.000414133,1.938
2027-01-27 20:00:00.000414133,1.938
2027-01-27 21:00:00.000414371,1.938
2027-01-27 22:00:00.000414371,1.938
2027-01-27 23:00:00.000414371,1.938
2027-01-28 00:00:00.000414610,1.9296
2027-01-28 01:00:00.000414610,1.9296
2027-01-28 02:00:00.000414848,1.9296
2027-01-28 03:00:00.000414848,1.9296
2027-01-28 04:00:00.000415087,1.9296
2027-01-28 05:00:00.000415087,1.9296
2027-01-28 06:00:00.000415325,1.9296
2027-01-28 07:00:00.000415325,1.9296
2027-01-28 08:00:00.000415325,1.9296
2027-01-28 09:00:00.000415564,1.9296
2027-01-28 10:00:00.000415564,1.9296
2027-01-28 11:00:00.000415802,1.9296
2027-01-28 12:00:00.000415802,1.9296
2027-01-28 13:00:00.000416040,1.9296
2027-01-28 14:00:00.000416040,1.9296
2027-01-28 15:00:00.000416279,1.9296
2027-01-28 16:00:00.000416279,1.9296
2027-01-28 17:00:00.000416279,1.9296
2027-01-28 18:00:00.000416517,1.9296
2027-01-28 19:00:00.000416517,1.9296
2027-01-28 20:00:00.000416756,1.9296
2027-01-28 21:00:00.000416756,1.9296
2027-01-28 22:00:00.000416994,1.9296
2027-01-28 23:00:00.000416994,1.9296
2027-01-29 00:00:00.000416994,1.9212
2027-01-29 01:00:00.000417233,1.9212
2027-01-29 02:00:00.000417233,1.9212
2027-01-29 03:00:00.000417471,1.9212
2027-01-29 04:00:00.000417471,1.9212
2027-01-29 05:00:00.000417709,1.9212
2027-01-29 06:00:00.000417709,1.9212
2027-01-29 07:00:00.000417948,1.9212
2027-01-29 08:00:00.000417948,1.9212
2027-01-29 09:00:00.000417948,1.9212
2027-01-29 10:00:00.000418186,1.9212
2027-01-29 11:00:00.000418186,1.9212
2027-01-29 12:00:00.000418425,1.9212
2027-01-29 13:00:00.000418425,1.9212
2027-01-29 14:00:00.000418663,1.9212
2027-01-29 15:00:00.000418663,1.9212
2027-01-29 16:00:00.000418663,1.9212
2027-01-29 17:00:00.000418901,1.9212
2027-01-29 18:00:00.000418901,1.9212
2027-01-29 19:00:00.000419140,1.9212
2027-01-29 20:00:00.000419140,1.9212
2027-01-29 21:00:00.000419378,1.9212
2027-01-29 22:00:00.000419378,1.9212
2027-01-29 23:00:00.000419617,1.9212
2027-01-30 00:00:00.000419617,1.9129
2027-01-30 01:00:00.000419617,1.9129
2027-01-30 02:00:00.000419855,1.9129
2027-01-30 03:00:00.000419855,1.9129
2027-01-30 04:00:00.000420094,1.9129
2027-01-30 05:00:00.000420094,1.9129
2027-01-30 06:00:00.000420332,1.9129
2027-01-30 07:00:00.000420332,1.9129
2027-01-30 08:00:00.000420570,1.9129
2027-01-30 09:00:00.000420570,1.9129
2027-01-30 10:00:00.000420570,1.9129
2027-01-30 11:00:00.000420809,1.9129
2027-01-30 12:00:00.000420809,1.9129
2027-01-30 13:00:00.000421047,1.9129
2027-01-30 14:00:00.000421047,1.9129
2027-01-30 15:00:00.000421286,1.9129
2027-01-30 16:00:00.000421286,1.9129
2027-01-30 17:00:00.000421286,1.9129
2027-01-30 18:00:00.000421524,1.9129
2027-01-30 19:00:00.000421524,1.9129
2027-01-30 20:00:00.000421762,1.9129
2027-01-30 21:00:00.000421762,1.9129
2027-01-30 22:00:00.000422001,1.9129
2027-01-30 23:00:00.000422001,1.9129
2027-01-31 00:00:00.000422239,1.9044
2027-01-31 01:00:00.000422239,1.9044
2027-01-31 02:00:00.000422239,1.9044
2027-01-31 03:00:00.000422478,1.9044
2027-01-31 04:00:00.000422478,1.9044
2027-01-31 05:00:00.000422716,1.9044
2027-01-31 06:00:00.000422716,1.9044
2027-01-31 07:00:00.000422955,1.9044
2027-01-31 08:00:00.000422955,1.9044
2027-01-31 09:00:00.000423193,1.9044
2027-01-31 10:00:00.000423193,1.9044
2027-01-31 11:00:00.000423193,1.9044
2027-01-31 12:00:00.000423431,1.9044
2027-01-31 13:00:00.000423431,1.9044
2027-01-31 14:00:00.000423670,1.9044
2027-01-31 15:00:00.000423670,1.9044
2027-01-31 16:00:00.000423908,1.9044
2027-01-31 17:00:00.000423908,1.9044
2027-01-31 18:00:00.000423908,1.9044
2027-01-31 19:00:00.000424147,1.9044
2027-01-31 20:00:00.000424147,1.9044
2027-01-31 21:00:00.000424385,1.9044
2027-01-31 22:00:00.000424385,1.9044
2027-01-31 23:00:00.000424623,1.9044
2027-02-01 00:00:00.000424623,1.8961
2027-02-01 01:00:00.000424862,1.8961
2027-02-01 02:00:00.000424862,1.8961
2027-02-01 03:00:00.000424862,1.8961
2027-02-01 04:00:00.000425100,1.8961
2027-02-01 05:00:00.000425100,1.8961
2027-02-01 06:00:00.000425339,1.8961
2027-02-01 07:00:00.000425339,1.8961
2027-02-01 08:00:00.000425577,1.8961
2027-02-01 09:00:00.000425577,1.8961
2027-02-01 10:00:00.000425577,1.8961
2027-02-01 11:00:00.000425816,1.8961
2027-02-01 12:00:00.000425816,1.8961
2027-02-01 13:00:00.000426054,1.8961
2027-02-01 14:00:00.000426054,1.8961
2027-02-01 15:00:00.000426292,1.8961
2027-02-01 16:00:00.000426292,1.8961
2027-02-01 17:00:00.000426531,1.8961
2027-02-01 18:00:00.000426531,1.8961
2027-02-01 19:00:00.000426531,1.8961
2027-02-01 20:00:00.000426769,1.8961
2027-02-01 21:00:00.000426769,1.8961
2027-02-01 22:00:00.000427008,1.8961
2027-02-01 23:00:00.000427008,1.8961
2027-02-02 00:00:00.000427246,1.8877
2027-02-02 01:00:00.000427246,1.8877
2027-02-02 02:00:00.000427485,1.8877
2027-02-02 03:00:00.000427485,1.8877
2027-02-02 04:00:00.000427485,1.8877
2027-02-02 05:00:00.000427723,1.8877
2027-02-02 06:00:00.000427723,1.8877
2027-02-02 07:00:00.000427961,1.8877
2027-02-02 08:00:00.000427961,1.8877
2027-02-02 09:00:00.000428200,1.8877
2027-02-02 10:00:00.000428200,1.8877
2027-02-02 11:00:00.000428200,1.8877
2027-02-02 12:00:00.000428438,1.8877
2027-02-02 13:00:00.000428438,1.8877
2027-02-02 14:00:00.000428677,1.8877
2027-02-02 15:00:00.000428677,1.8877
2027-02-02 16:00:00.000428915,1.8877
2027-02-02 17:00:00.000428915,1.8877
2027-02-02 18:00:00.000429153,1.8877
2027-02-02 19:00:00.000429153,1.8877
2027-02-02 20:00:00.000429153,1.8877
2027-02-02 21:00:00.000429392,1.8877
2027-02-02 22:00:00.000429392,1.8877
2027-02-02 23:00:00.000429630,1.8877
2027-02-03 00:00:00.000429630,1.8793
2027-02-03 01:00:00.000429869,1.8793
2027-02-03 02:00:00.000429869,1.8793
2027-02-03 03:00:00.000430107,1.8793
2027-02-03 04:00:00.000430107,1.8793
2027-02-03 05:00:00.000430107,1.8793
2027-02-03 06:00:00.000430346,1.8793
2027-02-03 07:00:00.000430346,1.8793
2027-02-03 08:00:00.000430584,1.8793
2027-02-03 09:00:00.000430584,1.8793
2027-02-03 10:00:00.000430822,1.8793
2027-02-03 11:00:00.000430822,1.8793
2027-02-03 12:00:00.000430822,1.8793
2027-02-03 13:00:00.000431061,1.8793
2027-02-03 14:00:00.000431061,1.8793
2027-02-03 15:00:00.000431299,1.8793
2027-02-03 16:00:00.000431299,1.8793
2027-02-03 17:00:00.000431538,1.8793
2027-02-03 18:00:00.000431538,1.8793
2027-02-03 19:00:00.000431776,1.8793
2027-02-03 20:00:00.000431776,1.8793
2027-02-03 21:00:00.000431776,1.8793
2027-02-03 22:00:00.000432014,1.8793
2027-02-03 23:00:00.000432014,1.8793
2027-02-04 00:00:00.000432253,1.8709
2027-02-04 01:00:00.000432253,1.8709
2027-02-04 02:00:00.000432491,1.8709
2027-02-04 03:00:00.000432491,1.8709
2027-02-04 04:00:00.000432730,1.8709
2027-02-04 05:00:00.000432730,1.8709
2027-02-04 06:00:00.000432730,1.8709
2027-02-04 07:00:00.000432968,1.8709
2027-02-04 08:00:00.000432968,1.8709
2027-02-04 09:00:00.000433207,1.8709
2027-02-04 10:00:00.000433207,1.8709
2027-02-04 11:00:00.000433445,1.8709
2027-02-04 12:00:00.000433445,1.8709
2027-02-04 13:00:00.000433445,1.8709
2027-02-04 14:00:00.000433683,1.8709
2027-02-04 15:00:00.000433683,1.8709
2027-02-04 16:00:00.000433922,1.8709
2027-02-04 17:00:00.000433922,1.8709
2027-02-04 18:00:00.000434160,1.8709
2027-02-04 19:00:00.000434160,1.8709
2027-02-04 20:00:00.000434399,1.8709
2027-02-04 21:00:00.000434399,1.8709
2027-02-04 22:00:00.000434399,1.8709
2027-02-04 23:00:00.000434637,1.8709
2027-02-05 00:00:00.000434637,1.8626
2027-02-05 01:00:00.000434875,1.8626
2027-02-05 02:00:00.000434875,1.8626
2027-02-05 03:00:00.000435114,1.8626
2027-02-05 04:00:00.000435114,1.8626
2027-02-05 05:00:00.000435114,1.8626
2027-02-05 06:00:00.000435352,1.8626
2027-02-05 07:00:00.000435352,1.8626
2027-02-05 08:00:00.000435591,1.8626
2027-02-05 09:00:00.000435591,1.8626
2027-02-05 10:00:00.000435829,1.8626
2027-02-05 11:00:00.000435829,1.8626
2027-02-05 12:00:00.000436068,1.8626
2027-02-05 13:00:00.000436068,1.8626
2027-02-05 14:00:00.000436068,1.8626
2027-02-05 15:00:00.000436306,1.8626
2027-02-05 16:00:00.000436306,1.8626
2027-02-05 17:00:00.000436544,1.8626
2027-02-05 18:00:00.000436544,1.8626
2027-02-05 19:00:00.000436783,1.8626
2027-02-05 20:00:00.000436783,1.8626
2027-02-05 21:00:00.000437021,1.8626
2027-02-05 22:00:00.000437021,1.8626
2027-02-05 23:00:00.000437021,1.8626
2027-02-06 00:00:00.000437260,1.8542
2027-02-06 01:00:00.000437260,1.8542
2027-02-06 02:00:00.000437498,1.8542
2027-02-06 03:00:00.000437498,1.8542
2027-02-06 04:00:00.000437737,1.8542
2027-02-06 05:00:00.000437737,1.8542
2027-02-06 06:00:00.000437737,1.8542
2027-02-06 07:00:00.000437975,1.8542
2027-02-06 08:00:00.000437975,1.8542
2027-02-06 09:00:00.000438213,1.8542
2027-02-06 10:00:00.000438213,1.8542
2027-02-06 11:00:00.000438452,1.8542
2027-02-06 12:00:00.000438452,1.8542
2027-02-06 13:00:00.000438690,1.8542
2027-02-06 14:00:00.000438690,1.8542
2027-02-06 15:00:00.000438690,1.8542
2027-02-06 16:00:00.000438929,1.8542
2027-02-06 17:00:00.000438929,1.8542
2027-02-06 18:00:00.000439167,1.8542
2027-02-06 19:00:00.000439167,1.8542
2027-02-06 20:00:00.000439405,1.8542
2027-02-06 21:00:00.000439405,1.8542
2027-02-06 22:00:00.000439644,1.8542
2027-02-06 23:00:00.000439644,1.8542
2027-02-07 00:00:00.000439644,1.8458
2027-02-07 01:00:00.000439882,1.8458
2027-02-07 02:00:00.000439882,1.8458
2027-02-07 03:00:00.000440121,1.8458
2027-02-07 04:00:00.000440121,1.8458
2027-02-07 05:00:00.000440359,1.8458
2027-02-07 06:00:00.000440359,1.8458
2027-02-07 07:00:00.000440359,1.8458
2027-02-07 08:00:00.000440598,1.8458
2027-02-07 09:00:00.000440598,1.8458
2027-02-07 10:00:00.000440836,1.8458
2027-02-07 11:00:00.000440836,1.8458
2027-02-07 12:00:00.000441074,1.8458
2027-02-07 13:00:00.000441074,1.8458
2027-02-07 14:00:00.000441313,1.8458
2027-02-07 15:00:00.000441313,1.8458
2027-02-07 16:00:00.000441313,1.8458
2027-02-07 17:00:00.000441551,1.8458
2027-02-07 18:00:00.000441551,1.8458
2027-02-07 19:00:00.000441790,1.8458
2027-02-07 20:00:00.000441790,1.8458
2027-02-07 21:00:00.000442028,1.8458
2027-02-07 22:00:00.000442028,1.8458
2027-02-07 23:00:00.000442028,1.8458
2027-02-08 00:00:00.000442266,1.8374
2027-02-08 01:00:00.000442266,1.8374
2027-02-08 02:00:00.000442505,1.8374
2027-02-08 03:00:00.000442505,1.8374
2027-02-08 04:00:00.000442743,1.8374
2027-02-08 05:00:00.000442743,1.8374
2027-02-08 06:00:00.000442982,1.8374
2027-02-08 07:00:00.000442982,1.8374
2027-02-08 08:00:00.000442982,1.8374
2027-02-08 09:00:00.000443220,1.8374
2027-02-08 10:00:00.000443220,1.8374
2027-02-08 11:00:00.000443459,1.8374
2027-02-08 12:00:00.000443459,1.8374
2027-02-08 13:00:00.000443697,1.8374
2027-02-08 14:00:00.000443697,1.8374
2027-02-08 15:00:00.000443935,1.8374
2027-02-08 16:00:00.000443935,1.8374
2027-02-08 17:00:00.000443935,1.8374
2027-02-08 18:00:00.000444174,1.8374
2027-02-08 19:00:00.000444174,1.8374
2027-02-08 20:00:00.000444412,1.8374
2027-02-08 21:00:00.000444412,1.8374
2027-02-08 22:00:00.000444651,1.8374
2027-02-08 23:00:00.000444651,1.8374
2027-02-09 00:00:00.000444651,1.829
2027-02-09 01:00:00.000444889,1.829
2027-02-09 02:00:00.000444889,1.829
2027-02-09 03:00:00.000445127,1.829
2027-02-09 04:00:00.000445127,1.829
2027-02-09 05:00:00.000445366,1.829
2027-02-09 06:00:00.000445366,1.829
2027-02-09 07:00:00.000445604,1.829
2027-02-09 08:00:00.000445604,1.829
2027-02-09 09:00:00.000445604,1.829
2027-02-09 10:00:00.000445843,1.829
2027-02-09 11:00:00.000445843,1.829
2027-02-09 12:00:00.000446081,1.829
2027-02-09 13:00:00.000446081,1.829
2027-02-09 14:00:00.000446320,1.829
2027-02-09 15:00:00.000446320,1.829
2027-02-09 16:00:00.000446558,1.829
2027-02-09 17:00:00.000446558,1.829
2027-02-09 18:00:00.000446558,1.829
2027-02-09 19:00:00.000446796,1.829
2027-02-09 20:00:00.000446796,1.829
2027-02-09 21:00:00.000447035,1.829
2027-02-09 22:00:00.000447035,1.829
2027-02-09 23:00:00.000447273,1.829
2027-02-10 00:00:00.000447273,1.8207
2027-02-10 01:00:00.000447273,1.8207
2027-02-10 02:00:00.000447512,1.8207
2027-02-10 03:00:00.000447512,1.8207
2027-02-10 04:00:00.000447750,1.8207
2027-02-10 05:00:00.000447750,1.8207
2027-02-10 06:00:00.000447989,1.8207
2027-02-10 07:00:00.000447989,1.8207
2027-02-10 08:00:00.000448227,1.8207
2027-02-10 09:00:00.000448227,1.8207
2027-02-10 10:00:00.000448227,1.8207
2027-02-10 11:00:00.000448465,1.8207
2027-02-10 12:00:00.000448465,1.8207
2027-02-10 13:00:00.000448704,1.8207
2027-02-10 14:00:00.000448704,1.8207
2027-02-10 15:00:00.000448942,1.8207
2027-02-10 16:00:00.000448942,1.8207
2027-02-10 17:00:00.000448942,1.8207
2027-02-10 18:00:00.000449181,1.8207
2027-02-10 19:00:00.000449181,1.8207
2027-02-10 20:00:00.000449419,1.8207
2027-02-10 21:00:00.000449419,1.8207
2027-02-10 22:00:00.000449657,1.8207
2027-02-10 23:00:00.000449657,1.8207
2027-02-11 00:00:00.000449896,1.8123
2027-02-11 01:00:00.000449896,1.8123
2027-02-11 02:00:00.000449896,1.8123
2027-02-11 03:00:00.000450134,1.8123
2027-02-11 04:00:00.000450134,1.8123
2027-02-11 05:00:00.000450373,1.8123
2027-02-11 06:00:00.000450373,1.8123
2027-02-11 07:00:00.000450611,1.8123
2027-02-11 08:00:00.000450611,1.8123
2027-02-11 09:00:00.000450850,1.8123
2027-02-11 10:00:00.000450850,1.8123
2027-02-11 11:00:00.000450850,1.8123
2027-02-11 12:00:00.000451088,1.8123
2027-02-11 13:00:00.000451088,1.8123
2027-02-11 14:00:00.000451326,1.8123
2027-02-11 15:00:00.000451326,1.8123
2027-02-11 16:00:00.000451565,1.8123
2027-02-11 17:00:00.000451565,1.8123
2027-02-11 18:00:00.000451565,1.8123
2027-02-11 19:00:00.000451803,1.8123
2027-02-11 20:00:00.000451803,1.8123
2027-02-11 21:00:00.000452042,1.8123
2027-02-11 22:00:00.000452042,1.8123
2027-02-11 23:00:00.000452280,1.8123
2027-02-12 00:00:00.000452280,1.8039
2027-02-12 01:00:00.000452518,1.8039
2027-02-12 02:00:00.000452518,1.8039
2027-02-12 03:00:00.000452518,1.8039
2027-02-12 04:00:00.000452757,1.8039
2027-02-12 05:00:00.000452757,1.8039
2027-02-12 06:00:00.000452995,1.8039
2027-02-12 07:00:00.000452995,1.8039
2027-02-12 08:00:00.000453234,1.8039
2027-02-12 09:00:00.000453234,1.8039
2027-02-12 10:00:00.000453472,1.8039
2027-02-12 11:00:00.000453472,1.8039
2027-02-12 12:00:00.000453472,1.8039
2027-02-12 13:00:00.000453711,1.8039
2027-02-12 14:00:00.000453711,1.8039
2027-02-12 15:00:00.000453949,1.8039
2027-02-12 16:00:00.000453949,1.8039
2027-02-12 17:00:00.000454187,1.8039
2027-02-12 18:00:00.000454187,1.8039
2027-02-12 19:00:00.000454187,1.8039
2027-02-12 20:00:00.000454426,1.8039
2027-02-12 21:00:00.000454426,1.8039
2027-02-12 22:00:00.000454664,1.8039
2027-02-12 23:00:00.000454664,1.8039
2027-02-13 00:00:00.000454903,1.7955
2027-02-13 01:00:00.000454903,1.7955
2027-02-13 02:00:00.000455141,1.7955
2027-02-13 03:00:00.000455141,1.7955
2027-02-13 04:00:00.000455141,1.7955
2027-02-13 05:00:00.000455379,1.7955
2027-02-13 06:00:00.000455379,1.7955
2027-02-13 07:00:00.000455618,1.7955
2027-02-13 08:00:00.000455618,1.7955
2027-02-13 09:00:00.000455856,1.7955
2027-02-13 10:00:00.000455856,1.7955
2027-02-13 11:00:00.000455856,1.7955
2027-02-13 12:00:00.000456095,1.7955
2027-02-13 13:00:00.000456095,1.7955
2027-02-13 14:00:00.000456333,1.7955
2027-02-13 15:00:00.000456333,1.7955
2027-02-13 16:00:00.000456572,1.7955
2027-02-13 17:00:00.000456572,1.7955
2027-02-13 18:00:00.000456810,1.7955
2027-02-13 19:00:00.000456810,1.7955
2027-02-13 20:00:00.000456810,1.7955
2027-02-13 21:00:00.000457048,1.7955
2027-02-13 22:00:00.000457048,1.7955
2027-02-13 23:00:00.000457287,1.7955
2027-02-14 00:00:00.000457287,1.7871
2027-02-14 01:00:00.000457525,1.7871
2027-02-14 02:00:00.000457525,1.7871
2027-02-14 03:00:00.000457764,1.7871
2027-02-14 04:00:00.000457764,1.7871
2027-02-14 05:00:00.000457764,1.7871
2027-02-14 06:00:00.000458002,1.7871
2027-02-14 07:00:00.000458002,1.7871
2027-02-14 08:00:00.000458241,1.7871
2027-02-14 09:00:00.000458241,1.7871
2027-02-14 10:00:00.000458479,1.7871
2027-02-14 11:00:00.000458479,1.7871
2027-02-14 12:00:00.000458479,1.7871
2027-02-14 13:00:00.000458717,1.7871
2027-02-14 14:00:00.000458717,1.7871
2027-02-14 15:00:00.000458956,1.7871
2027-02-14 16:00:00.000458956,1.7871
2027-02-14 17:00:00.000459194,1.7871
2027-02-14 18:00:00.000459194,1.7871
2027-02-14 19:00:00.000459433,1.7871
2027-02-14 20:00:00.000459433,1.7871
2027-02-14 21:00:00.000459433,1.7871
2027-02-14 22:00:00.000459671,1.7871
2027-02-14 23:00:00.000459671,1.7871
2027-02-15 00:00:00.000459909,1.7788
2027-02-15 01:00:00.000459909,1.7788
2027-02-15 02:00:00.000460148,1.7788
2027-02-15 03:00:00.000460148,1.7788
2027-02-15 04:00:00.000460386,1.7788
2027-02-15 05:00:00.000460386,1.7788
2027-02-15 06:00:00.000460386,1.7788
2027-02-15 07:00:00.000460625,1.7788
2027-02-15 08:00:00.000460625,1.7788
2027-02-15 09:00:00.000460863,1.7788
2027-02-15 10:00:00.000460863,1.7788
2027-02-15 11:00:00.000461102,1.7788
2027-02-15 12:00:00.000461102,1.7788
2027-02-15 13:00:00.000461102,1.7788
2027-02-15 14:00:00.000461340,1.7788
2027-02-15 15:00:00.000461340,1.7788
2027-02-15 16:00:00.000461578,1.7788
2027-02-15 17:00:00.000461578,1.7788
2027-02-15 18:00:00.000461817,1.7788
2027-02-15 19:00:00.000461817,1.7788
2027-02-15 20:00:00.000462055,1.7788
2027-02-15 21:00:00.000462055,1.7788
2027-02-15 22:00:00.000462055,1.7788
2027-02-15 23:00:00.000462294,1.7788
2027-02-16 00:00:00.000462294,1.7703
2027-02-16 01:00:00.000462532,1.7703
2027-02-16 02:00:00.000462532,1.7703
2027-02-16 03:00:00.000462770,1.7703
2027-02-16 04:00:00.000462770,1.7703
2027-02-16 05:00:00.000463009,1.7703
2027-02-16 06:00:00.000463009,1.7703
2027-02-16 07:00:00.000463009,1.7703
2027-02-16 08:00:00.000463247,1.7703
2027-02-16 09:00:00.000463247,1.7703
2027-02-16 10:00:00.000463486,1.7703
2027-02-16 11:00:00.000463486,1.7703
2027-02-16 12:00:00.000463724,1.7703
2027-02-16 13:00:00.000463724,1.7703
2027-02-16 14:00:00.000463724,1.7703
2027-02-16 15:00:00.000463963,1.7703
2027-02-16 16:00:00.000463963,1.7703
2027-02-16 17:00:00.000464201,1.7703
2027-02-16 18:00:00.000464201,1.7703
2027-02-16 19:00:00.000464439,1.7703
2027-02-16 20:00:00.000464439,1.7703
2027-02-16 21:00:00.000464678,1.7703
2027-02-16 22:00:00.000464678,1.7703
2027-02-16 23:00:00.000464678,1.7703
2027-02-17 00:00:00.000464916,1.762
2027-02-17 01:00:00.000464916,1.762
2027-02-17 02:00:00.000465155,1.762
2027-02-17 03:00:00.000465155,1.762
2027-02-17 04:00:00.000465393,1.762
2027-02-17 05:00:00.000465393,1.762
2027-02-17 06:00:00.000465393,1.762
2027-02-17 07:00:00.000465631,1.762
2027-02-17 08:00:00.000465631,1.762
2027-02-17 09:00:00.000465870,1.762
2027-02-17 10:00:00.000465870,1.762
2027-02-17 11:00:00.000466108,1.762
2027-02-17 12:00:00.000466108,1.762
2027-02-17 13:00:00.000466347,1.762
2027-02-17 14:00:00.000466347,1.762
2027-02-17 15:00:00.000466347,1.762
2027-02-17 16:00:00.000466585,1.762
2027-02-17 17:00:00.000466585,1.762
2027-02-17 18:00:00.000466824,1.762
2027-02-17 19:00:00.000466824,1.762
2027-02-17 20:00:00.000467062,1.762
2027-02-17 21:00:00.000467062,1.762
2027-02-17 22:00:00.000467300,1.762
2027-02-17 23:00:00.000467300,1.762
2027-02-18 00:00:00.000467300,1.7537
2027-02-18 01:00:00.000467539,1.7537
2027-02-18 02:00:00.000467539,1.7537
2027-02-18 03:00:00.000467777,1.7537
2027-02-18 04:00:00.000467777,1.7537
2027-02-18 05:00:00.000468016,1.7537
2027-02-18 06:00:00.000468016,1.7537
2027-02-18 07:00:00.000468016,1.7537
2027-02-18 08:00:00.000468254,1.7537
2027-02-18 09:00:00.000468254,1.7537
2027-02-18 10:00:00.000468493,1.7537
2027-02-18 11:00:00.000468493,1.7537
2027-02-18 12:00:00.000468731,1.7537
2027-02-18 13:00:00.000468731,1.7537
2027-02-18 14:00:00.000468969,1.7537
2027-02-18 15:00:00.000468969,1.7537
2027-02-18 16:00:00.000468969,1.7537
2027-02-18 17:00:00.000469208,1.7537
2027-02-18 18:00:00.000469208,1.7537
2027-02-18 19:00:00.000469446,1.7537
2027-02-18 20:00:00.000469446,1.7537
2027-02-18 21:00:00.000469685,1.7537
2027-02-18 22:00:00.000469685,1.7537
2027-02-18 23:00:00.000469923,1.7537
2027-02-19 00:00:00.000469923,1.7452
2027-02-19 01:00:00.000469923,1.7452
2027-02-19 02:00:00.000470161,1.7452
2027-02-19 03:00:00.000470161,1.7452
2027-02-19 04:00:00.000470400,1.7452
2027-02-19 05:00:00.000470400,1.7452
2027-02-19 06:00:00.000470638,1.7452
2027-02-19 07:00:00.000470638,1.7452
2027-02-19 08:00:00.000470638,1.7452
2027-02-19 09:00:00.000470877,1.7452
2027-02-19 10:00:00.000470877,1.7452
2027-02-19 11:00:00.000471115,1.7452
2027-02-19 12:00:00.000471115,1.7452
2027-02-19 13:00:00.000471354,1.7452
2027-02-19 14:00:00.000471354,1.7452
2027-02-19 15:00:00.000471592,1.7452
2027-02-19 16:00:00.000471592,1.7452
2027-02-19 17:00:00.000471592,1.7452
2027-02-19 18:00:00.000471830,1.7452
2027-02-19 19:00:00.000471830,1.7452
2027-02-19 20:00:00.000472069,1.7452
2027-02-19 21:00:00.000472069,1.7452
2027-02-19 22:00:00.000472307,1.7452
2027-02-19 23:00:00.000472307,1.7452
2027-02-20 00:00:00.000472307,1.7369
2027-02-20 01:00:00.000472546,1.7369
2027-02-20 02:00:00.000472546,1.7369
2027-02-20 03:00:00.000472784,1.7369
2027-02-20 04:00:00.000472784,1.7369
2027-02-20 05:00:00.000473022,1.7369
2027-02-20 06:00:00.000473022,1.7369
2027-02-20 07:00:00.000473261,1.7369
2027-02-20 08:00:00.000473261,1.7369
2027-02-20 09:00:00.000473261,1.7369
2027-02-20 10:00:00.000473499,1.7369
2027-02-20 11:00:00.000473499,1.7369
2027-02-20 12:00:00.000473738,1.7369
2027-02-20 13:00:00.000473738,1.7369
2027-02-20 14:00:00.000473976,1.7369
2027-02-20 15:00:00.000473976,1.7369
2027-02-20 16:00:00.000474215,1.7369
2027-02-20 17:00:00.000474215,1.7369
2027-02-20 18:00:00.000474215,1.7369
2027-02-20 19:00:00.000474453,1.7369
2027-02-20 20:00:00.000474453,1.7369
2027-02-20 21:00:00.000474691,1.7369
2027-02-20 22:00:00.000474691,1.7369
2027-02-20 23:00:00.000474930,1.7369
2027-02-21 00:00:00.000474930,1.7285
2027-02-21 01:00:00.000474930,1.7285
2027-02-21 02:00:00.000475168,1.7285
2027-02-21 03:00:00.000475168,1.7285
2027-02-21 04:00:00.000475407,1.7285
2027-02-21 05:00:00.000475407,1.7285
2027-02-21 06:00:00.000475645,1.7285
2027-02-21 07:00:00.000475645,1.7285
2027-02-21 08:00:00.000475883,1.7285
2027-02-21 09:00:00.000475883,1.7285
2027-02-21 10:00:00.000475883,1.7285
2027-02-21 11:00:00.000476122,1.7285
2027-02-21 12:00:00.000476122,1.7285
2027-02-21 13:00:00.000476360,1.7285
2027-02-21 14:00:00.000476360,1.7285
2027-02-21 15:00:00.000476599,1.7285
2027-02-21 16:00:00.000476599,1.7285
2027-02-21 17:00:00.000476837,1.7285
2027-02-21 18:00:00.000476837,1.7285
2027-02-21 19:00:00.000476837,1.7285
2027-02-21 20:00:00.000477076,1.7285
2027-02-21 21:00:00.000477076,1.7285
2027-02-21 22:00:00.000477314,1.7285
2027-02-21 23:00:00.000477314,1.7285
2027-02-22 00:00:00.000477552,1.7201
2027-02-22 01:00:00.000477552,1.7201
2027-02-22 02:00:00.000477552,1.7201
2027-02-22 03:00:00.000477791,1.7201
2027-02-22 04:00:00.000477791,1.7201
2027-02-22 05:00:00.000478029,1.7201
2027-02-22 06:00:00.000478029,1.7201
2027-02-22 07:00:00.000478268,1.7201
2027-02-22 08:00:00.000478268,1.7201
2027-02-22 09:00:00.000478506,1.7201
2027-02-22 10:00:00.000478506,1.7201
2027-02-22 11:00:00.000478506,1.7201
2027-02-22 12:00:00.000478745,1.7201
2027-02-22 13:00:00.000478745,1.7201
2027-02-22 14:00:00.000478983,1.7201
2027-02-22 15:00:00.000478983,1.7201
2027-02-22 16:00:00.000479221,1.7201
2027-02-22 17:00:00.000479221,1.7201
2027-02-22 18:00:00.000479221,1.7201
2027-02-22 19:00:00.000479460,1.7201
2027-02-22 20:00:00.000479460,1.7201
2027-02-22 21:00:00.000479698,1.7201
2027-02-22 22:00:00.000479698,1.7201
2027-02-22 23:00:00.000479937,1.7201
2027-02-23 00:00:00.000479937,1.7118
2027-02-23 01:00:00.000480175,1.7118
2027-02-23 02:00:00.000480175,1.7118
2027-02-23 03:00:00.000480175,1.7118
2027-02-23 04:00:00.000480413,1.7118
2027-02-23 05:00:00.000480413,1.7118
2027-02-23 06:00:00.000480652,1.7118
2027-02-23 07:00:00.000480652,1.7118
2027-02-23 08:00:00.000480890,1.7118
2027-02-23 09:00:00.000480890,1.7118
2027-02-23 10:00:00.000481129,1.7118
2027-02-23 11:00:00.000481129,1.7118
2027-02-23 12:00:00.000481129,1.7118
2027-02-23 13:00:00.000481367,1.7118
2027-02-23 14:00:00.000481367,1.7118
2027-02-23 15:00:00.000481606,1.7118
2027-02-23 16:00:00.000481606,1.7118
2027-02-23 17:00:00.000481844,1.7118
2027-02-23 18:00:00.000481844,1.7118
2027-02-23 19:00:00.000481844,1.7118
2027-02-23 20:00:00.000482082,1.7118
2027-02-23 21:00:00.000482082,1.7118
2027-02-23 22:00:00.000482321,1.7118
2027-02-23 23:00:00.000482321,1.7118
2027-02-24 00:00:00.000482559,1.7033
2027-02-24 01:00:00.000482559,1.7033
2027-02-24 02:00:00.000482798,1.7033
2027-02-24 03:00:00.000482798,1.7033
2027-02-24 04:00:00.000482798,1.7033
2027-02-24 05:00:00.000483036,1.7033
2027-02-24 06:00:00.000483036,1.7033
2027-02-24 07:00:00.000483274,1.7033
2027-02-24 08:00:00.000483274,1.7033
2027-02-24 09:00:00.000483513,1.7033
2027-02-24 10:00:00.000483513,1.7033
2027-02-24 11:00:00.000483751,1.7033
2027-02-24 12:00:00.000483751,1.7033
2027-02-24 13:00:00.000483751,1.7033
2027-02-24 14:00:00.000483990,1.7033
2027-02-24 15:00:00.000483990,1.7033
2027-02-24 16:00:00.000484228,1.7033
2027-02-24 17:00:00.000484228,1.7033
2027-02-24 18:00:00.000484467,1.7033
2027-02-24 19:00:00.000484467,1.7033
2027-02-24 20:00:00.000484467,1.7033
2027-02-24 21:00:00.000484705,1.7033
2027-02-24 22:00:00.000484705,1.7033
2027-02-24 23:00:00.000484943,1.7033
2027-02-25 00:00:00.000484943,1.695
2027-02-25 01:00:00.000485182,1.695
2027-02-25 02:00:00.000485182,1.695
2027-02-25 03:00:00.000485420,1.695
2027-02-25 04:00:00.000485420,1.695
2027-02-25 05:00:00.000485420,1.695
2027-02-25 06:00:00.000485659,1.695
2027-02-25 07:00:00.000485659,1.695
2027-02-25 08:00:00.000485897,1.695
2027-02-25 09:00:00.000485897,1.695
2027-02-25 10:00:00.000486135,1.695
2027-02-25 11:00:00.000486135,1.695
2027-02-25 12:00:00.000486374,1.695
2027-02-25 13:00:00.000486374,1.695
2027-02-25 14:00:00.000486374,1.695
2027-02-25 15:00:00.000486612,1.695
2027-02-25 16:00:00.000486612,1.695
2027-02-25 17:00:00.000486851,1.695
2027-02-25 18:00:00.000486851,1.695
2027-02-25 19:00:00.000487089,1.695
2027-02-25 20:00:00.000487089,1.695
2027-02-25 21:00:00.000487089,1.695
2027-02-25 22:00:00.000487328,1.695
2027-02-25 23:00:00.000487328,1.695
2027-02-26 00:00:00.000487566,1.6866
2027-02-26 01:00:00.000487566,1.6866
2027-02-26 02:00:00.000487804,1.6866
2027-02-26 03:00:00.000487804,1.6866
2027-02-26 04:00:00.000488043,1.6866
2027-02-26 05:00:00.000488043,1.6866
2027-02-26 06:00:00.000488043,1.6866
2027-02-26 07:00:00.000488281,1.6866
2027-02-26 08:00:00.000488281,1.6866
2027-02-26 09:00:00.000488520,1.6866
2027-02-26 10:00:00.000488520,1.6866
2027-02-26 11:00:00.000488758,1.6866
2027-02-26 12:00:00.000488758,1.6866
2027-02-26 13:00:00.000488758,1.6866
2027-02-26 14:00:00.000488997,1.6866
2027-02-26 15:00:00.000488997,1.6866
2027-02-26 16:00:00.000489235,1.6866
2027-02-26 17:00:00.000489235,1.6866
2027-02-26 18:00:00.000489473,1.6866
2027-02-26 19:00:00.000489473,1.6866
2027-02-26 20:00:00.000489712,1.6866
2027-02-26 21:00:00.000489712,1.6866
2027-02-26 22:00:00.000489712,1.6866
2027-02-26 23:00:00.000489949,1.6866
2027-02-27 00:00:00.000489949,1.6782
2027-02-27 01:00:00.000490189,1.6782
2027-02-27 02:00:00.000490189,1.6782
2027-02-27 03:00:00.000490427,1.6782
2027-02-27 04:00:00.000490427,1.6782
2027-02-27 05:00:00.000490665,1.6782
2027-02-27 06:00:00.000490665,1.6782
2027-02-27 07:00:00.000490665,1.6782
2027-02-27 08:00:00.000490904,1.6782
2027-02-27 09:00:00.000490904,1.6782
2027-02-27 10:00:00.000491141,1.6782
2027-02-27 11:00:00.000491141,1.6782
2027-02-27 12:00:00.000491381,1.6782
2027-02-27 13:00:00.000491381,1.6782
2027-02-27 14:00:00.000491381,1.6782
2027-02-27 15:00:00.000491619,1.6782
2027-02-27 16:00:00.000491619,1.6782
2027-02-27 17:00:00.000491857,1.6782
2027-02-27 18:00:00.000491857,1.6782
2027-02-27 19:00:00.000492096,1.6782
2027-02-27 20:00:00.000492096,1.6782
2027-02-27 21:00:00.000492334,1.6782
2027-02-27 22:00:00.000492334,1.6782
2027-02-27 23:00:00.000492334,1.6782
2027-02-28 00:00:00.000492572,1.6698
2027-02-28 01:00:00.000492572,1.6698
2027-02-28 02:00:00.000492811,1.6698
2027-02-28 03:00:00.000492811,1.6698
2027-02-28 04:00:00.000493050,1.6698
2027-02-28 05:00:00.000493050,1.6698
2027-02-28 06:00:00.000493288,1.6698
2027-02-28 07:00:00.000493288,1.6698
2027-02-28 08:00:00.000493288,1.6698
2027-02-28 09:00:00.000493526,1.6698
2027-02-28 10:00:00.000493526,1.6698
2027-02-28 11:00:00.000493764,1.6698
2027-02-28 12:00:00.000493764,1.6698
2027-02-28 13:00:00.000494003,1.6698
2027-02-28 14:00:00.000494003,1.6698
2027-02-28 15:00:00.000494003,1.6698
2027-02-28 16:00:00.000494242,1.6698
2027-02-28 17:00:00.000494242,1.6698
2027-02-28 18:00:00.000494480,1.6698
2027-02-28 19:00:00.000494480,1.6698
2027-02-28 20:00:00.000494719,1.6698
2027-02-28 21:00:00.000494719,1.6698
2027-02-28 22:00:00.000494956,1.6698
2027-02-28 23:00:00.000494956,1.6698
2027-03-01 00:00:00.000494956,1.6614
2027-03-01 01:00:00.000495195,1.6614
2027-03-01 02:00:00.000495195,1.6614
2027-03-01 03:00:00.000495434,1.6614
2027-03-01 04:00:00.000495434,1.6614
2027-03-01 05:00:00.000495671,1.6614
2027-03-01 06:00:00.000495671,1.6614
2027-03-01 07:00:00.000495671,1.6614
2027-03-01 08:00:00.000495911,1.6614
2027-03-01 09:00:00.000495911,1.6614
2027-03-01 10:00:00.000496149,1.6614
2027-03-01 11:00:00.000496149,1.6614
2027-03-01 12:00:00.000496387,1.6614
2027-03-01 13:00:00.000496387,1.6614
2027-03-01 14:00:00.000496626,1.6614
2027-03-01 15:00:00.000496626,1.6614
2027-03-01 16:00:00.000496626,1.6614
2027-03-01 17:00:00.000496863,1.6614
2027-03-01 18:00:00.000496863,1.6614
2027-03-01 19:00:00.000497103,1.6614
2027-03-01 20:00:00.000497103,1.6614
2027-03-01 21:00:00.000497341,1.6614
2027-03-01 22:00:00.000497341,1.6614
2027-03-01 23:00:00.000497579,1.6614
2027-03-02 00:00:00.000497579,1.6531
2027-03-02 01:00:00.000497579,1.6531
2027-03-02 02:00:00.000497818,1.6531
2027-03-02 03:00:00.000497818,1.6531
2027-03-02 04:00:00.000498056,1.6531
2027-03-02 05:00:00.000498056,1.6531
2027-03-02 06:00:00.000498295,1.6531
2027-03-02 07:00:00.000498295,1.6531
2027-03-02 08:00:00.000498295,1.6531
2027-03-02 09:00:00.000498533,1.6531
2027-03-02 10:00:00.000498533,1.6531
2027-03-02 11:00:00.000498772,1.6531
2027-03-02 12:00:00.000498772,1.6531
2027-03-02 13:00:00.000499010,1.6531
2027-03-02 14:00:00.000499010,1.6531
2027-03-02 15:00:00.000499249,1.6531
2027-03-02 16:00:00.000499249,1.6531
2027-03-02 17:00:00.000499249,1.6531
2027-03-02 18:00:00.000499486,1.6531
2027-03-02 19:00:00.000499486,1.6531
2027-03-02 20:00:00.000499725,1.6531
2027-03-02 21:00:00.000499725,1.6531
2027-03-02 22:00:00.000499964,1.6531
2027-03-02 23:00:00.000499964,1.6531
2027-03-03 00:00:00.000500202,1.6447
2027-03-03 01:00:00.000500202,1.6447
2027-03-03 02:00:00.000500202,1.6447
2027-03-03 03:00:00.000500441,1.6447
2027-03-03 04:00:00.000500441,1.6447
2027-03-03 05:00:00.000500678,1.6447
2027-03-03 06:00:00.000500678,1.6447
2027-03-03 07:00:00.000500917,1.6447
2027-03-03 08:00:00.000500917,1.6447
2027-03-03 09:00:00.000500917,1.6447
2027-03-03 10:00:00.000501156,1.6447
2027-03-03 11:00:00.000501156,1.6447
2027-03-03 12:00:00.000501393,1.6447
2027-03-03 13:00:00.000501393,1.6447
2027-03-03 14:00:00.000501633,1.6447
2027-03-03 15:00:00.000501633,1.6447
2027-03-03 16:00:00.000501871,1.6447
2027-03-03 17:00:00.000501871,1.6447
2027-03-03 18:00:00.000501871,1.6447
2027-03-03 19:00:00.000502109,1.6447
2027-03-03 20:00:00.000502109,1.6447
2027-03-03 21:00:00.000502348,1.6447
2027-03-03 22:00:00.000502348,1.6447
2027-03-03 23:00:00.000502585,1.6447
2027-03-04 00:00:00.000502585,1.6363
2027-03-04 01:00:00.000502585,1.6363
2027-03-04 02:00:00.000502825,1.6363
2027-03-04 03:00:00.000502825,1.6363
2027-03-04 04:00:00.000503063,1.6363
2027-03-04 05:00:00.000503063,1.6363
2027-03-04 06:00:00.000503301,1.6363
2027-03-04 07:00:00.000503301,1.6363
2027-03-04 08:00:00.000503540,1.6363
2027-03-04 09:00:00.000503540,1.6363
2027-03-04 10:00:00.000503540,1.6363
2027-03-04 11:00:00.000503778,1.6363
2027-03-04 12:00:00.000503778,1.6363
2027-03-04 13:00:00.000504017,1.6363
2027-03-04 14:00:00.000504017,1.6363
2027-03-04 15:00:00.000504255,1.6363
2027-03-04 16:00:00.000504255,1.6363
2027-03-04 17:00:00.000504494,1.6363
2027-03-04 18:00:00.000504494,1.6363
2027-03-04 19:00:00.000504494,1.6363
2027-03-04 20:00:00.000504732,1.6363
2027-03-04 21:00:00.000504732,1.6363
2027-03-04 22:00:00.000504971,1.6363
2027-03-04 23:00:00.000504971,1.6363
2027-03-05 00:00:00.000505208,1.6279
2027-03-05 01:00:00.000505208,1.6279
2027-03-05 02:00:00.000505208,1.6279
2027-03-05 03:00:00.000505447,1.6279
2027-03-05 04:00:00.000505447,1.6279
2027-03-05 05:00:00.000505686,1.6279
2027-03-05 06:00:00.000505686,1.6279
2027-03-05 07:00:00.000505924,1.6279
2027-03-05 08:00:00.000505924,1.6279
2027-03-05 09:00:00.000506163,1.6279
2027-03-05 10:00:00.000506163,1.6279
2027-03-05 11:00:00.000506163,1.6279
2027-03-05 12:00:00.000506400,1.6279
2027-03-05 13:00:00.000506400,1.6279
2027-03-05 14:00:00.000506639,1.6279
2027-03-05 15:00:00.000506639,1.6279
2027-03-05 16:00:00.000506878,1.6279
2027-03-05 17:00:00.000506878,1.6279
2027-03-05 18:00:00.000507115,1.6279
2027-03-05 19:00:00.000507115,1.6279
2027-03-05 20:00:00.000507115,1.6279
2027-03-05 21:00:00.000507355,1.6279
2027-03-05 22:00:00.000507355,1.6279
2027-03-05 23:00:00.000507593,1.6279
2027-03-06 00:00:00.000507593,1.6196
2027-03-06 01:00:00.000507832,1.6196
2027-03-06 02:00:00.000507832,1.6196
2027-03-06 03:00:00.000507832,1.6196
2027-03-06 04:00:00.000508070,1.6196
2027-03-06 05:00:00.000508070,1.6196
2027-03-06 06:00:00.000508307,1.6196
2027-03-06 07:00:00.000508307,1.6196
2027-03-06 08:00:00.000508547,1.6196
2027-03-06 09:00:00.000508547,1.6196
2027-03-06 10:00:00.000508785,1.6196
2027-03-06 11:00:00.000508785,1.6196
2027-03-06 12:00:00.000508785,1.6196
2027-03-06 13:00:00.000509023,1.6196
2027-03-06 14:00:00.000509023,1.6196
2027-03-06 15:00:00.000509262,1.6196
2027-03-06 16:00:00.000509262,1.6196
2027-03-06 17:00:00.000509501,1.6196
2027-03-06 18:00:00.000509501,1.6196
2027-03-06 19:00:00.000509739,1.6196
2027-03-06 20:00:00.000509739,1.6196
2027-03-06 21:00:00.000509739,1.6196
2027-03-06 22:00:00.000509977,1.6196
2027-03-06 23:00:00.000509977,1.6196
2027-03-07 00:00:00.000510215,1.6111
2027-03-07 01:00:00.000510215,1.6111
2027-03-07 02:00:00.000510454,1.6111
2027-03-07 03:00:00.000510454,1.6111
2027-03-07 04:00:00.000510454,1.6111
2027-03-07 05:00:00.000510693,1.6111
2027-03-07 06:00:00.000510693,1.6111
2027-03-07 07:00:00.000510930,1.6111
2027-03-07 08:00:00.000510930,1.6111
2027-03-07 09:00:00.000511169,1.6111
2027-03-07 10:00:00.000511169,1.6111
2027-03-07 11:00:00.000511408,1.6111
2027-03-07 12:00:00.000511408,1.6111
2027-03-07 13:00:00.000511408,1.6111
2027-03-07 14:00:00.000511646,1.6111
2027-03-07 15:00:00.000511646,1.6111
2027-03-07 16:00:00.000511885,1.6111
2027-03-07 17:00:00.000511885,1.6111
2027-03-07 18:00:00.000512122,1.6111
2027-03-07 19:00:00.000512122,1.6111
2027-03-07 20:00:00.000512122,1.6111
2027-03-07 21:00:00.000512362,1.6111
2027-03-07 22:00:00.000512362,1.6111
2027-03-07 23:00:00.000512600,1.6111
2027-03-08 00:00:00.000512600,1.6028
2027-03-08 01:00:00.000512838,1.6028
2027-03-08 02:00:00.000512838,1.6028
2027-03-08 03:00:00.000513077,1.6028
2027-03-08 04:00:00.000513077,1.6028
2027-03-08 05:00:00.000513077,1.6028
2027-03-08 06:00:00.000513315,1.6028
2027-03-08 07:00:00.000513315,1.6028
2027-03-08 08:00:00.000513554,1.6028
2027-03-08 09:00:00.000513554,1.6028
2027-03-08 10:00:00.000513792,1.6028
2027-03-08 11:00:00.000513792,1.6028
2027-03-08 12:00:00.000514029,1.6028
2027-03-08 13:00:00.000514029,1.6028
2027-03-08 14:00:00.000514029,1.6028
2027-03-08 15:00:00.000514269,1.6028
2027-03-08 16:00:00.000514269,1.6028
2027-03-08 17:00:00.000514507,1.6028
2027-03-08 18:00:00.000514507,1.6028
2027-03-08 19:00:00.000514745,1.6028
2027-03-08 20:00:00.000514745,1.6028
2027-03-08 21:00:00.000514745,1.6028
2027-03-08 22:00:00.000514984,1.6028
2027-03-08 23:00:00.000514984,1.6028
2027-03-09 00:00:00.000515223,1.5944
2027-03-09 01:00:00.000515223,1.5944
2027-03-09 02:00:00.000515461,1.5944
2027-03-09 03:00:00.000515461,1.5944
2027-03-09 04:00:00.000515699,1.5944
2027-03-09 05:00:00.000515699,1.5944
2027-03-09 06:00:00.000515699,1.5944
2027-03-09 07:00:00.000515937,1.5944
2027-03-09 08:00:00.000515937,1.5944
2027-03-09 09:00:00.000516176,1.5944
2027-03-09 10:00:00.000516176,1.5944
2027-03-09 11:00:00.000516415,1.5944
2027-03-09 12:00:00.000516415,1.5944
2027-03-09 13:00:00.000516652,1.5944
2027-03-09 14:00:00.000516652,1.5944
2027-03-09 15:00:00.000516652,1.5944
2027-03-09 16:00:00.000516891,1.5944
2027-03-09 17:00:00.000516891,1.5944
2027-03-09 18:00:00.000517130,1.5944
2027-03-09 19:00:00.000517130,1.5944
2027-03-09 20:00:00.000517368,1.5944
2027-03-09 21:00:00.000517368,1.5944
2027-03-09 22:00:00.000517368,1.5944
2027-03-09 23:00:00.000517607,1.5944
2027-03-10 00:00:00.000517607,1.586
2027-03-10 01:00:00.000517844,1.586
2027-03-10 02:00:00.000517844,1.586
2027-03-10 03:00:00.000518084,1.586
2027-03-10 04:00:00.000518084,1.586
2027-03-10 05:00:00.000518322,1.586
2027-03-10 06:00:00.000518322,1.586
2027-03-10 07:00:00.000518322,1.586
2027-03-10 08:00:00.000518560,1.586
2027-03-10 09:00:00.000518560,1.586
2027-03-10 10:00:00.000518799,1.586
2027-03-10 11:00:00.000518799,1.586
2027-03-10 12:00:00.000519036,1.586
2027-03-10 13:00:00.000519036,1.586
2027-03-10 14:00:00.000519036,1.586
2027-03-10 15:00:00.000519276,1.586
2027-03-10 16:00:00.000519276,1.586
2027-03-10 17:00:00.000519514,1.586
2027-03-10 18:00:00.000519514,1.586
2027-03-10 19:00:00.000519752,1.586
2027-03-10 20:00:00.000519752,1.586
2027-03-10 21:00:00.000519991,1.586
2027-03-10 22:00:00.000519991,1.586
2027-03-10 23:00:00.000519991,1.586
2027-03-11 00:00:00.000520229,1.5777
2027-03-11 01:00:00.000520229,1.5777
2027-03-11 02:00:00.000520467,1.5777
2027-03-11 03:00:00.000520467,1.5777
2027-03-11 04:00:00.000520706,1.5777
2027-03-11 05:00:00.000520706,1.5777
2027-03-11 06:00:00.000520945,1.5777
2027-03-11 07:00:00.000520945,1.5777
2027-03-11 08:00:00.000520945,1.5777
2027-03-11 09:00:00.000521183,1.5777
2027-03-11 10:00:00.000521183,1.5777
2027-03-11 11:00:00.000521421,1.5777
2027-03-11 12:00:00.000521421,1.5777
2027-03-11 13:00:00.000521659,1.5777
2027-03-11 14:00:00.000521659,1.5777
2027-03-11 15:00:00.000521659,1.5777
2027-03-11 16:00:00.000521898,1.5777
2027-03-11 17:00:00.000521898,1.5777
2027-03-11 18:00:00.000522137,1.5777
2027-03-11 19:00:00.000522137,1.5777
2027-03-11 20:00:00.000522375,1.5777
2027-03-11 21:00:00.000522375,1.5777
2027-03-11 22:00:00.000522614,1.5777
2027-03-11 23:00:00.000522614,1.5777
2027-03-12 00:00:00.000522614,1.5692
2027-03-12 01:00:00.000522852,1.5692
2027-03-12 02:00:00.000522852,1.5692
2027-03-12 03:00:00.000523090,1.5692
2027-03-12 04:00:00.000523090,1.5692
2027-03-12 05:00:00.000523329,1.5692
2027-03-12 06:00:00.000523329,1.5692
2027-03-12 07:00:00.000523566,1.5692
2027-03-12 08:00:00.000523566,1.5692
2027-03-12 09:00:00.000523566,1.5692
2027-03-12 10:00:00.000523806,1.5692
2027-03-12 11:00:00.000523806,1.5692
2027-03-12 12:00:00.000524044,1.5692
2027-03-12 13:00:00.000524044,1.5692
2027-03-12 14:00:00.000524282,1.5692
2027-03-12 15:00:00.000524282,1.5692
2027-03-12 16:00:00.000524282,1.5692
2027-03-12 17:00:00.000524521,1.5692
2027-03-12 18:00:00.000524521,1.5692
2027-03-12 19:00:00.000524759,1.5692
2027-03-12 20:00:00.000524759,1.5692
2027-03-12 21:00:00.000524998,1.5692
2027-03-12 22:00:00.000524998,1.5692
2027-03-12 23:00:00.000525236,1.5692
2027-03-13 00:00:00.000525236,1.5609
2027-03-13 01:00:00.000525236,1.5609
2027-03-13 02:00:00.000525475,1.5609
2027-03-13 03:00:00.000525475,1.5609
2027-03-13 04:00:00.000525713,1.5609
2027-03-13 05:00:00.000525713,1.5609
2027-03-13 06:00:00.000525951,1.5609
2027-03-13 07:00:00.000525951,1.5609
2027-03-13 08:00:00.000525951,1.5609
2027-03-13 09:00:00.000526190,1.5609
2027-03-13 10:00:00.000526190,1.5609
2027-03-13 11:00:00.000526428,1.5609
2027-03-13 12:00:00.000526428,1.5609
2027-03-13 13:00:00.000526667,1.5609
2027-03-13 14:00:00.000526667,1.5609
2027-03-13 15:00:00.000526905,1.5609
2027-03-13 16:00:00.000526905,1.5609
2027-03-13 17:00:00.000526905,1.5609
2027-03-13 18:00:00.000527143,1.5609
2027-03-13 19:00:00.000527143,1.5609
2027-03-13 20:00:00.000527382,1.5609
2027-03-13 21:00:00.000527382,1.5609
2027-03-13 22:00:00.000527620,1.5609
2027-03-13 23:00:00.000527620,1.5609
2027-03-14 00:00:00.000527859,1.5525
2027-03-14 01:00:00.000527859,1.5525
2027-03-14 02:00:00.000527859,1.5525
2027-03-14 03:00:00.000528097,1.5525
2027-03-14 04:00:00.000528097,1.5525
2027-03-14 05:00:00.000528336,1.5525
2027-03-14 06:00:00.000528336,1.5525
2027-03-14 07:00:00.000528574,1.5525
2027-03-14 08:00:00.000528574,1.5525
2027-03-14 09:00:00.000528574,1.5525
2027-03-14 10:00:00.000528812,1.5525
2027-03-14 11:00:00.000528812,1.5525
2027-03-14 12:00:00.000529051,1.5525
2027-03-14 13:00:00.000529051,1.5525
2027-03-14 14:00:00.000529289,1.5525
2027-03-14 15:00:00.000529289,1.5525
2027-03-14 16:00:00.000529528,1.5525
2027-03-14 17:00:00.000529528,1.5525
2027-03-14 18:00:00.000529528,1.5525
2027-03-14 19:00:00.000529766,1.5525
2027-03-14 20:00:00.000529766,1.5525
2027-03-14 21:00:00.000530005,1.5525
2027-03-14 22:00:00.000530005,1.5525
2027-03-14 23:00:00.000530243,1.5525
2027-03-15 00:00:00.000530243,1.5441
2027-03-15 01:00:00.000530481,1.5441
2027-03-15 02:00:00.000530481,1.5441
2027-03-15 03:00:00.000530481,1.5441
2027-03-15 04:00:00.000530720,1.5441
2027-03-15 05:00:00.000530720,1.5441
2027-03-15 06:00:00.000530958,1.5441
2027-03-15 07:00:00.000530958,1.5441
2027-03-15 08:00:00.000531197,1.5441
2027-03-15 09:00:00.000531197,1.5441
2027-03-15 10:00:00.000531197,1.5441
2027-03-15 11:00:00.000531435,1.5441
2027-03-15 12:00:00.000531435,1.5441
2027-03-15 13:00:00.000531673,1.5441
2027-03-15 14:00:00.000531673,1.5441
2027-03-15 15:00:00.000531912,1.5441
2027-03-15 16:00:00.000531912,1.5441
2027-03-15 17:00:00.000532150,1.5441
2027-03-15 18:00:00.000532150,1.5441
2027-03-15 19:00:00.000532150,1.5441
2027-03-15 20:00:00.000532389,1.5441
2027-03-15 21:00:00.000532389,1.5441
2027-03-15 22:00:00.000532627,1.5441
2027-03-15 23:00:00.000532627,1.5441
2027-03-16 00:00:00.000532866,1.5358
2027-03-16 01:00:00.000532866,1.5358
2027-03-16 02:00:00.000532866,1.5358
2027-03-16 03:00:00.000533104,1.5358
2027-03-16 04:00:00.000533104,1.5358
2027-03-16 05:00:00.000533342,1.5358
2027-03-16 06:00:00.000533342,1.5358
2027-03-16 07:00:00.000533581,1.5358
2027-03-16 08:00:00.000533581,1.5358
2027-03-16 09:00:00.000533819,1.5358
2027-03-16 10:00:00.000533819,1.5358
2027-03-16 11:00:00.000533819,1.5358
2027-03-16 12:00:00.000534058,1.5358
2027-03-16 13:00:00.000534058,1.5358
2027-03-16 14:00:00.000534296,1.5358
2027-03-16 15:00:00.000534296,1.5358
2027-03-16 16:00:00.000534534,1.5358
2027-03-16 17:00:00.000534534,1.5358
2027-03-16 18:00:00.000534773,1.5358
2027-03-16 19:00:00.000534773,1.5358
2027-03-16 20:00:00.000534773,1.5358
2027-03-16 21:00:00.000535011,1.5358
2027-03-16 22:00:00.000535011,1.5358
2027-03-16 23:00:00.000535250,1.5358
2027-03-17 00:00:00.000535250,1.5273
2027-03-17 01:00:00.000535488,1.5273
2027-03-17 02:00:00.000535488,1.5273
2027-03-17 03:00:00.000535488,1.5273
2027-03-17 04:00:00.000535727,1.5273
2027-03-17 05:00:00.000535727,1.5273
2027-03-17 06:00:00.000535965,1.5273
2027-03-17 07:00:00.000535965,1.5273
2027-03-17 08:00:00.000536203,1.5273
2027-03-17 09:00:00.000536203,1.5273
2027-03-17 10:00:00.000536442,1.5273
2027-03-17 11:00:00.000536442,1.5273
2027-03-17 12:00:00.000536442,1.5273
2027-03-17 13:00:00.000536680,1.5273
2027-03-17 14:00:00.000536680,1.5273
2027-03-17 15:00:00.000536919,1.5273
2027-03-17 16:00:00.000536919,1.5273
2027-03-17 17:00:00.000537157,1.5273
2027-03-17 18:00:00.000537157,1.5273
2027-03-17 19:00:00.000537395,1.5273
2027-03-17 20:00:00.000537395,1.5273
2027-03-17 21:00:00.000537395,1.5273
2027-03-17 22:00:00.000537634,1.5273
2027-03-17 23:00:00.000537634,1.5273
2027-03-18 00:00:00.000537872,1.519
2027-03-18 01:00:00.000537872,1.519
2027-03-18 02:00:00.000538111,1.519
2027-03-18 03:00:00.000538111,1.519
2027-03-18 04:00:00.000538111,1.519
2027-03-18 05:00:00.000538349,1.519
2027-03-18 06:00:00.000538349,1.519
2027-03-18 07:00:00.000538588,1.519
2027-03-18 08:00:00.000538588,1.519
2027-03-18 09:00:00.000538826,1.519
2027-03-18 10:00:00.000538826,1.519
2027-03-18 11:00:00.000539064,1.519
2027-03-18 12:00:00.000539064,1.519
2027-03-18 13:00:00.000539064,1.519
2027-03-18 14:00:00.000539303,1.519
2027-03-18 15:00:00.000539303,1.519
2027-03-18 16:00:00.000539541,1.519
2027-03-18 17:00:00.000539541,1.519
2027-03-18 18:00:00.000539780,1.519
2027-03-18 19:00:00.000539780,1.519
2027-03-18 20:00:00.000540018,1.519
2027-03-18 21:00:00.000540018,1.519
2027-03-18 22:00:00.000540018,1.519
2027-03-18 23:00:00.000540257,1.519
2027-03-19 00:00:00.000540257,1.5106
2027-03-19 01:00:00.000540495,1.5106
2027-03-19 02:00:00.000540495,1.5106
2027-03-19 03:00:00.000540733,1.5106
2027-03-19 04:00:00.000540733,1.5106
2027-03-19 05:00:00.000540733,1.5106
2027-03-19 06:00:00.000540972,1.5106
2027-03-19 07:00:00.000540972,1.5106
2027-03-19 08:00:00.000541210,1.5106
2027-03-19 09:00:00.000541210,1.5106
2027-03-19 10:00:00.000541449,1.5106
2027-03-19 11:00:00.000541449,1.5106
2027-03-19 12:00:00.000541687,1.5106
2027-03-19 13:00:00.000541687,1.5106
2027-03-19 14:00:00.000541687,1.5106
2027-03-19 15:00:00.000541925,1.5106
2027-03-19 16:00:00.000541925,1.5106
2027-03-19 17:00:00.000542164,1.5106
2027-03-19 18:00:00.000542164,1.5106
2027-03-19 19:00:00.000542402,1.5106
2027-03-19 20:00:00.000542402,1.5106
2027-03-19 21:00:00.000542402,1.5106
2027-03-19 22:00:00.000542641,1.5106
2027-03-19 23:00:00.000542641,1.5106
2027-03-20 00:00:00.000542879,1.5022
2027-03-20 01:00:00.000542879,1.5022
2027-03-20 02:00:00.000543118,1.5022
2027-03-20 03:00:00.000543118,1.5022
2027-03-20 04:00:00.000543356,1.5022
2027-03-20 05:00:00.000543356,1.5022
2027-03-20 06:00:00.000543356,1.5022
2027-03-20 07:00:00.000543594,1.5022
2027-03-20 08:00:00.000543594,1.5022
2027-03-20 09:00:00.000543833,1.5022
2027-03-20 10:00:00.000543833,1.5022
2027-03-20 11:00:00.000544071,1.5022
2027-03-20 12:00:00.000544071,1.5022
2027-03-20 13:00:00.000544310,1.5022
2027-03-20 14:00:00.000544310,1.5022
2027-03-20 15:00:00.000544310,1.5022
2027-03-20 16:00:00.000544548,1.5022
2027-03-20 17:00:00.000544548,1.5022
2027-03-20 18:00:00.000544786,1.5022
2027-03-20 19:00:00.000544786,1.5022
2027-03-20 20:00:00.000545025,1.5022
2027-03-20 21:00:00.000545025,1.5022
2027-03-20 22:00:00.000545025,1.5022
2027-03-20 23:00:00.000545263,1.5022
2027-03-21 00:00:00.000545263,1.4939
2027-03-21 01:00:00.000545502,1.4939
2027-03-21 02:00:00.000545502,1.4939
2027-03-21 03:00:00.000545740,1.4939
2027-03-21 04:00:00.000545740,1.4939
2027-03-21 05:00:00.000545979,1.4939
2027-03-21 06:00:00.000545979,1.4939
2027-03-21 07:00:00.000545979,1.4939
2027-03-21 08:00:00.000546217,1.4939
2027-03-21 09:00:00.000546217,1.4939
2027-03-21 10:00:00.000546455,1.4939
2027-03-21 11:00:00.000546455,1.4939
2027-03-21 12:00:00.000546694,1.4939
2027-03-21 13:00:00.000546694,1.4939
2027-03-21 14:00:00.000546932,1.4939
2027-03-21 15:00:00.000546932,1.4939
2027-03-21 16:00:00.000546932,1.4939
2027-03-21 17:00:00.000547171,1.4939
2027-03-21 18:00:00.000547171,1.4939
2027-03-21 19:00:00.000547409,1.4939
2027-03-21 20:00:00.000547409,1.4939
2027-03-21 21:00:00.000547647,1.4939
2027-03-21 22:00:00.000547647,1.4939
2027-03-21 23:00:00.000547647,1.4939
2027-03-22 00:00:00.000547886,1.4854
2027-03-22 01:00:00.000547886,1.4854
2027-03-22 02:00:00.000548124,1.4854
2027-03-22 03:00:00.000548124,1.4854
2027-03-22 04:00:00.000548363,1.4854
2027-03-22 05:00:00.000548363,1.4854
2027-03-22 06:00:00.000548601,1.4854
2027-03-22 07:00:00.000548601,1.4854
2027-03-22 08:00:00.000548601,1.4854
2027-03-22 09:00:00.000548840,1.4854
2027-03-22 10:00:00.000548840,1.4854
2027-03-22 11:00:00.000549078,1.4854
2027-03-22 12:00:00.000549078,1.4854
2027-03-22 13:00:00.000549316,1.4854
2027-03-22 14:00:00.000549316,1.4854
2027-03-22 15:00:00.000549316,1.4854
2027-03-22 16:00:00.000549555,1.4854
2027-03-22 17:00:00.000549555,1.4854
2027-03-22 18:00:00.000549793,1.4854
2027-03-22 19:00:00.000549793,1.4854
2027-03-22 20:00:00.000550032,1.4854
2027-03-22 21:00:00.000550032,1.4854
2027-03-22 22:00:00.000550270,1.4854
2027-03-22 23:00:00.000550270,1.4854
2027-03-23 00:00:00.000550270,1.4771
2027-03-23 01:00:00.000550508,1.4771
2027-03-23 02:00:00.000550508,1.4771
2027-03-23 03:00:00.000550747,1.4771
2027-03-23 04:00:00.000550747,1.4771
2027-03-23 05:00:00.000550985,1.4771
2027-03-23 06:00:00.000550985,1.4771
2027-03-23 07:00:00.000551224,1.4771
2027-03-23 08:00:00.000551224,1.4771
2027-03-23 09:00:00.000551224,1.4771
2027-03-23 10:00:00.000551462,1.4771
2027-03-23 11:00:00.000551462,1.4771
2027-03-23 12:00:00.000551701,1.4771
2027-03-23 13:00:00.000551701,1.4771
2027-03-23 14:00:00.000551939,1.4771
2027-03-23 15:00:00.000551939,1.4771
2027-03-23 16:00:00.000551939,1.4771
2027-03-23 17:00:00.000552177,1.4771
2027-03-23 18:00:00.000552177,1.4771
2027-03-23 19:00:00.000552416,1.4771
2027-03-23 20:00:00.000552416,1.4771
2027-03-23 21:00:00.000552654,1.4771
2027-03-23 22:00:00.000552654,1.4771
2027-03-23 23:00:00.000552893,1.4771
2027-03-24 00:00:00.000552893,1.4687
2027-03-24 01:00:00.000552893,1.4687
2027-03-24 02:00:00.000553131,1.4687
2027-03-24 03:00:00.000553131,1.4687
2027-03-24 04:00:00.000553370,1.4687
2027-03-24 05:00:00.000553370,1.4687
2027-03-24 06:00:00.000553608,1.4687
2027-03-24 07:00:00.000553608,1.4687
2027-03-24 08:00:00.000553846,1.4687
2027-03-24 09:00:00.000553846,1.4687
2027-03-24 10:00:00.000553846,1.4687
2027-03-24 11:00:00.000554085,1.4687
2027-03-24 12:00:00.000554085,1.4687
2027-03-24 13:00:00.000554323,1.4687
2027-03-24 14:00:00.000554323,1.4687
2027-03-24 15:00:00.000554562,1.4687
2027-03-24 16:00:00.000554562,1.4687
2027-03-24 17:00:00.000554562,1.4687
2027-03-24 18:00:00.000554800,1.4687
2027-03-24 19:00:00.000554800,1.4687
2027-03-24 20:00:00.000555038,1.4687
2027-03-24 21:00:00.000555038,1.4687
2027-03-24 22:00:00.000555277,1.4687
2027-03-24 23:00:00.000555277,1.4687
2027-03-25 00:00:00.000555515,1.4603
2027-03-25 01:00:00.000555515,1.4603
2027-03-25 02:00:00.000555515,1.4603
2027-03-25 03:00:00.000555754,1.4603
2027-03-25 04:00:00.000555754,1.4603
2027-03-25 05:00:00.000555992,1.4603
2027-03-25 06:00:00.000555992,1.4603
2027-03-25 07:00:00.000556231,1.4603
2027-03-25 08:00:00.000556231,1.4603
2027-03-25 09:00:00.000556231,1.4603
2027-03-25 10:00:00.000556469,1.4603
2027-03-25 11:00:00.000556469,1.4603
2027-03-25 12:00:00.000556707,1.4603
2027-03-25 13:00:00.000556707,1.4603
2027-03-25 14:00:00.000556946,1.4603
2027-03-25 15:00:00.000556946,1.4603
2027-03-25 16:00:00.000557184,1.4603
2027-03-25 17:00:00.000557184,1.4603
2027-03-25 18:00:00.000557184,1.4603
2027-03-25 19:00:00.000557423,1.4603
2027-03-25 20:00:00.000557423,1.4603
2027-03-25 21:00:00.000557661,1.4603
2027-03-25 22:00:00.000557661,1.4603
2027-03-25 23:00:00.000557899,1.4603
2027-03-26 00:00:00.000557899,1.4519
2027-03-26 01:00:00.000558138,1.4519
2027-03-26 02:00:00.000558138,1.4519
2027-03-26 03:00:00.000558138,1.4519
2027-03-26 04:00:00.000558376,1.4519
2027-03-26 05:00:00.000558376,1.4519
2027-03-26 06:00:00.000558615,1.4519
2027-03-26 07:00:00.000558615,1.4519
2027-03-26 08:00:00.000558853,1.4519
2027-03-26 09:00:00.000558853,1.4519
2027-03-26 10:00:00.000558853,1.4519
2027-03-26 11:00:00.000559092,1.4519
2027-03-26 12:00:00.000559092,1.4519
2027-03-26 13:00:00.000559330,1.4519
2027-03-26 14:00:00.000559330,1.4519
2027-03-26 15:00:00.000559568,1.4519
2027-03-26 16:00:00.000559568,1.4519
2027-03-26 17:00:00.000559807,1.4519
2027-03-26 18:00:00.000559807,1.4519
2027-03-26 19:00:00.000559807,1.4519
2027-03-26 20:00:00.000560045,1.4519
2027-03-26 21:00:00.000560045,1.4519
2027-03-26 22:00:00.000560284,1.4519
2027-03-26 23:00:00.000560284,1.4519
2027-03-27 00:00:00.000560522,1.4436
2027-03-27 01:00:00.000560522,1.4436
2027-03-27 02:00:00.000560760,1.4436
2027-03-27 03:00:00.000560760,1.4436
2027-03-27 04:00:00.000560760,1.4436
2027-03-27 05:00:00.000560999,1.4436
2027-03-27 06:00:00.000560999,1.4436
2027-03-27 07:00:00.000561237,1.4436
2027-03-27 08:00:00.000561237,1.4436
2027-03-27 09:00:00.000561476,1.4436
2027-03-27 10:00:00.000561476,1.4436
2027-03-27 11:00:00.000561476,1.4436
2027-03-27 12:00:00.000561714,1.4436
2027-03-27 13:00:00.000561714,1.4436
2027-03-27 14:00:00.000561953,1.4436
2027-03-27 15:00:00.000561953,1.4436
2027-03-27 16:00:00.000562191,1.4436
2027-03-27 17:00:00.000562191,1.4436
2027-03-27 18:00:00.000562429,1.4436
2027-03-27 19:00:00.000562429,1.4436
2027-03-27 20:00:00.000562429,1.4436
2027-03-27 21:00:00.000562668,1.4436
2027-03-27 22:00:00.000562668,1.4436
2027-03-27 23:00:00.000562906,1.4436
2027-03-28 00:00:00.000562906,1.4352
2027-03-28 01:00:00.000563145,1.4352
2027-03-28 02:00:00.000563145,1.4352
2027-03-28 03:00:00.000563145,1.4352
2027-03-28 04:00:00.000563383,1.4352
2027-03-28 05:00:00.000563383,1.4352
2027-03-28 06:00:00.000563622,1.4352
2027-03-28 07:00:00.000563622,1.4352
2027-03-28 08:00:00.000563860,1.4352
2027-03-28 09:00:00.000563860,1.4352
2027-03-28 10:00:00.000564098,1.4352
2027-03-28 11:00:00.000564098,1.4352
2027-03-28 12:00:00.000564098,1.4352
2027-03-28 13:00:00.000564337,1.4352
2027-03-28 14:00:00.000564337,1.4352
2027-03-28 15:00:00.000564575,1.4352
2027-03-28 16:00:00.000564575,1.4352
2027-03-28 17:00:00.000564814,1.4352
2027-03-28 18:00:00.000564814,1.4352
2027-03-28 19:00:00.000565052,1.4352
2027-03-28 20:00:00.000565052,1.4352
2027-03-28 21:00:00.000565052,1.4352
2027-03-28 22:00:00.000565290,1.4352
2027-03-28 23:00:00.000565290,1.4352
2027-03-29 00:00:00.000565529,1.4268
2027-03-29 01:00:00.000565529,1.4268
2027-03-29 02:00:00.000565767,1.4268
2027-03-29 03:00:00.000565767,1.4268
2027-03-29 04:00:00.000565767,1.4268
2027-03-29 05:00:00.000566006,1.4268
2027-03-29 06:00:00.000566006,1.4268
2027-03-29 07:00:00.000566244,1.4268
2027-03-29 08:00:00.000566244,1.4268
2027-03-29 09:00:00.000566483,1.4268
2027-03-29 10:00:00.000566483,1.4268
2027-03-29 11:00:00.000566721,1.4268
2027-03-29 12:00:00.000566721,1.4268
2027-03-29 13:00:00.000566721,1.4268
2027-03-29 14:00:00.000566959,1.4268
2027-03-29 15:00:00.000566959,1.4268
2027-03-29 16:00:00.000567198,1.4268
2027-03-29 17:00:00.000567198,1.4268
2027-03-29 18:00:00.000567436,1.4268
2027-03-29 19:00:00.000567436,1.4268
2027-03-29 20:00:00.000567675,1.4268
2027-03-29 21:00:00.000567675,1.4268
2027-03-29 22:00:00.000567675,1.4268
2027-03-29 23:00:00.000567913,1.4268
2027-03-30 00:00:00.000567913,1.4184
2027-03-30 01:00:00.000568151,1.4184
2027-03-30 02:00:00.000568151,1.4184
2027-03-30 03:00:00.000568390,1.4184
2027-03-30 04:00:00.000568390,1.4184
2027-03-30 05:00:00.000568390,1.4184
2027-03-30 06:00:00.000568628,1.4184
2027-03-30 07:00:00.000568628,1.4184
2027-03-30 08:00:00.000568867,1.4184
2027-03-30 09:00:00.000568867,1.4184
2027-03-30 10:00:00.000569105,1.4184
2027-03-30 11:00:00.000569105,1.4184
2027-03-30 12:00:00.000569344,1.4184
2027-03-30 13:00:00.000569344,1.4184
2027-03-30 14:00:00.000569344,1.4184
2027-03-30 15:00:00.000569582,1.4184
2027-03-30 16:00:00.000569582,1.4184
2027-03-30 17:00:00.000569820,1.4184
2027-03-30 18:00:00.000569820,1.4184
2027-03-30 19:00:00.000570059,1.4184
2027-03-30 20:00:00.000570059,1.4184
2027-03-30 21:00:00.000570297,1.4184
2027-03-30 22:00:00.000570297,1.4184
2027-03-30 23:00:00.000570297,1.4184
2027-03-31 00:00:00.000570536,1.41
2027-03-31 01:00:00.000570536,1.41
2027-03-31 02:00:00.000570774,1.41
2027-03-31 03:00:00.000570774,1.41
2027-03-31 04:00:00.000571012,1.41
2027-03-31 05:00:00.000571012,1.41
2027-03-31 06:00:00.000571012,1.41
2027-03-31 07:00:00.000571251,1.41
2027-03-31 08:00:00.000571251,1.41
2027-03-31 09:00:00.000571489,1.41
2027-03-31 10:00:00.000571489,1.41
2027-03-31 11:00:00.000571728,1.41
2027-03-31 12:00:00.000571728,1.41
2027-03-31 13:00:00.000571966,1.41
2027-03-31 14:00:00.000571966,1.41
2027-03-31 15:00:00.000571966,1.41
2027-03-31 16:00:00.000572205,1.41
2027-03-31 17:00:00.000572205,1.41
2027-03-31 18:00:00.000572443,1.41
2027-03-31 19:00:00.000572443,1.41
2027-03-31 20:00:00.000572681,1.41
2027-03-31 21:00:00.000572681,1.41
2027-03-31 22:00:00.000572681,1.41
2027-03-31 23:00:00.000572920,1.41
2027-04-01 00:00:00.000572920,1.4017
2027-04-01 01:00:00.000573158,1.4017
2027-04-01 02:00:00.000573158,1.4017
2027-04-01 03:00:00.000573397,1.4017
2027-04-01 04:00:00.000573397,1.4017
2027-04-01 05:00:00.000573635,1.4017
2027-04-01 06:00:00.000573635,1.4017
2027-04-01 07:00:00.000573635,1.4017
2027-04-01 08:00:00.000573874,1.4017
2027-04-01 09:00:00.000573874,1.4017
2027-04-01 10:00:00.000574112,1.4017
2027-04-01 11:00:00.000574112,1.4017
2027-04-01 12:00:00.000574350,1.4017
2027-04-01 13:00:00.000574350,1.4017
2027-04-01 14:00:00.000574589,1.4017
2027-04-01 15:00:00.000574589,1.4017
2027-04-01 16:00:00.000574589,1.4017
2027-04-01 17:00:00.000574827,1.4017
2027-04-01 18:00:00.000574827,1.4017
2027-04-01 19:00:00.000575066,1.4017
2027-04-01 20:00:00.000575066,1.4017
2027-04-01 21:00:00.000575304,1.4017
2027-04-01 22:00:00.000575304,1.4017
2027-04-01 23:00:00.000575304,1.4017
2027-04-02 00:00:00.000575542,1.3933
2027-04-02 01:00:00.000575542,1.3933
2027-04-02 02:00:00.000575781,1.3933
2027-04-02 03:00:00.000575781,1.3933
2027-04-02 04:00:00.000576019,1.3933
2027-04-02 05:00:00.000576019,1.3933
2027-04-02 06:00:00.000576258,1.3933
2027-04-02 07:00:00.000576258,1.3933
2027-04-02 08:00:00.000576258,1.3933
2027-04-02 09:00:00.000576496,1.3933
2027-04-02 10:00:00.000576496,1.3933
2027-04-02 11:00:00.000576735,1.3933
2027-04-02 12:00:00.000576735,1.3933
2027-04-02 13:00:00.000576973,1.3933
2027-04-02 14:00:00.000576973,1.3933
2027-04-02 15:00:00.000577211,1.3933
2027-04-02 16:00:00.000577211,1.3933
2027-04-02 17:00:00.000577211,1.3933
2027-04-02 18:00:00.000577450,1.3933
2027-04-02 19:00:00.000577450,1.3933
2027-04-02 20:00:00.000577688,1.3933
2027-04-02 21:00:00.000577688,1.3933
2027-04-02 22:00:00.000577927,1.3933
2027-04-02 23:00:00.000577927,1.3933
2027-04-03 00:00:00.000577927,1.3849
2027-04-03 01:00:00.000578165,1.3849
2027-04-03 02:00:00.000578165,1.3849
2027-04-03 03:00:00.000578403,1.3849
2027-04-03 04:00:00.000578403,1.3849
2027-04-03 05:00:00.000578642,1.3849
2027-04-03 06:00:00.000578642,1.3849
2027-04-03 07:00:00.000578880,1.3849
2027-04-03 08:00:00.000578880,1.3849
2027-04-03 09:00:00.000578880,1.3849
2027-04-03 10:00:00.000579119,1.3849
2027-04-03 11:00:00.000579119,1.3849
2027-04-03 12:00:00.000579357,1.3849
2027-04-03 13:00:00.000579357,1.3849
2027-04-03 14:00:00.000579596,1.3849
2027-04-03 15:00:00.000579596,1.3849
2027-04-03 16:00:00.000579596,1.3849
2027-04-03 17:00:00.000579834,1.3849
2027-04-03 18:00:00.000579834,1.3849
2027-04-03 19:00:00.000580072,1.3849
2027-04-03 20:00:00.000580072,1.3849
2027-04-03 21:00:00.000580311,1.3849
2027-04-03 22:00:00.000580311,1.3849
2027-04-03 23:00:00.000580549,1.3849
2027-04-04 00:00:00.000580549,1.3765
2027-04-04 01:00:00.000580549,1.3765
2027-04-04 02:00:00.000580788,1.3765
2027-04-04 03:00:00.000580788,1.3765
2027-04-04 04:00:00.000581026,1.3765
2027-04-04 05:00:00.000581026,1.3765
2027-04-04 06:00:00.000581264,1.3765
2027-04-04 07:00:00.000581264,1.3765
2027-04-04 08:00:00.000581503,1.3765
2027-04-04 09:00:00.000581503,1.3765
2027-04-04 10:00:00.000581503,1.3765
2027-04-04 11:00:00.000581741,1.3765
2027-04-04 12:00:00.000581741,1.3765
2027-04-04 13:00:00.000581980,1.3765
2027-04-04 14:00:00.000581980,1.3765
2027-04-04 15:00:00.000582218,1.3765
2027-04-04 16:00:00.000582218,1.3765
2027-04-04 17:00:00.000582218,1.3765
2027-04-04 18:00:00.000582457,1.3765
2027-04-04 19:00:00.000582457,1.3765
2027-04-04 20:00:00.000582695,1.3765
2027-04-04 21:00:00.000582695,1.3765
2027-04-04 22:00:00.000582933,1.3765
2027-04-04 23:00:00.000582933,1.3765
2027-04-05 00:00:00.000583172,1.3681
2027-04-05 01:00:00.000583172,1.3681
2027-04-05 02:00:00.000583172,1.3681
2027-04-05 03:00:00.000583410,1.3681
2027-04-05 04:00:00.000583410,1.3681
2027-04-05 05:00:00.000583649,1.3681
2027-04-05 06:00:00.000583649,1.3681
2027-04-05 07:00:00.000583887,1.3681
2027-04-05 08:00:00.000583887,1.3681
2027-04-05 09:00:00.000584126,1.3681
2027-04-05 10:00:00.000584126,1.3681
2027-04-05 11:00:00.000584126,1.3681
2027-04-05 12:00:00.000584364,1.3681
2027-04-05 13:00:00.000584364,1.3681
2027-04-05 14:00:00.000584602,1.3681
2027-04-05 15:00:00.000584602,1.3681
2027-04-05 16:00:00.000584841,1.3681
2027-04-05 17:00:00.000584841,1.3681
2027-04-05 18:00:00.000584841,1.3681
2027-04-05 19:00:00.000585079,1.3681
2027-04-05 20:00:00.000585079,1.3681
2027-04-05 21:00:00.000585318,1.3681
2027-04-05 22:00:00.000585318,1.3681
2027-04-05 23:00:00.000585556,1.3681
2027-04-06 00:00:00.000585556,1.3598
2027-04-06 01:00:00.000585794,1.3598
2027-04-06 02:00:00.000585794,1.3598
2027-04-06 03:00:00.000585794,1.3598
2027-04-06 04:00:00.000586033,1.3598
2027-04-06 05:00:00.000586033,1.3598
2027-04-06 06:00:00.000586271,1.3598
2027-04-06 07:00:00.000586271,1.3598
2027-04-06 08:00:00.000586510,1.3598
2027-04-06 09:00:00.000586510,1.3598
2027-04-06 10:00:00.000586510,1.3598
2027-04-06 11:00:00.000586748,1.3598
2027-04-06 12:00:00.000586748,1.3598
2027-04-06 13:00:00.000586987,1.3598
2027-04-06 14:00:00.000586987,1.3598
2027-04-06 15:00:00.000587225,1.3598
2027-04-06 16:00:00.000587225,1.3598
2027-04-06 17:00:00.000587463,1.3598
2027-04-06 18:00:00.000587463,1.3598
2027-04-06 19:00:00.000587463,1.3598
2027-04-06 20:00:00.000587702,1.3598
2027-04-06 21:00:00.000587702,1.3598
2027-04-06 22:00:00.000587940,1.3598
2027-04-06 23:00:00.000587940,1.3598
2027-04-07 00:00:00.000588179,1.3513
2027-04-07 01:00:00.000588179,1.3513
2027-04-07 02:00:00.000588417,1.3513
2027-04-07 03:00:00.000588417,1.3513
2027-04-07 04:00:00.000588417,1.3513
2027-04-07 05:00:00.000588655,1.3513
2027-04-07 06:00:00.000588655,1.3513
2027-04-07 07:00:00.000588894,1.3513
2027-04-07 08:00:00.000588894,1.3513
2027-04-07 09:00:00.000589132,1.3513
2027-04-07 10:00:00.000589132,1.3513
2027-04-07 11:00:00.000589132,1.3513
2027-04-07 12:00:00.000589371,1.3513
2027-04-07 13:00:00.000589371,1.3513
2027-04-07 14:00:00.000589609,1.3513
2027-04-07 15:00:00.000589609,1.3513
2027-04-07 16:00:00.000589848,1.3513
2027-04-07 17:00:00.000589848,1.3513
2027-04-07 18:00:00.000590086,1.3513
2027-04-07 19:00:00.000590086,1.3513
2027-04-07 20:00:00.000590086,1.3513
2027-04-07 21:00:00.000590324,1.3513
2027-04-07 22:00:00.000590324,1.3513
2027-04-07 23:00:00.000590563,1.3513
2027-04-08 00:00:00.000590563,1.343
2027-04-08 01:00:00.000590801,1.343
2027-04-08 02:00:00.000590801,1.343
2027-04-08 03:00:00.000591040,1.343
2027-04-08 04:00:00.000591040,1.343
2027-04-08 05:00:00.000591040,1.343
2027-04-08 06:00:00.000591278,1.343
2027-04-08 07:00:00.000591278,1.343
2027-04-08 08:00:00.000591516,1.343
2027-04-08 09:00:00.000591516,1.343
2027-04-08 10:00:00.000591755,1.343
2027-04-08 11:00:00.000591755,1.343
2027-04-08 12:00:00.000591755,1.343
2027-04-08 13:00:00.000591993,1.343
2027-04-08 14:00:00.000591993,1.343
2027-04-08 15:00:00.000592232,1.343
2027-04-08 16:00:00.000592232,1.343
2027-04-08 17:00:00.000592470,1.343
2027-04-08 18:00:00.000592470,1.343
2027-04-08 19:00:00.000592709,1.343
2027-04-08 20:00:00.000592709,1.343
2027-04-08 21:00:00.000592709,1.343
2027-04-08 22:00:00.000592947,1.343
2027-04-08 23:00:00.000592947,1.343
2027-04-09 00:00:00.000593185,1.3347
2027-04-09 01:00:00.000593185,1.3347
2027-04-09 02:00:00.000593424,1.3347
2027-04-09 03:00:00.000593424,1.3347
2027-04-09 04:00:00.000593662,1.3347
2027-04-09 05:00:00.000593662,1.3347
2027-04-09 06:00:00.000593662,1.3347
2027-04-09 07:00:00.000593901,1.3347
2027-04-09 08:00:00.000593901,1.3347
2027-04-09 09:00:00.000594139,1.3347
2027-04-09 10:00:00.000594139,1.3347
2027-04-09 11:00:00.000594378,1.3347
2027-04-09 12:00:00.000594378,1.3347
2027-04-09 13:00:00.000594378,1.3347
2027-04-09 14:00:00.000594616,1.3347
2027-04-09 15:00:00.000594616,1.3347
2027-04-09 16:00:00.000594854,1.3347
2027-04-09 17:00:00.000594854,1.3347
2027-04-09 18:00:00.000595093,1.3347
2027-04-09 19:00:00.000595093,1.3347
2027-04-09 20:00:00.000595331,1.3347
2027-04-09 21:00:00.000595331,1.3347
2027-04-09 22:00:00.000595331,1.3347
2027-04-09 23:00:00.000595570,1.3347
2027-04-10 00:00:00.000595570,1.3262
2027-04-10 01:00:00.000595808,1.3262
2027-04-10 02:00:00.000595808,1.3262
2027-04-10 03:00:00.000596046,1.3262
2027-04-10 04:00:00.000596046,1.3262
2027-04-10 05:00:00.000596046,1.3262
2027-04-10 06:00:00.000596285,1.3262
2027-04-10 07:00:00.000596285,1.3262
2027-04-10 08:00:00.000596523,1.3262
2027-04-10 09:00:00.000596523,1.3262
2027-04-10 10:00:00.000596762,1.3262
2027-04-10 11:00:00.000596762,1.3262
2027-04-10 12:00:00.000597000,1.3262
2027-04-10 13:00:00.000597000,1.3262
2027-04-10 14:00:00.000597000,1.3262
2027-04-10 15:00:00.000597239,1.3262
2027-04-10 16:00:00.000597239,1.3262
2027-04-10 17:00:00.000597477,1.3262
2027-04-10 18:00:00.000597477,1.3262
2027-04-10 19:00:00.000597715,1.3262
2027-04-10 20:00:00.000597715,1.3262
2027-04-10 21:00:00.000597954,1.3262
2027-04-10 22:00:00.000597954,1.3262
2027-04-10 23:00:00.000597954,1.3262
2027-04-11 00:00:00.000598192,1.3179
2027-04-11 01:00:00.000598192,1.3179
2027-04-11 02:00:00.000598431,1.3179
2027-04-11 03:00:00.000598431,1.3179
2027-04-11 04:00:00.000598669,1.3179
2027-04-11 05:00:00.000598669,1.3179
2027-04-11 06:00:00.000598669,1.3179
2027-04-11 07:00:00.000598907,1.3179
2027-04-11 08:00:00.000598907,1.3179
2027-04-11 09:00:00.000599146,1.3179
2027-04-11 10:00:00.000599146,1.3179
2027-04-11 11:00:00.000599384,1.3179
2027-04-11 12:00:00.000599384,1.3179
2027-04-11 13:00:00.000599623,1.3179
2027-04-11 14:00:00.000599623,1.3179
2027-04-11 15:00:00.000599623,1.3179
2027-04-11 16:00:00.000599861,1.3179
2027-04-11 17:00:00.000599861,1.3179
2027-04-11 18:00:00.000600100,1.3179
2027-04-11 19:00:00.000600100,1.3179
2027-04-11 20:00:00.000600338,1.3179
2027-04-11 21:00:00.000600338,1.3179
2027-04-11 22:00:00.000600576,1.3179
2027-04-11 23:00:00.000600576,1.3179
2027-04-12 00:00:00.000600576,1.3095
2027-04-12 01:00:00.000600815,1.3095
2027-04-12 02:00:00.000600815,1.3095
2027-04-12 03:00:00.000601053,1.3095
2027-04-12 04:00:00.000601053,1.3095
2027-04-12 05:00:00.000601292,1.3095
2027-04-12 06:00:00.000601292,1.3095
2027-04-12 07:00:00.000601292,1.3095
2027-04-12 08:00:00.000601530,1.3095
2027-04-12 09:00:00.000601530,1.3095
2027-04-12 10:00:00.000601768,1.3095
2027-04-12 11:00:00.000601768,1.3095
2027-04-12 12:00:00.000602007,1.3095
2027-04-12 13:00:00.000602007,1.3095
2027-04-12 14:00:00.000602245,1.3095
2027-04-12 15:00:00.000602245,1.3095
2027-04-12 16:00:00.000602245,1.3095
2027-04-12 17:00:00.000602484,1.3095
2027-04-12 18:00:00.000602484,1.3095
2027-04-12 19:00:00.000602722,1.3095
2027-04-12 20:00:00.000602722,1.3095
2027-04-12 21:00:00.000602961,1.3095
2027-04-12 22:00:00.000602961,1.3095
2027-04-12 23:00:00.000602961,1.3095
2027-04-13 00:00:00.000603199,1.3011
2027-04-13 01:00:00.000603199,1.3011
2027-04-13 02:00:00.000603437,1.3011
2027-04-13 03:00:00.000603437,1.3011
2027-04-13 04:00:00.000603676,1.3011
2027-04-13 05:00:00.000603676,1.3011
2027-04-13 06:00:00.000603914,1.3011
2027-04-13 07:00:00.000603914,1.3011
2027-04-13 08:00:00.000603914,1.3011
2027-04-13 09:00:00.000604153,1.3011
2027-04-13 10:00:00.000604153,1.3011
2027-04-13 11:00:00.000604391,1.3011
2027-04-13 12:00:00.000604391,1.3011
2027-04-13 13:00:00.000604630,1.3011
2027-04-13 14:00:00.000604630,1.3011
2027-04-13 15:00:00.000604868,1.3011
2027-04-13 16:00:00.000604868,1.3011
2027-04-13 17:00:00.000604868,1.3011
2027-04-13 18:00:00.000605106,1.3011
2027-04-13 19:00:00.000605106,1.3011
2027-04-13 20:00:00.000605345,1.3011
2027-04-13 21:00:00.000605345,1.3011
2027-04-13 22:00:00.000605583,1.3011
2027-04-13 23:00:00.000605583,1.3011
2027-04-14 00:00:00.000605583,1.2927
2027-04-14 01:00:00.000605822,1.2927
2027-04-14 02:00:00.000605822,1.2927
2027-04-14 03:00:00.000606060,1.2927
2027-04-14 04:00:00.000606060,1.2927
2027-04-14 05:00:00.000606298,1.2927
2027-04-14 06:00:00.000606298,1.2927
2027-04-14 07:00:00.000606537,1.2927
2027-04-14 08:00:00.000606537,1.2927
2027-04-14 09:00:00.000606537,1.2927
2027-04-14 10:00:00.000606775,1.2927
2027-04-14 11:00:00.000606775,1.2927
2027-04-14 12:00:00.000607014,1.2927
2027-04-14 13:00:00.000607014,1.2927
2027-04-14 14:00:00.000607252,1.2927
2027-04-14 15:00:00.000607252,1.2927
2027-04-14 16:00:00.000607491,1.2927
2027-04-14 17:00:00.000607491,1.2927
2027-04-14 18:00:00.000607491,1.2927
2027-04-14 19:00:00.000607729,1.2927
2027-04-14 20:00:00.000607729,1.2927
2027-04-14 21:00:00.000607967,1.2927
2027-04-14 22:00:00.000607967,1.2927
2027-04-14 23:00:00.000608206,1.2927
2027-04-15 00:00:00.000608206,1.2843
2027-04-15 01:00:00.000608206,1.2843
2027-04-15 02:00:00.000608444,1.2843
2027-04-15 03:00:00.000608444,1.2843
2027-04-15 04:00:00.000608683,1.2843
2027-04-15 05:00:00.000608683,1.2843
2027-04-15 06:00:00.000608921,1.2843
2027-04-15 07:00:00.000608921,1.2843
2027-04-15 08:00:00.000609159,1.2843
2027-04-15 09:00:00.000609159,1.2843
2027-04-15 10:00:00.000609159,1.2843
2027-04-15 11:00:00.000609398,1.2843
2027-04-15 12:00:00.000609398,1.2843
2027-04-15 13:00:00.000609636,1.2843
2027-04-15 14:00:00.000609636,1.2843
2027-04-15 15:00:00.000609875,1.2843
2027-04-15 16:00:00.000609875,1.2843
2027-04-15 17:00:00.000609875,1.2843
2027-04-15 18:00:00.000610113,1.2843
2027-04-15 19:00:00.000610113,1.2843
2027-04-15 20:00:00.000610352,1.2843
2027-04-15 21:00:00.000610352,1.2843
2027-04-15 22:00:00.000610590,1.2843
2027-04-15 23:00:00.000610590,1.2843
2027-04-16 00:00:00.000610828,1.276
2027-04-16 01:00:00.000610828,1.276
2027-04-16 02:00:00.000610828,1.276
2027-04-16 03:00:00.000611067,1.276
2027-04-16 04:00:00.000611067,1.276
2027-04-16 05:00:00.000611305,1.276
2027-04-16 06:00:00.000611305,1.276
2027-04-16 07:00:00.000611544,1.276
2027-04-16 08:00:00.000611544,1.276
2027-04-16 09:00:00.000611782,1.276
2027-04-16 10:00:00.000611782,1.276
2027-04-16 11:00:00.000611782,1.276
2027-04-16 12:00:00.000612020,1.276
2027-04-16 13:00:00.000612020,1.276
2027-04-16 14:00:00.000612259,1.276
2027-04-16 15:00:00.000612259,1.276
2027-04-16 16:00:00.000612497,1.276
2027-04-16 17:00:00.000612497,1.276
2027-04-16 18:00:00.000612497,1.276
2027-04-16 19:00:00.000612736,1.276
2027-04-16 20:00:00.000612736,1.276
2027-04-16 21:00:00.000612974,1.276
2027-04-16 22:00:00.000612974,1.276
2027-04-16 23:00:00.000613213,1.276
2027-04-17 00:00:00.000613213,1.2676
2027-04-17 01:00:00.000613451,1.2676
2027-04-17 02:00:00.000613451,1.2676
2027-04-17 03:00:00.000613451,1.2676
2027-04-17 04:00:00.000613689,1.2676
2027-04-17 05:00:00.000613689,1.2676
2027-04-17 06:00:00.000613928,1.2676
2027-04-17 07:00:00.000613928,1.2676
2027-04-17 08:00:00.000614166,1.2676
2027-04-17 09:00:00.000614166,1.2676
2027-04-17 10:00:00.000614405,1.2676
2027-04-17 11:00:00.000614405,1.2676
2027-04-17 12:00:00.000614405,1.2676
2027-04-17 13:00:00.000614643,1.2676
2027-04-17 14:00:00.000614643,1.2676
2027-04-17 15:00:00.000614882,1.2676
2027-04-17 16:00:00.000614882,1.2676
2027-04-17 17:00:00.000615120,1.2676
2027-04-17 18:00:00.000615120,1.2676
2027-04-17 19:00:00.000615120,1.2676
2027-04-17 20:00:00.000615358,1.2676
2027-04-17 21:00:00.000615358,1.2676
2027-04-17 22:00:00.000615597,1.2676
2027-04-17 23:00:00.000615597,1.2676
2027-04-18 00:00:00.000615835,1.2592
2027-04-18 01:00:00.000615835,1.2592
2027-04-18 02:00:00.000616074,1.2592
2027-04-18 03:00:00.000616074,1.2592
2027-04-18 04:00:00.000616074,1.2592
2027-04-18 05:00:00.000616312,1.2592
2027-04-18 06:00:00.000616312,1.2592
2027-04-18 07:00:00.000616550,1.2592
2027-04-18 08:00:00.000616550,1.2592
2027-04-18 09:00:00.000616789,1.2592
2027-04-18 10:00:00.000616789,1.2592
2027-04-18 11:00:00.000617027,1.2592
2027-04-18 12:00:00.000617027,1.2592
2027-04-18 13:00:00.000617027,1.2592
2027-04-18 14:00:00.000617266,1.2592
2027-04-18 15:00:00.000617266,1.2592
2027-04-18 16:00:00.000617504,1.2592
2027-04-18 17:00:00.000617504,1.2592
2027-04-18 18:00:00.000617743,1.2592
2027-04-18 19:00:00.000617743,1.2592
2027-04-18 20:00:00.000617743,1.2592
2027-04-18 21:00:00.000617981,1.2592
2027-04-18 22:00:00.000617981,1.2592
2027-04-18 23:00:00.000618219,1.2592
2027-04-19 00:00:00.000618219,1.2508
2027-04-19 01:00:00.000618458,1.2508
2027-04-19 02:00:00.000618458,1.2508
2027-04-19 03:00:00.000618696,1.2508
2027-04-19 04:00:00.000618696,1.2508
2027-04-19 05:00:00.000618696,1.2508
2027-04-19 06:00:00.000618935,1.2508
2027-04-19 07:00:00.000618935,1.2508
2027-04-19 08:00:00.000619173,1.2508
2027-04-19 09:00:00.000619173,1.2508
2027-04-19 10:00:00.000619411,1.2508
2027-04-19 11:00:00.000619411,1.2508
2027-04-19 12:00:00.000619411,1.2508
2027-04-19 13:00:00.000619650,1.2508
2027-04-19 14:00:00.000619650,1.2508
2027-04-19 15:00:00.000619888,1.2508
2027-04-19 16:00:00.000619888,1.2508
2027-04-19 17:00:00.000620127,1.2508
2027-04-19 18:00:00.000620127,1.2508
2027-04-19 19:00:00.000620365,1.2508
2027-04-19 20:00:00.000620365,1.2508
2027-04-19 21:00:00.000620365,1.2508
2027-04-19 22:00:00.000620604,1.2508
2027-04-19 23:00:00.000620604,1.2508
2027-04-20 00:00:00.000620842,1.2424
2027-04-20 01:00:00.000620842,1.2424
2027-04-20 02:00:00.000621080,1.2424
2027-04-20 03:00:00.000621080,1.2424
2027-04-20 04:00:00.000621319,1.2424
2027-04-20 05:00:00.000621319,1.2424
2027-04-20 06:00:00.000621319,1.2424
2027-04-20 07:00:00.000621557,1.2424
2027-04-20 08:00:00.000621557,1.2424
2027-04-20 09:00:00.000621796,1.2424
2027-04-20 10:00:00.000621796,1.2424
2027-04-20 11:00:00.000622034,1.2424
2027-04-20 12:00:00.000622034,1.2424
2027-04-20 13:00:00.000622034,1.2424
2027-04-20 14:00:00.000622272,1.2424
2027-04-20 15:00:00.000622272,1.2424
2027-04-20 16:00:00.000622511,1.2424
2027-04-20 17:00:00.000622511,1.2424
2027-04-20 18:00:00.000622749,1.2424
2027-04-20 19:00:00.000622749,1.2424
2027-04-20 20:00:00.000622988,1.2424
2027-04-20 21:00:00.000622988,1.2424
2027-04-20 22:00:00.000622988,1.2424
2027-04-20 23:00:00.000623226,1.2424
2027-04-21 00:00:00.000623226,1.2341
2027-04-21 01:00:00.000623465,1.2341
2027-04-21 02:00:00.000623465,1.2341
2027-04-21 03:00:00.000623703,1.2341
2027-04-21 04:00:00.000623703,1.2341
2027-04-21 05:00:00.000623941,1.2341
2027-04-21 06:00:00.000623941,1.2341
2027-04-21 07:00:00.000623941,1.2341
2027-04-21 08:00:00.000624180,1.2341
2027-04-21 09:00:00.000624180,1.2341
2027-04-21 10:00:00.000624418,1.2341
2027-04-21 11:00:00.000624418,1.2341
2027-04-21 12:00:00.000624657,1.2341
2027-04-21 13:00:00.000624657,1.2341
2027-04-21 14:00:00.000624657,1.2341
2027-04-21 15:00:00.000624895,1.2341
2027-04-21 16:00:00.000624895,1.2341
2027-04-21 17:00:00.000625134,1.2341
2027-04-21 18:00:00.000625134,1.2341
2027-04-21 19:00:00.000625372,1.2341
2027-04-21 20:00:00.000625372,1.2341
2027-04-21 21:00:00.000625610,1.2341
2027-04-21 22:00:00.000625610,1.2341
2027-04-21 23:00:00.000625610,1.2341
2027-04-22 00:00:00.000625849,1.2257
2027-04-22 01:00:00.000625849,1.2257
2027-04-22 02:00:00.000626087,1.2257
2027-04-22 03:00:00.000626087,1.2257
2027-04-22 04:00:00.000626326,1.2257
2027-04-22 05:00:00.000626326,1.2257
2027-04-22 06:00:00.000626326,1.2257
2027-04-22 07:00:00.000626564,1.2257
2027-04-22 08:00:00.000626564,1.2257
2027-04-22 09:00:00.000626802,1.2257
2027-04-22 10:00:00.000626802,1.2257
2027-04-22 11:00:00.000627041,1.2257
2027-04-22 12:00:00.000627041,1.2257
2027-04-22 13:00:00.000627279,1.2257
2027-04-22 14:00:00.000627279,1.2257
2027-04-22 15:00:00.000627279,1.2257
2027-04-22 16:00:00.000627518,1.2257
2027-04-22 17:00:00.000627518,1.2257
2027-04-22 18:00:00.000627756,1.2257
2027-04-22 19:00:00.000627756,1.2257
2027-04-22 20:00:00.000627995,1.2257
2027-04-22 21:00:00.000627995,1.2257
2027-04-22 22:00:00.000628233,1.2257
2027-04-22 23:00:00.000628233,1.2257
2027-04-23 00:00:00.000628233,1.2173
2027-04-23 01:00:00.000628471,1.2173
2027-04-23 02:00:00.000628471,1.2173
2027-04-23 03:00:00.000628710,1.2173
2027-04-23 04:00:00.000628710,1.2173
2027-04-23 05:00:00.000628948,1.2173
2027-04-23 06:00:00.000628948,1.2173
2027-04-23 07:00:00.000628948,1.2173
2027-04-23 08:00:00.000629187,1.2173
2027-04-23 09:00:00.000629187,1.2173
2027-04-23 10:00:00.000629425,1.2173
2027-04-23 11:00:00.000629425,1.2173
2027-04-23 12:00:00.000629663,1.2173
2027-04-23 13:00:00.000629663,1.2173
2027-04-23 14:00:00.000629902,1.2173
2027-04-23 15:00:00.000629902,1.2173
2027-04-23 16:00:00.000629902,1.2173
2027-04-23 17:00:00.000630140,1.2173
2027-04-23 18:00:00.000630140,1.2173
2027-04-23 19:00:00.000630379,1.2173
2027-04-23 20:00:00.000630379,1.2173
2027-04-23 21:00:00.000630617,1.2173
2027-04-23 22:00:00.000630617,1.2173
2027-04-23 23:00:00.000630856,1.2173
2027-04-24 00:00:00.000630856,1.2089
2027-04-24 01:00:00.000630856,1.2089
2027-04-24 02:00:00.000631094,1.2089
2027-04-24 03:00:00.000631094,1.2089
2027-04-24 04:00:00.000631332,1.2089
2027-04-24 05:00:00.000631332,1.2089
2027-04-24 06:00:00.000631571,1.2089
2027-04-24 07:00:00.000631571,1.2089
2027-04-24 08:00:00.000631571,1.2089
2027-04-24 09:00:00.000631809,1.2089
2027-04-24 10:00:00.000631809,1.2089
2027-04-24 11:00:00.000632048,1.2089
2027-04-24 12:00:00.000632048,1.2089
2027-04-24 13:00:00.000632286,1.2089
2027-04-24 14:00:00.000632286,1.2089
2027-04-24 15:00:00.000632524,1.2089
2027-04-24 16:00:00.000632524,1.2089
2027-04-24 17:00:00.000632524,1.2089
2027-04-24 18:00:00.000632763,1.2089
2027-04-24 19:00:00.000632763,1.2089
2027-04-24 20:00:00.000633001,1.2089
2027-04-24 21:00:00.000633001,1.2089
2027-04-24 22:00:00.000633240,1.2089
2027-04-24 23:00:00.000633240,1.2089
2027-04-25 00:00:00.000633240,1.2006
2027-04-25 01:00:00.000633478,1.2006
2027-04-25 02:00:00.000633478,1.2006
2027-04-25 03:00:00.000633717,1.2006
2027-04-25 04:00:00.000633717,1.2006
2027-04-25 05:00:00.000633955,1.2006
2027-04-25 06:00:00.000633955,1.2006
2027-04-25 07:00:00.000634193,1.2006
2027-04-25 08:00:00.000634193,1.2006
2027-04-25 09:00:00.000634193,1.2006
2027-04-25 10:00:00.000634432,1.2006
2027-04-25 11:00:00.000634432,1.2006
2027-04-25 12:00:00.000634670,1.2006
2027-04-25 13:00:00.000634670,1.2006
2027-04-25 14:00:00.000634909,1.2006
2027-04-25 15:00:00.000634909,1.2006
2027-04-25 16:00:00.000635147,1.2006
2027-04-25 17:00:00.000635147,1.2006
2027-04-25 18:00:00.000635147,1.2006
2027-04-25 19:00:00.000635386,1.2006
2027-04-25 20:00:00.000635386,1.2006
2027-04-25 21:00:00.000635624,1.2006
2027-04-25 22:00:00.000635624,1.2006
2027-04-25 23:00:00.000635862,1.2006
2027-04-26 00:00:00.000635862,1.1921
2027-04-26 01:00:00.000635862,1.1921
2027-04-26 02:00:00.000636101,1.1921
2027-04-26 03:00:00.000636101,1.1921
2027-04-26 04:00:00.000636339,1.1921
2027-04-26 05:00:00.000636339,1.1921
2027-04-26 06:00:00.000636578,1.1921
2027-04-26 07:00:00.000636578,1.1921
2027-04-26 08:00:00.000636816,1.1921
2027-04-26 09:00:00.000636816,1.1921
2027-04-26 10:00:00.000636816,1.1921
2027-04-26 11:00:00.000637054,1.1921
2027-04-26 12:00:00.000637054,1.1921
2027-04-26 13:00:00.000637293,1.1921
2027-04-26 14:00:00.000637293,1.1921
2027-04-26 15:00:00.000637531,1.1921
2027-04-26 16:00:00.000637531,1.1921
2027-04-26 17:00:00.000637770,1.1921
2027-04-26 18:00:00.000637770,1.1921
2027-04-26 19:00:00.000637770,1.1921
2027-04-26 20:00:00.000638008,1.1921
2027-04-26 21:00:00.000638008,1.1921
2027-04-26 22:00:00.000638247,1.1921
2027-04-26 23:00:00.000638247,1.1921
2027-04-27 00:00:00.000638485,1.1838
2027-04-27 01:00:00.000638485,1.1838
2027-04-27 02:00:00.000638485,1.1838
2027-04-27 03:00:00.000638723,1.1838
2027-04-27 04:00:00.000638723,1.1838
2027-04-27 05:00:00.000638962,1.1838
2027-04-27 06:00:00.000638962,1.1838
2027-04-27 07:00:00.000639200,1.1838
2027-04-27 08:00:00.000639200,1.1838
2027-04-27 09:00:00.000639439,1.1838
2027-04-27 10:00:00.000639439,1.1838
2027-04-27 11:00:00.000639439,1.1838
2027-04-27 12:00:00.000639677,1.1838
2027-04-27 13:00:00.000639677,1.1838
2027-04-27 14:00:00.000639915,1.1838
2027-04-27 15:00:00.000639915,1.1838
2027-04-27 16:00:00.000640154,1.1838
2027-04-27 17:00:00.000640154,1.1838
2027-04-27 18:00:00.000640154,1.1838
2027-04-27 19:00:00.000640392,1.1838
2027-04-27 20:00:00.000640392,1.1838
2027-04-27 21:00:00.000640631,1.1838
2027-04-27 22:00:00.000640631,1.1838
2027-04-27 23:00:00.000640869,1.1838
2027-04-28 00:00:00.000640869,1.1754
2027-04-28 01:00:00.000641108,1.1754
2027-04-28 02:00:00.000641108,1.1754
2027-04-28 03:00:00.000641108,1.1754
2027-04-28 04:00:00.000641346,1.1754
2027-04-28 05:00:00.000641346,1.1754
2027-04-28 06:00:00.000641584,1.1754
2027-04-28 07:00:00.000641584,1.1754
2027-04-28 08:00:00.000641823,1.1754
2027-04-28 09:00:00.000641823,1.1754
2027-04-28 10:00:00.000642061,1.1754
2027-04-28 11:00:00.000642061,1.1754
2027-04-28 12:00:00.000642061,1.1754
2027-04-28 13:00:00.000642300,1.1754
2027-04-28 14:00:00.000642300,1.1754
2027-04-28 15:00:00.000642538,1.1754
2027-04-28 16:00:00.000642538,1.1754
2027-04-28 17:00:00.000642776,1.1754
2027-04-28 18:00:00.000642776,1.1754
2027-04-28 19:00:00.000642776,1.1754
2027-04-28 20:00:00.000643015,1.1754
2027-04-28 21:00:00.000643015,1.1754
2027-04-28 22:00:00.000643253,1.1754
2027-04-28 23:00:00.000643253,1.1754
2027-04-29 00:00:00.000643492,1.167
2027-04-29 01:00:00.000643492,1.167
2027-04-29 02:00:00.000643730,1.167
2027-04-29 03:00:00.000643730,1.167
2027-04-29 04:00:00.000643730,1.167
2027-04-29 05:00:00.000643969,1.167
2027-04-29 06:00:00.000643969,1.167
2027-04-29 07:00:00.000644207,1.167
2027-04-29 08:00:00.000644207,1.167
2027-04-29 09:00:00.000644445,1.167
2027-04-29 10:00:00.000644445,1.167
2027-04-29 11:00:00.000644684,1.167
2027-04-29 12:00:00.000644684,1.167
2027-04-29 13:00:00.000644684,1.167
2027-04-29 14:00:00.000644922,1.167
2027-04-29 15:00:00.000644922,1.167
2027-04-29 16:00:00.000645161,1.167
2027-04-29 17:00:00.000645161,1.167
2027-04-29 18:00:00.000645399,1.167
2027-04-29 19:00:00.000645399,1.167
2027-04-29 20:00:00.000645399,1.167
2027-04-29 21:00:00.000645638,1.167
2027-04-29 22:00:00.000645638,1.167
2027-04-29 23:00:00.000645876,1.167
2027-04-30 00:00:00.000645876,1.1587
2027-04-30 01:00:00.000646114,1.1587
2027-04-30 02:00:00.000646114,1.1587
2027-04-30 03:00:00.000646353,1.1587
2027-04-30 04:00:00.000646353,1.1587
2027-04-30 05:00:00.000646353,1.1587
2027-04-30 06:00:00.000646591,1.1587
2027-04-30 07:00:00.000646591,1.1587
2027-04-30 08:00:00.000646830,1.1587
2027-04-30 09:00:00.000646830,1.1587
2027-04-30 10:00:00.000647068,1.1587
2027-04-30 11:00:00.000647068,1.1587
2027-04-30 12:00:00.000647306,1.1587
2027-04-30 13:00:00.000647306,1.1587
2027-04-30 14:00:00.000647306,1.1587
2027-04-30 15:00:00.000647545,1.1587
2027-04-30 16:00:00.000647545,1.1587
2027-04-30 17:00:00.000647783,1.1587
2027-04-30 18:00:00.000647783,1.1587
2027-04-30 19:00:00.000648022,1.1587
2027-04-30 20:00:00.000648022,1.1587
2027-04-30 21:00:00.000648022,1.1587
2027-04-30 22:00:00.000648260,1.1587
2027-04-30 23:00:00.000648260,1.1587
2027-05-01 00:00:00.000648499,1.1502
2027-05-01 01:00:00.000648499,1.1502
2027-05-01 02:00:00.000648737,1.1502
2027-05-01 03:00:00.000648737,1.1502
2027-05-01 04:00:00.000648975,1.1502
2027-05-01 05:00:00.000648975,1.1502
2027-05-01 06:00:00.000648975,1.1502
2027-05-01 07:00:00.000649214,1.1502
2027-05-01 08:00:00.000649214,1.1502
2027-05-01 09:00:00.000649452,1.1502
2027-05-01 10:00:00.000649452,1.1502
2027-05-01 11:00:00.000649691,1.1502
2027-05-01 12:00:00.000649691,1.1502
2027-05-01 13:00:00.000649691,1.1502
2027-05-01 14:00:00.000649929,1.1502
2027-05-01 15:00:00.000649929,1.1502
2027-05-01 16:00:00.000650167,1.1502
2027-05-01 17:00:00.000650167,1.1502
2027-05-01 18:00:00.000650406,1.1502
2027-05-01 19:00:00.000650406,1.1502
2027-05-01 20:00:00.000650644,1.1502
2027-05-01 21:00:00.000650644,1.1502
2027-05-01 22:00:00.000650644,1.1502
2027-05-01 23:00:00.000650883,1.1502
2027-05-02 00:00:00.000650883,1.1419
2027-05-02 01:00:00.000651121,1.1419
2027-05-02 02:00:00.000651121,1.1419
2027-05-02 03:00:00.000651360,1.1419
2027-05-02 04:00:00.000651360,1.1419
2027-05-02 05:00:00.000651598,1.1419
2027-05-02 06:00:00.000651598,1.1419
2027-05-02 07:00:00.000651598,1.1419
2027-05-02 08:00:00.000651836,1.1419
2027-05-02 09:00:00.000651836,1.1419
2027-05-02 10:00:00.000652075,1.1419
2027-05-02 11:00:00.000652075,1.1419
2027-05-02 12:00:00.000652313,1.1419
2027-05-02 13:00:00.000652313,1.1419
2027-05-02 14:00:00.000652313,1.1419
2027-05-02 15:00:00.000652552,1.1419
2027-05-02 16:00:00.000652552,1.1419
2027-05-02 17:00:00.000652790,1.1419
2027-05-02 18:00:00.000652790,1.1419
2027-05-02 19:00:00.000653028,1.1419
2027-05-02 20:00:00.000653028,1.1419
2027-05-02 21:00:00.000653267,1.1419
2027-05-02 22:00:00.000653267,1.1419
2027-05-02 23:00:00.000653267,1.1419
2027-05-03 00:00:00.000653505,1.1335
2027-05-03 01:00:00.000653505,1.1335
2027-05-03 02:00:00.000653744,1.1335
2027-05-03 03:00:00.000653744,1.1335
2027-05-03 04:00:00.000653982,1.1335
2027-05-03 05:00:00.000653982,1.1335
2027-05-03 06:00:00.000654221,1.1335
2027-05-03 07:00:00.000654221,1.1335
2027-05-03 08:00:00.000654221,1.1335
2027-05-03 09:00:00.000654459,1.1335
2027-05-03 10:00:00.000654459,1.1335
2027-05-03 11:00:00.000654697,1.1335
2027-05-03 12:00:00.000654697,1.1335
2027-05-03 13:00:00.000654936,1.1335
2027-05-03 14:00:00.000654936,1.1335
2027-05-03 15:00:00.000654936,1.1335
2027-05-03 16:00:00.000655174,1.1335
2027-05-03 17:00:00.000655174,1.1335
2027-05-03 18:00:00.000655413,1.1335
2027-05-03 19:00:00.000655413,1.1335
2027-05-03 20:00:00.000655651,1.1335
2027-05-03 21:00:00.000655651,1.1335
2027-05-03 22:00:00.000655890,1.1335
2027-05-03 23:00:00.000655890,1.1335
2027-05-04 00:00:00.000655890,1.1251
2027-05-04 01:00:00.000656128,1.1251
2027-05-04 02:00:00.000656128,1.1251
2027-05-04 03:00:00.000656366,1.1251
2027-05-04 04:00:00.000656366,1.1251
2027-05-04 05:00:00.000656605,1.1251
2027-05-04 06:00:00.000656605,1.1251
2027-05-04 07:00:00.000656605,1.1251
2027-05-04 08:00:00.000656843,1.1251
2027-05-04 09:00:00.000656843,1.1251
2027-05-04 10:00:00.000657082,1.1251
2027-05-04 11:00:00.000657082,1.1251
2027-05-04 12:00:00.000657320,1.1251
2027-05-04 13:00:00.000657320,1.1251
2027-05-04 14:00:00.000657558,1.1251
2027-05-04 15:00:00.000657558,1.1251
2027-05-04 16:00:00.000657558,1.1251
2027-05-04 17:00:00.000657797,1.1251
2027-05-04 18:00:00.000657797,1.1251
2027-05-04 19:00:00.000658035,1.1251
2027-05-04 20:00:00.000658035,1.1251
2027-05-04 21:00:00.000658274,1.1251
2027-05-04 22:00:00.000658274,1.1251
2027-05-04 23:00:00.000658512,1.1251
2027-05-05 00:00:00.000658512,1.1168
2027-05-05 01:00:00.000658512,1.1168
2027-05-05 02:00:00.000658751,1.1168
2027-05-05 03:00:00.000658751,1.1168
2027-05-05 04:00:00.000658989,1.1168
2027-05-05 05:00:00.000658989,1.1168
2027-05-05 06:00:00.000659227,1.1168
2027-05-05 07:00:00.000659227,1.1168
2027-05-05 08:00:00.000659227,1.1168
2027-05-05 09:00:00.000659466,1.1168
2027-05-05 10:00:00.000659466,1.1168
2027-05-05 11:00:00.000659704,1.1168
2027-05-05 12:00:00.000659704,1.1168
2027-05-05 13:00:00.000659943,1.1168
2027-05-05 14:00:00.000659943,1.1168
2027-05-05 15:00:00.000660181,1.1168
2027-05-05 16:00:00.000660181,1.1168
2027-05-05 17:00:00.000660181,1.1168
2027-05-05 18:00:00.000660419,1.1168
2027-05-05 19:00:00.000660419,1.1168
2027-05-05 20:00:00.000660658,1.1168
2027-05-05 21:00:00.000660658,1.1168
2027-05-05 22:00:00.000660896,1.1168
2027-05-05 23:00:00.000660896,1.1168
2027-05-06 00:00:00.000661135,1.1083
2027-05-06 01:00:00.000661135,1.1083
2027-05-06 02:00:00.000661135,1.1083
2027-05-06 03:00:00.000661373,1.1083
2027-05-06 04:00:00.000661373,1.1083
2027-05-06 05:00:00.000661612,1.1083
2027-05-06 06:00:00.000661612,1.1083
2027-05-06 07:00:00.000661850,1.1083
2027-05-06 08:00:00.000661850,1.1083
2027-05-06 09:00:00.000661850,1.1083
2027-05-06 10:00:00.000662088,1.1083
2027-05-06 11:00:00.000662088,1.1083
2027-05-06 12:00:00.000662327,1.1083
2027-05-06 13:00:00.000662327,1.1083
2027-05-06 14:00:00.000662565,1.1083
2027-05-06 15:00:00.000662565,1.1083
2027-05-06 16:00:00.000662804,1.1083
2027-05-06 17:00:00.000662804,1.1083
2027-05-06 18:00:00.000662804,1.1083
2027-05-06 19:00:00.000663042,1.1083
2027-05-06 20:00:00.000663042,1.1083
2027-05-06 21:00:00.000663280,1.1083
2027-05-06 22:00:00.000663280,1.1083
2027-05-06 23:00:00.000663519,1.1083
2027-05-07 00:00:00.000663519,1.1
2027-05-07 01:00:00.000663519,1.1
2027-05-07 02:00:00.000663757,1.1
2027-05-07 03:00:00.000663757,1.1
2027-05-07 04:00:00.000663996,1.1
2027-05-07 05:00:00.000663996,1.1
2027-05-07 06:00:00.000664234,1.1
2027-05-07 07:00:00.000664234,1.1
2027-05-07 08:00:00.000664473,1.1
2027-05-07 09:00:00.000664473,1.1
2027-05-07 10:00:00.000664473,1.1
2027-05-07 11:00:00.000664711,1.1
2027-05-07 12:00:00.000664711,1.1
2027-05-07 13:00:00.000664949,1.1
2027-05-07 14:00:00.000664949,1.1
2027-05-07 15:00:00.000665188,1.1
2027-05-07 16:00:00.000665188,1.1
2027-05-07 17:00:00.000665426,1.1
2027-05-07 18:00:00.000665426,1.1
2027-05-07 19:00:00.000665426,1.1
2027-05-07 20:00:00.000665665,1.1
2027-05-07 21:00:00.000665665,1.1
2027-05-07 22:00:00.000665903,1.1
2027-05-07 23:00:00.000665903,1.1
2027-05-08 00:00:00.000666142,1.0916
2027-05-08 01:00:00.000666142,1.0916
2027-05-08 02:00:00.000666142,1.0916
2027-05-08 03:00:00.000666380,1.0916
2027-05-08 04:00:00.000666380,1.0916
2027-05-08 05:00:00.000666618,1.0916
2027-05-08 06:00:00.000666618,1.0916
2027-05-08 07:00:00.000666857,1.0916
2027-05-08 08:00:00.000666857,1.0916
2027-05-08 09:00:00.000667095,1.0916
2027-05-08 10:00:00.000667095,1.0916
2027-05-08 11:00:00.000667095,1.0916
2027-05-08 12:00:00.000667334,1.0916
2027-05-08 13:00:00.000667334,1.0916
2027-05-08 14:00:00.000667572,1.0916
2027-05-08 15:00:00.000667572,1.0916
2027-05-08 16:00:00.000667810,1.0916
2027-05-08 17:00:00.000667810,1.0916
2027-05-08 18:00:00.000668049,1.0916
2027-05-08 19:00:00.000668049,1.0916
2027-05-08 20:00:00.000668049,1.0916
2027-05-08 21:00:00.000668287,1.0916
2027-05-08 22:00:00.000668287,1.0916
2027-05-08 23:00:00.000668526,1.0916
2027-05-09 00:00:00.000668526,1.0832
2027-05-09 01:00:00.000668764,1.0832
2027-05-09 02:00:00.000668764,1.0832
2027-05-09 03:00:00.000668764,1.0832
2027-05-09 04:00:00.000669003,1.0832
2027-05-09 05:00:00.000669003,1.0832
2027-05-09 06:00:00.000669241,1.0832
2027-05-09 07:00:00.000669241,1.0832
2027-05-09 08:00:00.000669479,1.0832
2027-05-09 09:00:00.000669479,1.0832
2027-05-09 10:00:00.000669718,1.0832
2027-05-09 11:00:00.000669718,1.0832
2027-05-09 12:00:00.000669718,1.0832
2027-05-09 13:00:00.000669956,1.0832
2027-05-09 14:00:00.000669956,1.0832
2027-05-09 15:00:00.000670195,1.0832
2027-05-09 16:00:00.000670195,1.0832
2027-05-09 17:00:00.000670433,1.0832
2027-05-09 18:00:00.000670433,1.0832
2027-05-09 19:00:00.000670433,1.0832
2027-05-09 20:00:00.000670671,1.0832
2027-05-09 21:00:00.000670671,1.0832
2027-05-09 22:00:00.000670910,1.0832
2027-05-09 23:00:00.000670910,1.0832
2027-05-10 00:00:00.000671148,1.0749
2027-05-10 01:00:00.000671148,1.0749
2027-05-10 02:00:00.000671387,1.0749
2027-05-10 03:00:00.000671387,1.0749
2027-05-10 04:00:00.000671387,1.0749
2027-05-10 05:00:00.000671625,1.0749
2027-05-10 06:00:00.000671625,1.0749
2027-05-10 07:00:00.000671864,1.0749
2027-05-10 08:00:00.000671864,1.0749
2027-05-10 09:00:00.000672102,1.0749
2027-05-10 10:00:00.000672102,1.0749
2027-05-10 11:00:00.000672340,1.0749
2027-05-10 12:00:00.000672340,1.0749
2027-05-10 13:00:00.000672340,1.0749
2027-05-10 14:00:00.000672579,1.0749
2027-05-10 15:00:00.000672579,1.0749
2027-05-10 16:00:00.000672817,1.0749
2027-05-10 17:00:00.000672817,1.0749
2027-05-10 18:00:00.000673056,1.0749
2027-05-10 19:00:00.000673056,1.0749
2027-05-10 20:00:00.000673056,1.0749
2027-05-10 21:00:00.000673294,1.0749
2027-05-10 22:00:00.000673294,1.0749
2027-05-10 23:00:00.000673532,1.0749
2027-05-11 00:00:00.000673532,1.0665
2027-05-11 01:00:00.000673771,1.0665
2027-05-11 02:00:00.000673771,1.0665
2027-05-11 03:00:00.000674009,1.0665
2027-05-11 04:00:00.000674009,1.0665
2027-05-11 05:00:00.000674009,1.0665
2027-05-11 06:00:00.000674248,1.0665
2027-05-11 07:00:00.000674248,1.0665
2027-05-11 08:00:00.000674486,1.0665
2027-05-11 09:00:00.000674486,1.0665
2027-05-11 10:00:00.000674725,1.0665
2027-05-11 11:00:00.000674725,1.0665
2027-05-11 12:00:00.000674963,1.0665
2027-05-11 13:00:00.000674963,1.0665
2027-05-11 14:00:00.000674963,1.0665
2027-05-11 15:00:00.000675201,1.0665
2027-05-11 16:00:00.000675201,1.0665
2027-05-11 17:00:00.000675440,1.0665
2027-05-11 18:00:00.000675440,1.0665
2027-05-11 19:00:00.000675678,1.0665
2027-05-11 20:00:00.000675678,1.0665
2027-05-11 21:00:00.000675678,1.0665
2027-05-11 22:00:00.000675917,1.0665
2027-05-11 23:00:00.000675917,1.0665
2027-05-12 00:00:00.000676155,1.0581
2027-05-12 01:00:00.000676155,1.0581
2027-05-12 02:00:00.000676394,1.0581
2027-05-12 03:00:00.000676394,1.0581
2027-05-12 04:00:00.000676632,1.0581
2027-05-12 05:00:00.000676632,1.0581
2027-05-12 06:00:00.000676632,1.0581
2027-05-12 07:00:00.000676870,1.0581
2027-05-12 08:00:00.000676870,1.0581
2027-05-12 09:00:00.000677109,1.0581
2027-05-12 10:00:00.000677109,1.0581
2027-05-12 11:00:00.000677347,1.0581
2027-05-12 12:00:00.000677347,1.0581
2027-05-12 13:00:00.000677586,1.0581
2027-05-12 14:00:00.000677586,1.0581
2027-05-12 15:00:00.000677586,1.0581
2027-05-12 16:00:00.000677824,1.0581
2027-05-12 17:00:00.000677824,1.0581
2027-05-12 18:00:00.000678062,1.0581
2027-05-12 19:00:00.000678062,1.0581
2027-05-12 20:00:00.000678301,1.0581
2027-05-12 21:00:00.000678301,1.0581
2027-05-12 22:00:00.000678301,1.0581
2027-05-12 23:00:00.000678539,1.0581
2027-05-13 00:00:00.000678539,1.0497
2027-05-13 01:00:00.000678778,1.0497
2027-05-13 02:00:00.000678778,1.0497
2027-05-13 03:00:00.000679016,1.0497
2027-05-13 04:00:00.000679016,1.0497
2027-05-13 05:00:00.000679255,1.0497
2027-05-13 06:00:00.000679255,1.0497
2027-05-13 07:00:00.000679255,1.0497
2027-05-13 08:00:00.000679493,1.0497
2027-05-13 09:00:00.000679493,1.0497
2027-05-13 10:00:00.000679731,1.0497
2027-05-13 11:00:00.000679731,1.0497
2027-05-13 12:00:00.000679970,1.0497
2027-05-13 13:00:00.000679970,1.0497
2027-05-13 14:00:00.000679970,1.0497
2027-05-13 15:00:00.000680208,1.0497
2027-05-13 16:00:00.000680208,1.0497
2027-05-13 17:00:00.000680447,1.0497
2027-05-13 18:00:00.000680447,1.0497
2027-05-13 19:00:00.000680685,1.0497
2027-05-13 20:00:00.000680685,1.0497
2027-05-13 21:00:00.000680923,1.0497
2027-05-13 22:00:00.000680923,1.0497
2027-05-13 23:00:00.000680923,1.0497
2027-05-14 00:00:00.000681162,1.0413
2027-05-14 01:00:00.000681162,1.0413
2027-05-14 02:00:00.000681400,1.0413
2027-05-14 03:00:00.000681400,1.0413
2027-05-14 04:00:00.000681639,1.0413
2027-05-14 05:00:00.000681639,1.0413
2027-05-14 06:00:00.000681877,1.0413
2027-05-14 07:00:00.000681877,1.0413
2027-05-14 08:00:00.000681877,1.0413
2027-05-14 09:00:00.000682116,1.0413
2027-05-14 10:00:00.000682116,1.0413
2027-05-14 11:00:00.000682354,1.0413
2027-05-14 12:00:00.000682354,1.0413
2027-05-14 13:00:00.000682592,1.0413
2027-05-14 14:00:00.000682592,1.0413
2027-05-14 15:00:00.000682592,1.0413
2027-05-14 16:00:00.000682831,1.0413
2027-05-14 17:00:00.000682831,1.0413
2027-05-14 18:00:00.000683069,1.0413
2027-05-14 19:00:00.000683069,1.0413
2027-05-14 20:00:00.000683308,1.0413
2027-05-14 21:00:00.000683308,1.0413
2027-05-14 22:00:00.000683546,1.0413
2027-05-14 23:00:00.000683546,1.0413
2027-05-15 00:00:00.000683546,1.0329
2027-05-15 01:00:00.000683784,1.0329
2027-05-15 02:00:00.000683784,1.0329
2027-05-15 03:00:00.000684023,1.0329
2027-05-15 04:00:00.000684023,1.0329
2027-05-15 05:00:00.000684261,1.0329
2027-05-15 06:00:00.000684261,1.0329
2027-05-15 07:00:00.000684500,1.0329
2027-05-15 08:00:00.000684500,1.0329
2027-05-15 09:00:00.000684500,1.0329
2027-05-15 10:00:00.000684738,1.0329
2027-05-15 11:00:00.000684738,1.0329
2027-05-15 12:00:00.000684977,1.0329
2027-05-15 13:00:00.000684977,1.0329
2027-05-15 14:00:00.000685215,1.0329
2027-05-15 15:00:00.000685215,1.0329
2027-05-15 16:00:00.000685215,1.0329
2027-05-15 17:00:00.000685453,1.0329
2027-05-15 18:00:00.000685453,1.0329
2027-05-15 19:00:00.000685692,1.0329
2027-05-15 20:00:00.000685692,1.0329
2027-05-15 21:00:00.000685930,1.0329
2027-05-15 22:00:00.000685930,1.0329
2027-05-15 23:00:00.000686169,1.0329
2027-05-16 00:00:00.000686169,1.0246
2027-05-16 01:00:00.000686169,1.0246
2027-05-16 02:00:00.000686407,1.0246
2027-05-16 03:00:00.000686407,1.0246
2027-05-16 04:00:00.000686646,1.0246
2027-05-16 05:00:00.000686646,1.0246
2027-05-16 06:00:00.000686884,1.0246
2027-05-16 07:00:00.000686884,1.0246
2027-05-16 08:00:00.000686884,1.0246
2027-05-16 09:00:00.000687122,1.0246
2027-05-16 10:00:00.000687122,1.0246
2027-05-16 11:00:00.000687361,1.0246
2027-05-16 12:00:00.000687361,1.0246
2027-05-16 13:00:00.000687599,1.0246
2027-05-16 14:00:00.000687599,1.0246
2027-05-16 15:00:00.000687838,1.0246
2027-05-16 16:00:00.000687838,1.0246
2027-05-16 17:00:00.000687838,1.0246
2027-05-16 18:00:00.000688076,1.0246
2027-05-16 19:00:00.000688076,1.0246
2027-05-16 20:00:00.000688314,1.0246
2027-05-16 21:00:00.000688314,1.0246
2027-05-16 22:00:00.000688553,1.0246
2027-05-16 23:00:00.000688553,1.0246
2027-05-17 00:00:00.000688791,1.0162
2027-05-17 01:00:00.000688791,1.0162
2027-05-17 02:00:00.000688791,1.0162
2027-05-17 03:00:00.000689030,1.0162
2027-05-17 04:00:00.000689030,1.0162
2027-05-17 05:00:00.000689268,1.0162
2027-05-17 06:00:00.000689268,1.0162
2027-05-17 07:00:00.000689507,1.0162
2027-05-17 08:00:00.000689507,1.0162
2027-05-17 09:00:00.000689507,1.0162
2027-05-17 10:00:00.000689745,1.0162
2027-05-17 11:00:00.000689745,1.0162
2027-05-17 12:00:00.000689983,1.0162
2027-05-17 13:00:00.000689983,1.0162
2027-05-17 14:00:00.000690222,1.0162
2027-05-17 15:00:00.000690222,1.0162
2027-05-17 16:00:00.000690460,1.0162
2027-05-17 17:00:00.000690460,1.0162
2027-05-17 18:00:00.000690460,1.0162
2027-05-17 19:00:00.000690699,1.0162
2027-05-17 20:00:00.000690699,1.0162
2027-05-17 21:00:00.000690937,1.0162
2027-05-17 22:00:00.000690937,1.0162
2027-05-17 23:00:00.000691175,1.0162
2027-05-18 00:00:00.000691175,1.0078
2027-05-18 01:00:00.000691414,1.0078
2027-05-18 02:00:00.000691414,1.0078
2027-05-18 03:00:00.000691414,1.0078
2027-05-18 04:00:00.000691652,1.0078
2027-05-18 05:00:00.000691652,1.0078
2027-05-18 06:00:00.000691891,1.0078
2027-05-18 07:00:00.000691891,1.0078
2027-05-18 08:00:00.000692129,1.0078
2027-05-18 09:00:00.000692129,1.0078
2027-05-18 10:00:00.000692129,1.0078
2027-05-18 11:00:00.000692368,1.0078
2027-05-18 12:00:00.000692368,1.0078
2027-05-18 13:00:00.000692606,1.0078
2027-05-18 14:00:00.000692606,1.0078
2027-05-18 15:00:00.000692844,1.0078
2027-05-18 16:00:00.000692844,1.0078
2027-05-18 17:00:00.000693083,1.0078
2027-05-18 18:00:00.000693083,1.0078
2027-05-18 19:00:00.000693083,1.0078
2027-05-18 20:00:00.000693321,1.0078
2027-05-18 21:00:00.000693321,1.0078
2027-05-18 22:00:00.000693560,1.0078
2027-05-18 23:00:00.000693560,1.0078
2027-05-19 00:00:00.000693798,0.9994
2027-05-19 01:00:00.000693798,0.9994
2027-05-19 02:00:00.000693798,0.9994
2027-05-19 03:00:00.000694036,0.9994
2027-05-19 04:00:00.000694036,0.9994
2027-05-19 05:00:00.000694275,0.9994
2027-05-19 06:00:00.000694275,0.9994
2027-05-19 07:00:00.000694513,0.9994
2027-05-19 08:00:00.000694513,0.9994
2027-05-19 09:00:00.000694752,0.9994
2027-05-19 10:00:00.000694752,0.9994
2027-05-19 11:00:00.000694752,0.9994
2027-05-19 12:00:00.000694990,0.9994
2027-05-19 13:00:00.000694990,0.9994
2027-05-19 14:00:00.000695229,0.9994
2027-05-19 15:00:00.000695229,0.9994
2027-05-19 16:00:00.000695467,0.9994
2027-05-19 17:00:00.000695467,0.9994
2027-05-19 18:00:00.000695705,0.9994
2027-05-19 19:00:00.000695705,0.9994
2027-05-19 20:00:00.000695705,0.9994
2027-05-19 21:00:00.000695944,0.9994
2027-05-19 22:00:00.000695944,0.9994
2027-05-19 23:00:00.000696182,0.9994
2027-05-20 00:00:00.000696182,0.991
2027-05-20 01:00:00.000696421,0.991
2027-05-20 02:00:00.000696421,0.991
2027-05-20 03:00:00.000696421,0.991
2027-05-20 04:00:00.000696659,0.991
2027-05-20 05:00:00.000696659,0.991
2027-05-20 06:00:00.000696898,0.991
2027-05-20 07:00:00.000696898,0.991
2027-05-20 08:00:00.000697136,0.991
2027-05-20 09:00:00.000697136,0.991
2027-05-20 10:00:00.000697374,0.991
2027-05-20 11:00:00.000697374,0.991
2027-05-20 12:00:00.000697374,0.991
2027-05-20 13:00:00.000697613,0.991
2027-05-20 14:00:00.000697613,0.991
2027-05-20 15:00:00.000697851,0.991
2027-05-20 16:00:00.000697851,0.991
2027-05-20 17:00:00.000698090,0.991
2027-05-20 18:00:00.000698090,0.991
2027-05-20 19:00:00.000698328,0.991
2027-05-20 20:00:00.000698328,0.991
2027-05-20 21:00:00.000698328,0.991
2027-05-20 22:00:00.000698566,0.991
2027-05-20 23:00:00.000698566,0.991
2027-05-21 00:00:00.000698805,0.9827
2027-05-21 01:00:00.000698805,0.9827
2027-05-21 02:00:00.000699043,0.9827
2027-05-21 03:00:00.000699043,0.9827
2027-05-21 04:00:00.000699043,0.9827
2027-05-21 05:00:00.000699282,0.9827
2027-05-21 06:00:00.000699282,0.9827
2027-05-21 07:00:00.000699520,0.9827
2027-05-21 08:00:00.000699520,0.9827
2027-05-21 09:00:00.000699759,0.9827
2027-05-21 10:00:00.000699759,0.9827
2027-05-21 11:00:00.000699997,0.9827
2027-05-21 12:00:00.000699997,0.9827
2027-05-21 13:00:00.000699997,0.9827
2027-05-21 14:00:00.000700235,0.9827
2027-05-21 15:00:00.000700235,0.9827
2027-05-21 16:00:00.000700474,0.9827
2027-05-21 17:00:00.000700474,0.9827
2027-05-21 18:00:00.000700712,0.9827
2027-05-21 19:00:00.000700712,0.9827
2027-05-21 20:00:00.000700951,0.9827
2027-05-21 21:00:00.000700951,0.9827
2027-05-21 22:00:00.000700951,0.9827
2027-05-21 23:00:00.000701189,0.9827
2027-05-22 00:00:00.000701189,0.9742
2027-05-22 01:00:00.000701427,0.9742
2027-05-22 02:00:00.000701427,0.9742
2027-05-22 03:00:00.000701666,0.9742
2027-05-22 04:00:00.000701666,0.9742
2027-05-22 05:00:00.000701666,0.9742
2027-05-22 06:00:00.000701904,0.9742
2027-05-22 07:00:00.000701904,0.9742
2027-05-22 08:00:00.000702143,0.9742
2027-05-22 09:00:00.000702143,0.9742
2027-05-22 10:00:00.000702381,0.9742
2027-05-22 11:00:00.000702381,0.9742
2027-05-22 12:00:00.000702620,0.9742
2027-05-22 13:00:00.000702620,0.9742
2027-05-22 14:00:00.000702620,0.9742
2027-05-22 15:00:00.000702858,0.9742
2027-05-22 16:00:00.000702858,0.9742
2027-05-22 17:00:00.000703096,0.9742
2027-05-22 18:00:00.000703096,0.9742
2027-05-22 19:00:00.000703335,0.9742
2027-05-22 20:00:00.000703335,0.9742
2027-05-22 21:00:00.000703335,0.9742
2027-05-22 22:00:00.000703573,0.9742
2027-05-22 23:00:00.000703573,0.9742
2027-05-23 00:00:00.000703812,0.9659
2027-05-23 01:00:00.000703812,0.9659
2027-05-23 02:00:00.000704050,0.9659
2027-05-23 03:00:00.000704050,0.9659
2027-05-23 04:00:00.000704288,0.9659
2027-05-23 05:00:00.000704288,0.9659
2027-05-23 06:00:00.000704288,0.9659
2027-05-23 07:00:00.000704527,0.9659
2027-05-23 08:00:00.000704527,0.9659
2027-05-23 09:00:00.000704765,0.9659
2027-05-23 10:00:00.000704765,0.9659
2027-05-23 11:00:00.000705004,0.9659
2027-05-23 12:00:00.000705004,0.9659
2027-05-23 13:00:00.000705242,0.9659
2027-05-23 14:00:00.000705242,0.9659
2027-05-23 15:00:00.000705242,0.9659
2027-05-23 16:00:00.000705481,0.9659
2027-05-23 17:00:00.000705481,0.9659
2027-05-23 18:00:00.000705719,0.9659
2027-05-23 19:00:00.000705719,0.9659
2027-05-23 20:00:00.000705957,0.9659
2027-05-23 21:00:00.000705957,0.9659
2027-05-23 22:00:00.000705957,0.9659
2027-05-23 23:00:00.000706196,0.9659
2027-05-24 00:00:00.000706196,0.9576
2027-05-24 01:00:00.000706434,0.9576
2027-05-24 02:00:00.000706434,0.9576
2027-05-24 03:00:00.000706673,0.9576
2027-05-24 04:00:00.000706673,0.9576
2027-05-24 05:00:00.000706911,0.9576
2027-05-24 06:00:00.000706911,0.9576
2027-05-24 07:00:00.000706911,0.9576
2027-05-24 08:00:00.000707150,0.9576
2027-05-24 09:00:00.000707150,0.9576
2027-05-24 10:00:00.000707388,0.9576
2027-05-24 11:00:00.000707388,0.9576
2027-05-24 12:00:00.000707626,0.9576
2027-05-24 13:00:00.000707626,0.9576
2027-05-24 14:00:00.000707865,0.9576
2027-05-24 15:00:00.000707865,0.9576
2027-05-24 16:00:00.000707865,0.9576
2027-05-24 17:00:00.000708103,0.9576
2027-05-24 18:00:00.000708103,0.9576
2027-05-24 19:00:00.000708342,0.9576
2027-05-24 20:00:00.000708342,0.9576
2027-05-24 21:00:00.000708580,0.9576
2027-05-24 22:00:00.000708580,0.9576
2027-05-24 23:00:00.000708580,0.9576
2027-05-25 00:00:00.000708818,0.9491
2027-05-25 01:00:00.000708818,0.9491
2027-05-25 02:00:00.000709057,0.9491
2027-05-25 03:00:00.000709057,0.9491
2027-05-25 04:00:00.000709295,0.9491
2027-05-25 05:00:00.000709295,0.9491
2027-05-25 06:00:00.000709534,0.9491
2027-05-25 07:00:00.000709534,0.9491
2027-05-25 08:00:00.000709534,0.9491
2027-05-25 09:00:00.000709772,0.9491
2027-05-25 10:00:00.000709772,0.9491
2027-05-25 11:00:00.000710011,0.9491
2027-05-25 12:00:00.000710011,0.9491
2027-05-25 13:00:00.000710249,0.9491
2027-05-25 14:00:00.000710249,0.9491
2027-05-25 15:00:00.000710249,0.9491
2027-05-25 16:00:00.000710487,0.9491
2027-05-25 17:00:00.000710487,0.9491
2027-05-25 18:00:00.000710726,0.9491
2027-05-25 19:00:00.000710726,0.9491
2027-05-25 20:00:00.000710964,0.9491
2027-05-25 21:00:00.000710964,0.9491
2027-05-25 22:00:00.000711203,0.9491
2027-05-25 23:00:00.000711203,0.9491
2027-05-26 00:00:00.000711203,0.9408
2027-05-26 01:00:00.000711441,0.9408
2027-05-26 02:00:00.000711441,0.9408
2027-05-26 03:00:00.000711679,0.9408
2027-05-26 04:00:00.000711679,0.9408
2027-05-26 05:00:00.000711918,0.9408
2027-05-26 06:00:00.000711918,0.9408
2027-05-26 07:00:00.000712156,0.9408
2027-05-26 08:00:00.000712156,0.9408
2027-05-26 09:00:00.000712156,0.9408
2027-05-26 10:00:00.000712395,0.9408
2027-05-26 11:00:00.000712395,0.9408
2027-05-26 12:00:00.000712633,0.9408
2027-05-26 13:00:00.000712633,0.9408
2027-05-26 14:00:00.000712872,0.9408
2027-05-26 15:00:00.000712872,0.9408
2027-05-26 16:00:00.000712872,0.9408
2027-05-26 17:00:00.000713110,0.9408
2027-05-26 18:00:00.000713110,0.9408
2027-05-26 19:00:00.000713348,0.9408
2027-05-26 20:00:00.000713348,0.9408
2027-05-26 21:00:00.000713587,0.9408
2027-05-26 22:00:00.000713587,0.9408
2027-05-26 23:00:00.000713825,0.9408
2027-05-27 00:00:00.000713825,0.9323
2027-05-27 01:00:00.000713825,0.9323
2027-05-27 02:00:00.000714064,0.9323
2027-05-27 03:00:00.000714064,0.9323
2027-05-27 04:00:00.000714302,0.9323
2027-05-27 05:00:00.000714302,0.9323
2027-05-27 06:00:00.000714540,0.9323
2027-05-27 07:00:00.000714540,0.9323
2027-05-27 08:00:00.000714779,0.9323
2027-05-27 09:00:00.000714779,0.9323
2027-05-27 10:00:00.000714779,0.9323
2027-05-27 11:00:00.000715017,0.9323
2027-05-27 12:00:00.000715017,0.9323
2027-05-27 13:00:00.000715256,0.9323
2027-05-27 14:00:00.000715256,0.9323
2027-05-27 15:00:00.000715494,0.9323
2027-05-27 16:00:00.000715494,0.9323
2027-05-27 17:00:00.000715494,0.9323
2027-05-27 18:00:00.000715733,0.9323
2027-05-27 19:00:00.000715733,0.9323
2027-05-27 20:00:00.000715971,0.9323
2027-05-27 21:00:00.000715971,0.9323
2027-05-27 22:00:00.000716209,0.9323
2027-05-27 23:00:00.000716209,0.9323
2027-05-28 00:00:00.000716448,0.924
2027-05-28 01:00:00.000716448,0.924
2027-05-28 02:00:00.000716448,0.924
2027-05-28 03:00:00.000716686,0.924
2027-05-28 04:00:00.000716686,0.924
2027-05-28 05:00:00.000716925,0.924
2027-05-28 06:00:00.000716925,0.924
2027-05-28 07:00:00.000717163,0.924
2027-05-28 08:00:00.000717163,0.924
2027-05-28 09:00:00.000717163,0.924
2027-05-28 10:00:00.000717402,0.924
2027-05-28 11:00:00.000717402,0.924
2027-05-28 12:00:00.000717640,0.924
2027-05-28 13:00:00.000717640,0.924
2027-05-28 14:00:00.000717878,0.924
2027-05-28 15:00:00.000717878,0.924
2027-05-28 16:00:00.000718117,0.924
2027-05-28 17:00:00.000718117,0.924
2027-05-28 18:00:00.000718117,0.924
2027-05-28 19:00:00.000718355,0.924
2027-05-28 20:00:00.000718355,0.924
2027-05-28 21:00:00.000718594,0.924
2027-05-28 22:00:00.000718594,0.924
2027-05-28 23:00:00.000718832,0.924
2027-05-29 00:00:00.000718832,0.9157
2027-05-29 01:00:00.000719070,0.9157
2027-05-29 02:00:00.000719070,0.9157
2027-05-29 03:00:00.000719070,0.9157
2027-05-29 04:00:00.000719309,0.9157
2027-05-29 05:00:00.000719309,0.9157
2027-05-29 06:00:00.000719547,0.9157
2027-05-29 07:00:00.000719547,0.9157
2027-05-29 08:00:00.000719786,0.9157
2027-05-29 09:00:00.000719786,0.9157
2027-05-29 10:00:00.000719786,0.9157
2027-05-29 11:00:00.000720024,0.9157
2027-05-29 12:00:00.000720024,0.9157
2027-05-29 13:00:00.000720263,0.9157
2027-05-29 14:00:00.000720263,0.9157
2027-05-29 15:00:00.000720501,0.9157
2027-05-29 16:00:00.000720501,0.9157
2027-05-29 17:00:00.000720739,0.9157
2027-05-29 18:00:00.000720739,0.9157
2027-05-29 19:00:00.000720739,0.9157
2027-05-29 20:00:00.000720978,0.9157
2027-05-29 21:00:00.000720978,0.9157
2027-05-29 22:00:00.000721216,0.9157
2027-05-29 23:00:00.000721216,0.9157
2027-05-30 00:00:00.000721455,0.9072
2027-05-30 01:00:00.000721455,0.9072
2027-05-30 02:00:00.000721693,0.9072
2027-05-30 03:00:00.000721693,0.9072
2027-05-30 04:00:00.000721693,0.9072
2027-05-30 05:00:00.000721931,0.9072
2027-05-30 06:00:00.000721931,0.9072
2027-05-30 07:00:00.000722170,0.9072
2027-05-30 08:00:00.000722170,0.9072
2027-05-30 09:00:00.000722408,0.9072
2027-05-30 10:00:00.000722408,0.9072
2027-05-30 11:00:00.000722408,0.9072
2027-05-30 12:00:00.000722647,0.9072
2027-05-30 13:00:00.000722647,0.9072
2027-05-30 14:00:00.000722885,0.9072
2027-05-30 15:00:00.000722885,0.9072
2027-05-30 16:00:00.000723124,0.9072
2027-05-30 17:00:00.000723124,0.9072
2027-05-30 18:00:00.000723362,0.9072
2027-05-30 19:00:00.000723362,0.9072
2027-05-30 20:00:00.000723362,0.9072
2027-05-30 21:00:00.000723600,0.9072
2027-05-30 22:00:00.000723600,0.9072
2027-05-30 23:00:00.000723839,0.9072
2027-05-31 00:00:00.000723839,0.8989
2027-05-31 01:00:00.000724077,0.8989
2027-05-31 02:00:00.000724077,0.8989
2027-05-31 03:00:00.000724316,0.8989
2027-05-31 04:00:00.000724316,0.8989
2027-05-31 05:00:00.000724316,0.8989
2027-05-31 06:00:00.000724554,0.8989
2027-05-31 07:00:00.000724554,0.8989
2027-05-31 08:00:00.000724792,0.8989
2027-05-31 09:00:00.000724792,0.8989
2027-05-31 10:00:00.000725031,0.8989
2027-05-31 11:00:00.000725031,0.8989
2027-05-31 12:00:00.000725031,0.8989
2027-05-31 13:00:00.000725269,0.8989
2027-05-31 14:00:00.000725269,0.8989
2027-05-31 15:00:00.000725508,0.8989
2027-05-31 16:00:00.000725508,0.8989
2027-05-31 17:00:00.000725746,0.8989
2027-05-31 18:00:00.000725746,0.8989
2027-05-31 19:00:00.000725985,0.8989
2027-05-31 20:00:00.000725985,0.8989
2027-05-31 21:00:00.000725985,0.8989
2027-05-31 22:00:00.000726223,0.8989
2027-05-31 23:00:00.000726223,0.8989
2027-06-01 00:00:00.000726461,0.8905
2027-06-01 01:00:00.000726461,0.8905
2027-06-01 02:00:00.000726700,0.8905
2027-06-01 03:00:00.000726700,0.8905
2027-06-01 04:00:00.000726700,0.8905
2027-06-01 05:00:00.000726938,0.8905
2027-06-01 06:00:00.000726938,0.8905
2027-06-01 07:00:00.000727177,0.8905
2027-06-01 08:00:00.000727177,0.8905
2027-06-01 09:00:00.000727415,0.8905
2027-06-01 10:00:00.000727415,0.8905
2027-06-01 11:00:00.000727654,0.8905
2027-06-01 12:00:00.000727654,0.8905
2027-06-01 13:00:00.000727654,0.8905
2027-06-01 14:00:00.000727892,0.8905
2027-06-01 15:00:00.000727892,0.8905
2027-06-01 16:00:00.000728130,0.8905
2027-06-01 17:00:00.000728130,0.8905
2027-06-01 18:00:00.000728369,0.8905
2027-06-01 19:00:00.000728369,0.8905
2027-06-01 20:00:00.000728607,0.8905
2027-06-01 21:00:00.000728607,0.8905
2027-06-01 22:00:00.000728607,0.8905
2027-06-01 23:00:00.000728846,0.8905
2027-06-02 00:00:00.000728846,0.8821
2027-06-02 01:00:00.000729084,0.8821
2027-06-02 02:00:00.000729084,0.8821
2027-06-02 03:00:00.000729322,0.8821
2027-06-02 04:00:00.000729322,0.8821
2027-06-02 05:00:00.000729322,0.8821
2027-06-02 06:00:00.000729561,0.8821
2027-06-02 07:00:00.000729561,0.8821
2027-06-02 08:00:00.000729799,0.8821
2027-06-02 09:00:00.000729799,0.8821
2027-06-02 10:00:00.000730038,0.8821
2027-06-02 11:00:00.000730038,0.8821
2027-06-02 12:00:00.000730276,0.8821
2027-06-02 13:00:00.000730276,0.8821
2027-06-02 14:00:00.000730276,0.8821
2027-06-02 15:00:00.000730515,0.8821
2027-06-02 16:00:00.000730515,0.8821
2027-06-02 17:00:00.000730753,0.8821
2027-06-02 18:00:00.000730753,0.8821
2027-06-02 19:00:00.000730991,0.8821
2027-06-02 20:00:00.000730991,0.8821
2027-06-02 21:00:00.000731230,0.8821
2027-06-02 22:00:00.000731230,0.8821
2027-06-02 23:00:00.000731230,0.8821
2027-06-03 00:00:00.000731468,0.8737
2027-06-03 01:00:00.000731468,0.8737
2027-06-03 02:00:00.000731707,0.8737
2027-06-03 03:00:00.000731707,0.8737
2027-06-03 04:00:00.000731945,0.8737
2027-06-03 05:00:00.000731945,0.8737
2027-06-03 06:00:00.000731945,0.8737
2027-06-03 07:00:00.000732183,0.8737
2027-06-03 08:00:00.000732183,0.8737
2027-06-03 09:00:00.000732422,0.8737
2027-06-03 10:00:00.000732422,0.8737
2027-06-03 11:00:00.000732660,0.8737
2027-06-03 12:00:00.000732660,0.8737
2027-06-03 13:00:00.000732899,0.8737
2027-06-03 14:00:00.000732899,0.8737
2027-06-03 15:00:00.000732899,0.8737
2027-06-03 16:00:00.000733137,0.8737
2027-06-03 17:00:00.000733137,0.8737
2027-06-03 18:00:00.000733376,0.8737
2027-06-03 19:00:00.000733376,0.8737
2027-06-03 20:00:00.000733614,0.8737
2027-06-03 21:00:00.000733614,0.8737
2027-06-03 22:00:00.000733614,0.8737
2027-06-03 23:00:00.000733852,0.8737
2027-06-04 00:00:00.000733852,0.8653
2027-06-04 01:00:00.000734091,0.8653
2027-06-04 02:00:00.000734091,0.8653
2027-06-04 03:00:00.000734329,0.8653
2027-06-04 04:00:00.000734329,0.8653
2027-06-04 05:00:00.000734568,0.8653
2027-06-04 06:00:00.000734568,0.8653
2027-06-04 07:00:00.000734568,0.8653
2027-06-04 08:00:00.000734806,0.8653
2027-06-04 09:00:00.000734806,0.8653
2027-06-04 10:00:00.000735044,0.8653
2027-06-04 11:00:00.000735044,0.8653
2027-06-04 12:00:00.000735283,0.8653
2027-06-04 13:00:00.000735283,0.8653
2027-06-04 14:00:00.000735521,0.8653
2027-06-04 15:00:00.000735521,0.8653
2027-06-04 16:00:00.000735521,0.8653
2027-06-04 17:00:00.000735760,0.8653
2027-06-04 18:00:00.000735760,0.8653
2027-06-04 19:00:00.000735998,0.8653
2027-06-04 20:00:00.000735998,0.8653
2027-06-04 21:00:00.000736237,0.8653
2027-06-04 22:00:00.000736237,0.8653
2027-06-04 23:00:00.000736237,0.8653
2027-06-05 00:00:00.000736475,0.857
2027-06-05 01:00:00.000736475,0.857
2027-06-05 02:00:00.000736713,0.857
2027-06-05 03:00:00.000736713,0.857
2027-06-05 04:00:00.000736952,0.857
2027-06-05 05:00:00.000736952,0.857
2027-06-05 06:00:00.000737190,0.857
2027-06-05 07:00:00.000737190,0.857
2027-06-05 08:00:00.000737190,0.857
2027-06-05 09:00:00.000737429,0.857
2027-06-05 10:00:00.000737429,0.857
2027-06-05 11:00:00.000737667,0.857
2027-06-05 12:00:00.000737667,0.857
2027-06-05 13:00:00.000737906,0.857
2027-06-05 14:00:00.000737906,0.857
2027-06-05 15:00:00.000738144,0.857
2027-06-05 16:00:00.000738144,0.857
2027-06-05 17:00:00.000738144,0.857
2027-06-05 18:00:00.000738382,0.857
2027-06-05 19:00:00.000738382,0.857
2027-06-05 20:00:00.000738621,0.857
2027-06-05 21:00:00.000738621,0.857
2027-06-05 22:00:00.000738859,0.857
2027-06-05 23:00:00.000738859,0.857
2027-06-06 00:00:00.000738859,0.8486
2027-06-06 01:00:00.000739098,0.8486
2027-06-06 02:00:00.000739098,0.8486
2027-06-06 03:00:00.000739336,0.8486
2027-06-06 04:00:00.000739336,0.8486
2027-06-06 05:00:00.000739574,0.8486
2027-06-06 06:00:00.000739574,0.8486
2027-06-06 07:00:00.000739813,0.8486
2027-06-06 08:00:00.000739813,0.8486
2027-06-06 09:00:00.000739813,0.8486
2027-06-06 10:00:00.000740051,0.8486
2027-06-06 11:00:00.000740051,0.8486
2027-06-06 12:00:00.000740290,0.8486
2027-06-06 13:00:00.000740290,0.8486
2027-06-06 14:00:00.000740528,0.8486
2027-06-06 15:00:00.000740528,0.8486
2027-06-06 16:00:00.000740528,0.8486
2027-06-06 17:00:00.000740767,0.8486
2027-06-06 18:00:00.000740767,0.8486
2027-06-06 19:00:00.000741005,0.8486
2027-06-06 20:00:00.000741005,0.8486
2027-06-06 21:00:00.000741243,0.8486
2027-06-06 22:00:00.000741243,0.8486
2027-06-06 23:00:00.000741482,0.8486
2027-06-07 00:00:00.000741482,0.8402
2027-06-07 01:00:00.000741482,0.8402
2027-06-07 02:00:00.000741720,0.8402
2027-06-07 03:00:00.000741720,0.8402
2027-06-07 04:00:00.000741959,0.8402
2027-06-07 05:00:00.000741959,0.8402
2027-06-07 06:00:00.000742197,0.8402
2027-06-07 07:00:00.000742197,0.8402
2027-06-07 08:00:00.000742435,0.8402
2027-06-07 09:00:00.000742435,0.8402
2027-06-07 10:00:00.000742435,0.8402
2027-06-07 11:00:00.000742674,0.8402
2027-06-07 12:00:00.000742674,0.8402
2027-06-07 13:00:00.000742912,0.8402
2027-06-07 14:00:00.000742912,0.8402
2027-06-07 15:00:00.000743151,0.8402
2027-06-07 16:00:00.000743151,0.8402
2027-06-07 17:00:00.000743151,0.8402
2027-06-07 18:00:00.000743389,0.8402
2027-06-07 19:00:00.000743389,0.8402
2027-06-07 20:00:00.000743628,0.8402
2027-06-07 21:00:00.000743628,0.8402
2027-06-07 22:00:00.000743866,0.8402
2027-06-07 23:00:00.000743866,0.8402
2027-06-08 00:00:00.000744104,0.8318
2027-06-08 01:00:00.000744104,0.8318
2027-06-08 02:00:00.000744104,0.8318
2027-06-08 03:00:00.000744343,0.8318
2027-06-08 04:00:00.000744343,0.8318
2027-06-08 05:00:00.000744581,0.8318
2027-06-08 06:00:00.000744581,0.8318
2027-06-08 07:00:00.000744820,0.8318
2027-06-08 08:00:00.000744820,0.8318
2027-06-08 09:00:00.000745058,0.8318
2027-06-08 10:00:00.000745058,0.8318
2027-06-08 11:00:00.000745058,0.8318
2027-06-08 12:00:00.000745296,0.8318
2027-06-08 13:00:00.000745296,0.8318
2027-06-08 14:00:00.000745535,0.8318
2027-06-08 15:00:00.000745535,0.8318
2027-06-08 16:00:00.000745773,0.8318
2027-06-08 17:00:00.000745773,0.8318
2027-06-08 18:00:00.000745773,0.8318
2027-06-08 19:00:00.000746012,0.8318
2027-06-08 20:00:00.000746012,0.8318
2027-06-08 21:00:00.000746250,0.8318
2027-06-08 22:00:00.000746250,0.8318
2027-06-08 23:00:00.000746489,0.8318
2027-06-09 00:00:00.000746489,0.8234
2027-06-09 01:00:00.000746727,0.8234
2027-06-09 02:00:00.000746727,0.8234
2027-06-09 03:00:00.000746727,0.8234
2027-06-09 04:00:00.000746965,0.8234
2027-06-09 05:00:00.000746965,0.8234
2027-06-09 06:00:00.000747204,0.8234
2027-06-09 07:00:00.000747204,0.8234
2027-06-09 08:00:00.000747442,0.8234
2027-06-09 09:00:00.000747442,0.8234
2027-06-09 10:00:00.000747442,0.8234
2027-06-09 11:00:00.000747681,0.8234
2027-06-09 12:00:00.000747681,0.8234
2027-06-09 13:00:00.000747919,0.8234
2027-06-09 14:00:00.000747919,0.8234
2027-06-09 15:00:00.000748158,0.8234
2027-06-09 16:00:00.000748158,0.8234
2027-06-09 17:00:00.000748396,0.8234
2027-06-09 18:00:00.000748396,0.8234
2027-06-09 19:00:00.000748396,0.8234
2027-06-09 20:00:00.000748634,0.8234
2027-06-09 21:00:00.000748634,0.8234
2027-06-09 22:00:00.000748873,0.8234
2027-06-09 23:00:00.000748873,0.8234
2027-06-10 00:00:00.000749111,0.8151
2027-06-10 01:00:00.000749111,0.8151
2027-06-10 02:00:00.000749350,0.8151
2027-06-10 03:00:00.000749350,0.8151
2027-06-10 04:00:00.000749350,0.8151
2027-06-10 05:00:00.000749588,0.8151
2027-06-10 06:00:00.000749588,0.8151
2027-06-10 07:00:00.000749826,0.8151
2027-06-10 08:00:00.000749826,0.8151
2027-06-10 09:00:00.000750065,0.8151
2027-06-10 10:00:00.000750065,0.8151
2027-06-10 11:00:00.000750065,0.8151
2027-06-10 12:00:00.000750303,0.8151
2027-06-10 13:00:00.000750303,0.8151
2027-06-10 14:00:00.000750542,0.8151
2027-06-10 15:00:00.000750542,0.8151
2027-06-10 16:00:00.000750780,0.8151
2027-06-10 17:00:00.000750780,0.8151
2027-06-10 18:00:00.000751019,0.8151
2027-06-10 19:00:00.000751019,0.8151
2027-06-10 20:00:00.000751019,0.8151
2027-06-10 21:00:00.000751257,0.8151
2027-06-10 22:00:00.000751257,0.8151
2027-06-10 23:00:00.000751495,0.8151
2027-06-11 00:00:00.000751495,0.8067
2027-06-11 01:00:00.000751734,0.8067
2027-06-11 02:00:00.000751734,0.8067
2027-06-11 03:00:00.000751972,0.8067
2027-06-11 04:00:00.000751972,0.8067
2027-06-11 05:00:00.000751972,0.8067
2027-06-11 06:00:00.000752211,0.8067
2027-06-11 07:00:00.000752211,0.8067
2027-06-11 08:00:00.000752449,0.8067
2027-06-11 09:00:00.000752449,0.8067
2027-06-11 10:00:00.000752687,0.8067
2027-06-11 11:00:00.000752687,0.8067
2027-06-11 12:00:00.000752687,0.8067
2027-06-11 13:00:00.000752926,0.8067
2027-06-11 14:00:00.000752926,0.8067
2027-06-11 15:00:00.000753164,0.8067
2027-06-11 16:00:00.000753164,0.8067
2027-06-11 17:00:00.000753403,0.8067
2027-06-11 18:00:00.000753403,0.8067
2027-06-11 19:00:00.000753641,0.8067
2027-06-11 20:00:00.000753641,0.8067
2027-06-11 21:00:00.000753641,0.8067
2027-06-11 22:00:00.000753880,0.8067
2027-06-11 23:00:00.000753880,0.8067
2027-06-12 00:00:00.000754118,0.7983
2027-06-12 01:00:00.000754118,0.7983
2027-06-12 02:00:00.000754356,0.7983
2027-06-12 03:00:00.000754356,0.7983
2027-06-12 04:00:00.000754595,0.7983
2027-06-12 05:00:00.000754595,0.7983
2027-06-12 06:00:00.000754595,0.7983
2027-06-12 07:00:00.000754833,0.7983
2027-06-12 08:00:00.000754833,0.7983
2027-06-12 09:00:00.000755072,0.7983
2027-06-12 10:00:00.000755072,0.7983
2027-06-12 11:00:00.000755310,0.7983
2027-06-12 12:00:00.000755310,0.7983
2027-06-12 13:00:00.000755310,0.7983
2027-06-12 14:00:00.000755548,0.7983
2027-06-12 15:00:00.000755548,0.7983
2027-06-12 16:00:00.000755787,0.7983
2027-06-12 17:00:00.000755787,0.7983
2027-06-12 18:00:00.000756025,0.7983
2027-06-12 19:00:00.000756025,0.7983
2027-06-12 20:00:00.000756264,0.7983
2027-06-12 21:00:00.000756264,0.7983
2027-06-12 22:00:00.000756264,0.7983
2027-06-12 23:00:00.000756502,0.7983
2027-06-13 00:00:00.000756502,0.7899
2027-06-13 01:00:00.000756741,0.7899
2027-06-13 02:00:00.000756741,0.7899
2027-06-13 03:00:00.000756979,0.7899
2027-06-13 04:00:00.000756979,0.7899
2027-06-13 05:00:00.000756979,0.7899
2027-06-13 06:00:00.000757217,0.7899
2027-06-13 07:00:00.000757217,0.7899
2027-06-13 08:00:00.000757456,0.7899
2027-06-13 09:00:00.000757456,0.7899
2027-06-13 10:00:00.000757694,0.7899
2027-06-13 11:00:00.000757694,0.7899
2027-06-13 12:00:00.000757933,0.7899
2027-06-13 13:00:00.000757933,0.7899
2027-06-13 14:00:00.000757933,0.7899
2027-06-13 15:00:00.000758171,0.7899
2027-06-13 16:00:00.000758171,0.7899
2027-06-13 17:00:00.000758410,0.7899
2027-06-13 18:00:00.000758410,0.7899
2027-06-13 19:00:00.000758648,0.7899
2027-06-13 20:00:00.000758648,0.7899
2027-06-13 21:00:00.000758886,0.7899
2027-06-13 22:00:00.000758886,0.7899
2027-06-13 23:00:00.000758886,0.7899
2027-06-14 00:00:00.000759125,0.7816
2027-06-14 01:00:00.000759125,0.7816
2027-06-14 02:00:00.000759363,0.7816
2027-06-14 03:00:00.000759363,0.7816
2027-06-14 04:00:00.000759602,0.7816
2027-06-14 05:00:00.000759602,0.7816
2027-06-14 06:00:00.000759602,0.7816
2027-06-14 07:00:00.000759840,0.7816
2027-06-14 08:00:00.000759840,0.7816
2027-06-14 09:00:00.000760078,0.7816
2027-06-14 10:00:00.000760078,0.7816
2027-06-14 11:00:00.000760317,0.7816
2027-06-14 12:00:00.000760317,0.7816
2027-06-14 13:00:00.000760555,0.7816
2027-06-14 14:00:00.000760555,0.7816
2027-06-14 15:00:00.000760555,0.7816
2027-06-14 16:00:00.000760794,0.7816
2027-06-14 17:00:00.000760794,0.7816
2027-06-14 18:00:00.000761032,0.7816
2027-06-14 19:00:00.000761032,0.7816
2027-06-14 20:00:00.000761271,0.7816
2027-06-14 21:00:00.000761271,0.7816
2027-06-14 22:00:00.000761509,0.7816
2027-06-14 23:00:00.000761509,0.7816
2027-06-15 00:00:00.000761509,0.7731
2027-06-15 01:00:00.000761747,0.7731
2027-06-15 02:00:00.000761747,0.7731
2027-06-15 03:00:00.000761986,0.7731
2027-06-15 04:00:00.000761986,0.7731
2027-06-15 05:00:00.000762224,0.7731
2027-06-15 06:00:00.000762224,0.7731
2027-06-15 07:00:00.000762224,0.7731
2027-06-15 08:00:00.000762463,0.7731
2027-06-15 09:00:00.000762463,0.7731
2027-06-15 10:00:00.000762701,0.7731
2027-06-15 11:00:00.000762701,0.7731
2027-06-15 12:00:00.000762939,0.7731
2027-06-15 13:00:00.000762939,0.7731
2027-06-15 14:00:00.000763178,0.7731
2027-06-15 15:00:00.000763178,0.7731
2027-06-15 16:00:00.000763178,0.7731
2027-06-15 17:00:00.000763416,0.7731
2027-06-15 18:00:00.000763416,0.7731
2027-06-15 19:00:00.000763655,0.7731
2027-06-15 20:00:00.000763655,0.7731
2027-06-15 21:00:00.000763893,0.7731
2027-06-15 22:00:00.000763893,0.7731
2027-06-15 23:00:00.000763893,0.7731
2027-06-16 00:00:00.000764132,0.7648
2027-06-16 01:00:00.000764132,0.7648
2027-06-16 02:00:00.000764370,0.7648
2027-06-16 03:00:00.000764370,0.7648
2027-06-16 04:00:00.000764608,0.7648
2027-06-16 05:00:00.000764608,0.7648
2027-06-16 06:00:00.000764847,0.7648
2027-06-16 07:00:00.000764847,0.7648
2027-06-16 08:00:00.000764847,0.7648
2027-06-16 09:00:00.000765085,0.7648
2027-06-16 10:00:00.000765085,0.7648
2027-06-16 11:00:00.000765324,0.7648
2027-06-16 12:00:00.000765324,0.7648
2027-06-16 13:00:00.000765562,0.7648
2027-06-16 14:00:00.000765562,0.7648
2027-06-16 15:00:00.000765800,0.7648
2027-06-16 16:00:00.000765800,0.7648
2027-06-16 17:00:00.000765800,0.7648
2027-06-16 18:00:00.000766039,0.7648
2027-06-16 19:00:00.000766039,0.7648
2027-06-16 20:00:00.000766277,0.7648
2027-06-16 21:00:00.000766277,0.7648
2027-06-16 22:00:00.000766516,0.7648
2027-06-16 23:00:00.000766516,0.7648
2027-06-17 00:00:00.000766516,0.7564
2027-06-17 01:00:00.000766754,0.7564
2027-06-17 02:00:00.000766754,0.7564
2027-06-17 03:00:00.000766993,0.7564
2027-06-17 04:00:00.000766993,0.7564
2027-06-17 05:00:00.000767231,0.7564
2027-06-17 06:00:00.000767231,0.7564
2027-06-17 07:00:00.000767469,0.7564
2027-06-17 08:00:00.000767469,0.7564
2027-06-17 09:00:00.000767469,0.7564
2027-06-17 10:00:00.000767708,0.7564
2027-06-17 11:00:00.000767708,0.7564
2027-06-17 12:00:00.000767946,0.7564
2027-06-17 13:00:00.000767946,0.7564
2027-06-17 14:00:00.000768185,0.7564
2027-06-17 15:00:00.000768185,0.7564
2027-06-17 16:00:00.000768423,0.7564
2027-06-17 17:00:00.000768423,0.7564
2027-06-17 18:00:00.000768423,0.7564
2027-06-17 19:00:00.000768661,0.7564
2027-06-17 20:00:00.000768661,0.7564
2027-06-17 21:00:00.000768900,0.7564
2027-06-17 22:00:00.000768900,0.7564
2027-06-17 23:00:00.000769138,0.7564
2027-06-18 00:00:00.000769138,0.748
2027-06-18 01:00:00.000769138,0.748
2027-06-18 02:00:00.000769377,0.748
2027-06-18 03:00:00.000769377,0.748
2027-06-18 04:00:00.000769615,0.748
2027-06-18 05:00:00.000769615,0.748
2027-06-18 06:00:00.000769854,0.748
2027-06-18 07:00:00.000769854,0.748
2027-06-18 08:00:00.000770092,0.748
2027-06-18 09:00:00.000770092,0.748
2027-06-18 10:00:00.000770092,0.748
2027-06-18 11:00:00.000770330,0.748
2027-06-18 12:00:00.000770330,0.748
2027-06-18 13:00:00.000770569,0.748
2027-06-18 14:00:00.000770569,0.748
2027-06-18 15:00:00.000770807,0.748
2027-06-18 16:00:00.000770807,0.748
2027-06-18 17:00:00.000770807,0.748
2027-06-18 18:00:00.000771046,0.748
2027-06-18 19:00:00.000771046,0.748
2027-06-18 20:00:00.000771284,0.748
2027-06-18 21:00:00.000771284,0.748
2027-06-18 22:00:00.000771523,0.748
2027-06-18 23:00:00.000771523,0.748
2027-06-19 00:00:00.000771761,0.7397
2027-06-19 01:00:00.000771761,0.7397
2027-06-19 02:00:00.000771761,0.7397
2027-06-19 03:00:00.000771999,0.7397
2027-06-19 04:00:00.000771999,0.7397
2027-06-19 05:00:00.000772238,0.7397
2027-06-19 06:00:00.000772238,0.7397
2027-06-19 07:00:00.000772476,0.7397
2027-06-19 08:00:00.000772476,0.7397
2027-06-19 09:00:00.000772715,0.7397
2027-06-19 10:00:00.000772715,0.7397
2027-06-19 11:00:00.000772715,0.7397
2027-06-19 12:00:00.000772953,0.7397
2027-06-19 13:00:00.000772953,0.7397
2027-06-19 14:00:00.000773191,0.7397
2027-06-19 15:00:00.000773191,0.7397
2027-06-19 16:00:00.000773430,0.7397
2027-06-19 17:00:00.000773430,0.7397
2027-06-19 18:00:00.000773430,0.7397
2027-06-19 19:00:00.000773668,0.7397
2027-06-19 20:00:00.000773668,0.7397
2027-06-19 21:00:00.000773907,0.7397
2027-06-19 22:00:00.000773907,0.7397
2027-06-19 23:00:00.000774145,0.7397
2027-06-20 00:00:00.000774145,0.7312
2027-06-20 01:00:00.000774384,0.7312
2027-06-20 02:00:00.000774384,0.7312
2027-06-20 03:00:00.000774384,0.7312
2027-06-20 04:00:00.000774622,0.7312
2027-06-20 05:00:00.000774622,0.7312
2027-06-20 06:00:00.000774860,0.7312
2027-06-20 07:00:00.000774860,0.7312
2027-06-20 08:00:00.000775099,0.7312
2027-06-20 09:00:00.000775099,0.7312
2027-06-20 10:00:00.000775337,0.7312
2027-06-20 11:00:00.000775337,0.7312
2027-06-20 12:00:00.000775337,0.7312
2027-06-20 13:00:00.000775576,0.7312
2027-06-20 14:00:00.000775576,0.7312
2027-06-20 15:00:00.000775814,0.7312
2027-06-20 16:00:00.000775814,0.7312
2027-06-20 17:00:00.000776052,0.7312
2027-06-20 18:00:00.000776052,0.7312
2027-06-20 19:00:00.000776052,0.7312
2027-06-20 20:00:00.000776291,0.7312
2027-06-20 21:00:00.000776291,0.7312
2027-06-20 22:00:00.000776529,0.7312
2027-06-20 23:00:00.000776529,0.7312
2027-06-21 00:00:00.000776768,0.7229
2027-06-21 01:00:00.000776768,0.7229
2027-06-21 02:00:00.000777006,0.7229
2027-06-21 03:00:00.000777006,0.7229
2027-06-21 04:00:00.000777006,0.7229
2027-06-21 05:00:00.000777245,0.7229
2027-06-21 06:00:00.000777245,0.7229
2027-06-21 07:00:00.000777483,0.7229
2027-06-21 08:00:00.000777483,0.7229
2027-06-21 09:00:00.000777721,0.7229
2027-06-21 10:00:00.000777721,0.7229
2027-06-21 11:00:00.000777721,0.7229
2027-06-21 12:00:00.000777960,0.7229
2027-06-21 13:00:00.000777960,0.7229
2027-06-21 14:00:00.000778198,0.7229
2027-06-21 15:00:00.000778198,0.7229
2027-06-21 16:00:00.000778437,0.7229
2027-06-21 17:00:00.000778437,0.7229
2027-06-21 18:00:00.000778675,0.7229
2027-06-21 19:00:00.000778675,0.7229
2027-06-21 20:00:00.000778675,0.7229
2027-06-21 21:00:00.000778913,0.7229
2027-06-21 22:00:00.000778913,0.7229
2027-06-21 23:00:00.000779152,0.7229
2027-06-22 00:00:00.000779152,0.7145
2027-06-22 01:00:00.000779390,0.7145
2027-06-22 02:00:00.000779390,0.7145
2027-06-22 03:00:00.000779629,0.7145
2027-06-22 04:00:00.000779629,0.7145
2027-06-22 05:00:00.000779629,0.7145
2027-06-22 06:00:00.000779867,0.7145
2027-06-22 07:00:00.000779867,0.7145
2027-06-22 08:00:00.000780106,0.7145
2027-06-22 09:00:00.000780106,0.7145
2027-06-22 10:00:00.000780344,0.7145
2027-06-22 11:00:00.000780344,0.7145
2027-06-22 12:00:00.000780344,0.7145
2027-06-22 13:00:00.000780582,0.7145
2027-06-22 14:00:00.000780582,0.7145
2027-06-22 15:00:00.000780821,0.7145
2027-06-22 16:00:00.000780821,0.7145
2027-06-22 17:00:00.000781059,0.7145
2027-06-22 18:00:00.000781059,0.7145
2027-06-22 19:00:00.000781298,0.7145
2027-06-22 20:00:00.000781298,0.7145
2027-06-22 21:00:00.000781298,0.7145
2027-06-22 22:00:00.000781536,0.7145
2027-06-22 23:00:00.000781536,0.7145
2027-06-23 00:00:00.000781775,0.7061
2027-06-23 01:00:00.000781775,0.7061
2027-06-23 02:00:00.000782013,0.7061
2027-06-23 03:00:00.000782013,0.7061
2027-06-23 04:00:00.000782251,0.7061
2027-06-23 05:00:00.000782251,0.7061
2027-06-23 06:00:00.000782251,0.7061
2027-06-23 07:00:00.000782490,0.7061
2027-06-23 08:00:00.000782490,0.7061
2027-06-23 09:00:00.000782728,0.7061
2027-06-23 10:00:00.000782728,0.7061
2027-06-23 11:00:00.000782967,0.7061
2027-06-23 12:00:00.000782967,0.7061
2027-06-23 13:00:00.000782967,0.7061
2027-06-23 14:00:00.000783205,0.7061
2027-06-23 15:00:00.000783205,0.7061
2027-06-23 16:00:00.000783443,0.7061
2027-06-23 17:00:00.000783443,0.7061
2027-06-23 18:00:00.000783682,0.7061
2027-06-23 19:00:00.000783682,0.7061
2027-06-23 20:00:00.000783920,0.7061
2027-06-23 21:00:00.000783920,0.7061
2027-06-23 22:00:00.000783920,0.7061
2027-06-23 23:00:00.000784159,0.7061
2027-06-24 00:00:00.000784159,0.6978
2027-06-24 01:00:00.000784397,0.6978
2027-06-24 02:00:00.000784397,0.6978
2027-06-24 03:00:00.000784636,0.6978
2027-06-24 04:00:00.000784636,0.6978
2027-06-24 05:00:00.000784874,0.6978
2027-06-24 06:00:00.000784874,0.6978
2027-06-24 07:00:00.000784874,0.6978
2027-06-24 08:00:00.000785112,0.6978
2027-06-24 09:00:00.000785112,0.6978
2027-06-24 10:00:00.000785351,0.6978
2027-06-24 11:00:00.000785351,0.6978
2027-06-24 12:00:00.000785589,0.6978
2027-06-24 13:00:00.000785589,0.6978
2027-06-24 14:00:00.000785589,0.6978
2027-06-24 15:00:00.000785828,0.6978
2027-06-24 16:00:00.000785828,0.6978
2027-06-24 17:00:00.000786066,0.6978
2027-06-24 18:00:00.000786066,0.6978
2027-06-24 19:00:00.000786304,0.6978
2027-06-24 20:00:00.000786304,0.6978
2027-06-24 21:00:00.000786543,0.6978
2027-06-24 22:00:00.000786543,0.6978
2027-06-24 23:00:00.000786543,0.6978
2027-06-25 00:00:00.000786781,0.6893
2027-06-25 01:00:00.000786781,0.6893
2027-06-25 02:00:00.000787020,0.6893
2027-06-25 03:00:00.000787020,0.6893
2027-06-25 04:00:00.000787258,0.6893
2027-06-25 05:00:00.000787258,0.6893
2027-06-25 06:00:00.000787258,0.6893
2027-06-25 07:00:00.000787497,0.6893
2027-06-25 08:00:00.000787497,0.6893
2027-06-25 09:00:00.000787735,0.6893
2027-06-25 10:00:00.000787735,0.6893
2027-06-25 11:00:00.000787973,0.6893
2027-06-25 12:00:00.000787973,0.6893
2027-06-25 13:00:00.000788212,0.6893
2027-06-25 14:00:00.000788212,0.6893
2027-06-25 15:00:00.000788212,0.6893
2027-06-25 16:00:00.000788450,0.6893
2027-06-25 17:00:00.000788450,0.6893
2027-06-25 18:00:00.000788689,0.6893
2027-06-25 19:00:00.000788689,0.6893
2027-06-25 20:00:00.000788927,0.6893
2027-06-25 21:00:00.000788927,0.6893
2027-06-25 22:00:00.000789165,0.6893
2027-06-25 23:00:00.000789165,0.6893
2027-06-26 00:00:00.000789165,0.681
2027-06-26 01:00:00.000789404,0.681
2027-06-26 02:00:00.000789404,0.681
2027-06-26 03:00:00.000789642,0.681
2027-06-26 04:00:00.000789642,0.681
2027-06-26 05:00:00.000789881,0.681
2027-06-26 06:00:00.000789881,0.681
2027-06-26 07:00:00.000789881,0.681
2027-06-26 08:00:00.000790119,0.681
2027-06-26 09:00:00.000790119,0.681
2027-06-26 10:00:00.000790358,0.681
2027-06-26 11:00:00.000790358,0.681
2027-06-26 12:00:00.000790596,0.681
2027-06-26 13:00:00.000790596,0.681
2027-06-26 14:00:00.000790834,0.681
2027-06-26 15:00:00.000790834,0.681
2027-06-26 16:00:00.000790834,0.681
2027-06-26 17:00:00.000791073,0.681
2027-06-26 18:00:00.000791073,0.681
2027-06-26 19:00:00.000791311,0.681
2027-06-26 20:00:00.000791311,0.681
2027-06-26 21:00:00.000791550,0.681
2027-06-26 22:00:00.000791550,0.681
2027-06-26 23:00:00.000791788,0.681
2027-06-27 00:00:00.000791788,0.6726
2027-06-27 01:00:00.000791788,0.6726
2027-06-27 02:00:00.000792027,0.6726
2027-06-27 03:00:00.000792027,0.6726
2027-06-27 04:00:00.000792265,0.6726
2027-06-27 05:00:00.000792265,0.6726
2027-06-27 06:00:00.000792503,0.6726
2027-06-27 07:00:00.000792503,0.6726
2027-06-27 08:00:00.000792503,0.6726
2027-06-27 09:00:00.000792742,0.6726
2027-06-27 10:00:00.000792742,0.6726
2027-06-27 11:00:00.000792980,0.6726
2027-06-27 12:00:00.000792980,0.6726
2027-06-27 13:00:00.000793219,0.6726
2027-06-27 14:00:00.000793219,0.6726
2027-06-27 15:00:00.000793457,0.6726
2027-06-27 16:00:00.000793457,0.6726
2027-06-27 17:00:00.000793457,0.6726
2027-06-27 18:00:00.000793695,0.6726
2027-06-27 19:00:00.000793695,0.6726
2027-06-27 20:00:00.000793934,0.6726
2027-06-27 21:00:00.000793934,0.6726
2027-06-27 22:00:00.000794172,0.6726
2027-06-27 23:00:00.000794172,0.6726
2027-06-28 00:00:00.000794172,0.6642
2027-06-28 01:00:00.000794411,0.6642
2027-06-28 02:00:00.000794411,0.6642
2027-06-28 03:00:00.000794649,0.6642
2027-06-28 04:00:00.000794649,0.6642
2027-06-28 05:00:00.000794888,0.6642
2027-06-28 06:00:00.000794888,0.6642
2027-06-28 07:00:00.000795126,0.6642
2027-06-28 08:00:00.000795126,0.6642
2027-06-28 09:00:00.000795126,0.6642
2027-06-28 10:00:00.000795364,0.6642
2027-06-28 11:00:00.000795364,0.6642
2027-06-28 12:00:00.000795603,0.6642
2027-06-28 13:00:00.000795603,0.6642
2027-06-28 14:00:00.000795841,0.6642
2027-06-28 15:00:00.000795841,0.6642
2027-06-28 16:00:00.000796080,0.6642
2027-06-28 17:00:00.000796080,0.6642
2027-06-28 18:00:00.000796080,0.6642
2027-06-28 19:00:00.000796318,0.6642
2027-06-28 20:00:00.000796318,0.6642
2027-06-28 21:00:00.000796556,0.6642
2027-06-28 22:00:00.000796556,0.6642
2027-06-28 23:00:00.000796795,0.6642
2027-06-29 00:00:00.000796795,0.6559
2027-06-29 01:00:00.000796795,0.6559
2027-06-29 02:00:00.000797033,0.6559
2027-06-29 03:00:00.000797033,0.6559
2027-06-29 04:00:00.000797272,0.6559
2027-06-29 05:00:00.000797272,0.6559
2027-06-29 06:00:00.000797510,0.6559
2027-06-29 07:00:00.000797510,0.6559
2027-06-29 08:00:00.000797749,0.6559
2027-06-29 09:00:00.000797749,0.6559
2027-06-29 10:00:00.000797749,0.6559
2027-06-29 11:00:00.000797987,0.6559
2027-06-29 12:00:00.000797987,0.6559
2027-06-29 13:00:00.000798225,0.6559
2027-06-29 14:00:00.000798225,0.6559
2027-06-29 15:00:00.000798464,0.6559
2027-06-29 16:00:00.000798464,0.6559
2027-06-29 17:00:00.000798702,0.6559
2027-06-29 18:00:00.000798702,0.6559
2027-06-29 19:00:00.000798702,0.6559
2027-06-29 20:00:00.000798941,0.6559
2027-06-29 21:00:00.000798941,0.6559
2027-06-29 22:00:00.000799179,0.6559
2027-06-29 23:00:00.000799179,0.6559
2027-06-30 00:00:00.000799417,0.6475
2027-06-30 01:00:00.000799417,0.6475
2027-06-30 02:00:00.000799417,0.6475
2027-06-30 03:00:00.000799656,0.6475
2027-06-30 04:00:00.000799656,0.6475
2027-06-30 05:00:00.000799894,0.6475
2027-06-30 06:00:00.000799894,0.6475
2027-06-30 07:00:00.000800133,0.6475
2027-06-30 08:00:00.000800133,0.6475
2027-06-30 09:00:00.000800371,0.6475
2027-06-30 10:00:00.000800371,0.6475
2027-06-30 11:00:00.000800371,0.6475
2027-06-30 12:00:00.000800610,0.6475
2027-06-30 13:00:00.000800610,0.6475
2027-06-30 14:00:00.000800848,0.6475
2027-06-30 15:00:00.000800848,0.6475
2027-06-30 16:00:00.000801086,0.6475
2027-06-30 17:00:00.000801086,0.6475
2027-06-30 18:00:00.000801086,0.6475
2027-06-30 19:00:00.000801325,0.6475
2027-06-30 20:00:00.000801325,0.6475
2027-06-30 21:00:00.000801563,0.6475
2027-06-30 22:00:00.000801563,0.6475
2027-06-30 23:00:00.000801802,0.6475
2027-07-01 00:00:00.000801802,0.6391
2027-07-01 01:00:00.000802040,0.6391
2027-07-01 02:00:00.000802040,0.6391
2027-07-01 03:00:00.000802040,0.6391
2027-07-01 04:00:00.000802279,0.6391
2027-07-01 05:00:00.000802279,0.6391
2027-07-01 06:00:00.000802517,0.6391
2027-07-01 07:00:00.000802517,0.6391
2027-07-01 08:00:00.000802755,0.6391
2027-07-01 09:00:00.000802755,0.6391
2027-07-01 10:00:00.000802994,0.6391
2027-07-01 11:00:00.000802994,0.6391
2027-07-01 12:00:00.000802994,0.6391
2027-07-01 13:00:00.000803232,0.6391
2027-07-01 14:00:00.000803232,0.6391
2027-07-01 15:00:00.000803471,0.6391
2027-07-01 16:00:00.000803471,0.6391
2027-07-01 17:00:00.000803709,0.6391
2027-07-01 18:00:00.000803709,0.6391
2027-07-01 19:00:00.000803709,0.6391
2027-07-01 20:00:00.000803947,0.6391
2027-07-01 21:00:00.000803947,0.6391
2027-07-01 22:00:00.000804186,0.6391
2027-07-01 23:00:00.000804186,0.6391
2027-07-02 00:00:00.000804424,0.6307
2027-07-02 01:00:00.000804424,0.6307
2027-07-02 02:00:00.000804663,0.6307
2027-07-02 03:00:00.000804663,0.6307
2027-07-02 04:00:00.000804663,0.6307
2027-07-02 05:00:00.000804901,0.6307
2027-07-02 06:00:00.000804901,0.6307
2027-07-02 07:00:00.000805140,0.6307
2027-07-02 08:00:00.000805140,0.6307
2027-07-02 09:00:00.000805378,0.6307
2027-07-02 10:00:00.000805378,0.6307
2027-07-02 11:00:00.000805616,0.6307
2027-07-02 12:00:00.000805616,0.6307
2027-07-02 13:00:00.000805616,0.6307
2027-07-02 14:00:00.000805855,0.6307
2027-07-02 15:00:00.000805855,0.6307
2027-07-02 16:00:00.000806093,0.6307
2027-07-02 17:00:00.000806093,0.6307
2027-07-02 18:00:00.000806332,0.6307
2027-07-02 19:00:00.000806332,0.6307
2027-07-02 20:00:00.000806332,0.6307
2027-07-02 21:00:00.000806570,0.6307
2027-07-02 22:00:00.000806570,0.6307
2027-07-02 23:00:00.000806808,0.6307
2027-07-03 00:00:00.000806808,0.6223
2027-07-03 01:00:00.000807047,0.6223
2027-07-03 02:00:00.000807047,0.6223
2027-07-03 03:00:00.000807285,0.6223
2027-07-03 04:00:00.000807285,0.6223
2027-07-03 05:00:00.000807285,0.6223
2027-07-03 06:00:00.000807524,0.6223
2027-07-03 07:00:00.000807524,0.6223
2027-07-03 08:00:00.000807762,0.6223
2027-07-03 09:00:00.000807762,0.6223
2027-07-03 10:00:00.000808001,0.6223
2027-07-03 11:00:00.000808001,0.6223
2027-07-03 12:00:00.000808239,0.6223
2027-07-03 13:00:00.000808239,0.6223
2027-07-03 14:00:00.000808239,0.6223
2027-07-03 15:00:00.000808477,0.6223
2027-07-03 16:00:00.000808477,0.6223
2027-07-03 17:00:00.000808716,0.6223
2027-07-03 18:00:00.000808716,0.6223
2027-07-03 19:00:00.000808954,0.6223
2027-07-03 20:00:00.000808954,0.6223
2027-07-03 21:00:00.000808954,0.6223
2027-07-03 22:00:00.000809193,0.6223
2027-07-03 23:00:00.000809193,0.6223
2027-07-04 00:00:00.000809431,0.6139
2027-07-04 01:00:00.000809431,0.6139
2027-07-04 02:00:00.000809669,0.6139
2027-07-04 03:00:00.000809669,0.6139
2027-07-04 04:00:00.000809908,0.6139
2027-07-04 05:00:00.000809908,0.6139
2027-07-04 06:00:00.000809908,0.6139
2027-07-04 07:00:00.000810146,0.6139
2027-07-04 08:00:00.000810146,0.6139
2027-07-04 09:00:00.000810385,0.6139
2027-07-04 10:00:00.000810385,0.6139
2027-07-04 11:00:00.000810623,0.6139
2027-07-04 12:00:00.000810623,0.6139
2027-07-04 13:00:00.000810623,0.6139
2027-07-04 14:00:00.000810862,0.6139
2027-07-04 15:00:00.000810862,0.6139
2027-07-04 16:00:00.000811100,0.6139
2027-07-04 17:00:00.000811100,0.6139
2027-07-04 18:00:00.000811338,0.6139
2027-07-04 19:00:00.000811338,0.6139
2027-07-04 20:00:00.000811577,0.6139
2027-07-04 21:00:00.000811577,0.6139
2027-07-04 22:00:00.000811577,0.6139
2027-07-04 23:00:00.000811815,0.6139
2027-07-05 00:00:00.000811815,0.6056
2027-07-05 01:00:00.000812054,0.6056
2027-07-05 02:00:00.000812054,0.6056
2027-07-05 03:00:00.000812292,0.6056
2027-07-05 04:00:00.000812292,0.6056
2027-07-05 05:00:00.000812531,0.6056
2027-07-05 06:00:00.000812531,0.6056
2027-07-05 07:00:00.000812531,0.6056
2027-07-05 08:00:00.000812769,0.6056
2027-07-05 09:00:00.000812769,0.6056
2027-07-05 10:00:00.000813007,0.6056
2027-07-05 11:00:00.000813007,0.6056
2027-07-05 12:00:00.000813246,0.6056
2027-07-05 13:00:00.000813246,0.6056
2027-07-05 14:00:00.000813246,0.6056
2027-07-05 15:00:00.000813484,0.6056
2027-07-05 16:00:00.000813484,0.6056
2027-07-05 17:00:00.000813723,0.6056
2027-07-05 18:00:00.000813723,0.6056
2027-07-05 19:00:00.000813961,0.6056
2027-07-05 20:00:00.000813961,0.6056
2027-07-05 21:00:00.000814199,0.6056
2027-07-05 22:00:00.000814199,0.6056
2027-07-05 23:00:00.000814199,0.6056
2027-07-06 00:00:00.000814438,0.5972
2027-07-06 01:00:00.000814438,0.5972
2027-07-06 02:00:00.000814676,0.5972
2027-07-06 03:00:00.000814676,0.5972
2027-07-06 04:00:00.000814915,0.5972
2027-07-06 05:00:00.000814915,0.5972
2027-07-06 06:00:00.000815153,0.5972
2027-07-06 07:00:00.000815153,0.5972
2027-07-06 08:00:00.000815153,0.5972
2027-07-06 09:00:00.000815392,0.5972
2027-07-06 10:00:00.000815392,0.5972
2027-07-06 11:00:00.000815630,0.5972
2027-07-06 12:00:00.000815630,0.5972
2027-07-06 13:00:00.000815868,0.5972
2027-07-06 14:00:00.000815868,0.5972
2027-07-06 15:00:00.000815868,0.5972
2027-07-06 16:00:00.000816107,0.5972
2027-07-06 17:00:00.000816107,0.5972
2027-07-06 18:00:00.000816345,0.5972
2027-07-06 19:00:00.000816345,0.5972
2027-07-06 20:00:00.000816584,0.5972
2027-07-06 21:00:00.000816584,0.5972
2027-07-06 22:00:00.000816822,0.5972
2027-07-06 23:00:00.000816822,0.5972
2027-07-07 00:00:00.000816822,0.5888
2027-07-07 01:00:00.000817060,0.5888
2027-07-07 02:00:00.000817060,0.5888
2027-07-07 03:00:00.000817299,0.5888
2027-07-07 04:00:00.000817299,0.5888
2027-07-07 05:00:00.000817537,0.5888
2027-07-07 06:00:00.000817537,0.5888
2027-07-07 07:00:00.000817537,0.5888
2027-07-07 08:00:00.000817776,0.5888
2027-07-07 09:00:00.000817776,0.5888
2027-07-07 10:00:00.000818014,0.5888
2027-07-07 11:00:00.000818014,0.5888
2027-07-07 12:00:00.000818253,0.5888
2027-07-07 13:00:00.000818253,0.5888
2027-07-07 14:00:00.000818491,0.5888
2027-07-07 15:00:00.000818491,0.5888
2027-07-07 16:00:00.000818491,0.5888
2027-07-07 17:00:00.000818729,0.5888
2027-07-07 18:00:00.000818729,0.5888
2027-07-07 19:00:00.000818968,0.5888
2027-07-07 20:00:00.000818968,0.5888
2027-07-07 21:00:00.000819206,0.5888
2027-07-07 22:00:00.000819206,0.5888
2027-07-07 23:00:00.000819445,0.5888
2027-07-08 00:00:00.000819445,0.5804
2027-07-08 01:00:00.000819445,0.5804
2027-07-08 02:00:00.000819683,0.5804
2027-07-08 03:00:00.000819683,0.5804
2027-07-08 04:00:00.000819921,0.5804
2027-07-08 05:00:00.000819921,0.5804
2027-07-08 06:00:00.000820160,0.5804
2027-07-08 07:00:00.000820160,0.5804
2027-07-08 08:00:00.000820160,0.5804
2027-07-08 09:00:00.000820398,0.5804
2027-07-08 10:00:00.000820398,0.5804
2027-07-08 11:00:00.000820637,0.5804
2027-07-08 12:00:00.000820637,0.5804
2027-07-08 13:00:00.000820875,0.5804
2027-07-08 14:00:00.000820875,0.5804
2027-07-08 15:00:00.000821114,0.5804
2027-07-08 16:00:00.000821114,0.5804
2027-07-08 17:00:00.000821114,0.5804
2027-07-08 18:00:00.000821352,0.5804
2027-07-08 19:00:00.000821352,0.5804
2027-07-08 20:00:00.000821590,0.5804
2027-07-08 21:00:00.000821590,0.5804
2027-07-08 22:00:00.000821829,0.5804
2027-07-08 23:00:00.000821829,0.5804
2027-07-09 00:00:00.000822067,0.572
2027-07-09 01:00:00.000822067,0.572
2027-07-09 02:00:00.000822067,0.572
2027-07-09 03:00:00.000822306,0.572
2027-07-09 04:00:00.000822306,0.572
2027-07-09 05:00:00.000822544,0.572
2027-07-09 06:00:00.000822544,0.572
2027-07-09 07:00:00.000822783,0.572
2027-07-09 08:00:00.000822783,0.572
2027-07-09 09:00:00.000822783,0.572
2027-07-09 10:00:00.000823021,0.572
2027-07-09 11:00:00.000823021,0.572
2027-07-09 12:00:00.000823259,0.572
2027-07-09 13:00:00.000823259,0.572
2027-07-09 14:00:00.000823498,0.572
2027-07-09 15:00:00.000823498,0.572
2027-07-09 16:00:00.000823736,0.572
2027-07-09 17:00:00.000823736,0.572
2027-07-09 18:00:00.000823736,0.572
2027-07-09 19:00:00.000823975,0.572
2027-07-09 20:00:00.000823975,0.572
2027-07-09 21:00:00.000824213,0.572
2027-07-09 22:00:00.000824213,0.572
2027-07-09 23:00:00.000824451,0.572
2027-07-10 00:00:00.000824451,0.5637
2027-07-10 01:00:00.000824451,0.5637
2027-07-10 02:00:00.000824690,0.5637
2027-07-10 03:00:00.000824690,0.5637
2027-07-10 04:00:00.000824928,0.5637
2027-07-10 05:00:00.000824928,0.5637
2027-07-10 06:00:00.000825167,0.5637
2027-07-10 07:00:00.000825167,0.5637
2027-07-10 08:00:00.000825405,0.5637
2027-07-10 09:00:00.000825405,0.5637
2027-07-10 10:00:00.000825405,0.5637
2027-07-10 11:00:00.000825644,0.5637
2027-07-10 12:00:00.000825644,0.5637
2027-07-10 13:00:00.000825882,0.5637
2027-07-10 14:00:00.000825882,0.5637
2027-07-10 15:00:00.000826120,0.5637
2027-07-10 16:00:00.000826120,0.5637
2027-07-10 17:00:00.000826359,0.5637
2027-07-10 18:00:00.000826359,0.5637
2027-07-10 19:00:00.000826359,0.5637
2027-07-10 20:00:00.000826597,0.5637
2027-07-10 21:00:00.000826597,0.5637
2027-07-10 22:00:00.000826836,0.5637
2027-07-10 23:00:00.000826836,0.5637
2027-07-11 00:00:00.000827074,0.5552
2027-07-11 01:00:00.000827074,0.5552
2027-07-11 02:00:00.000827074,0.5552
2027-07-11 03:00:00.000827312,0.5552
2027-07-11 04:00:00.000827312,0.5552
2027-07-11 05:00:00.000827551,0.5552
2027-07-11 06:00:00.000827551,0.5552
2027-07-11 07:00:00.000827789,0.5552
2027-07-11 08:00:00.000827789,0.5552
2027-07-11 09:00:00.000828028,0.5552
2027-07-11 10:00:00.000828028,0.5552
2027-07-11 11:00:00.000828028,0.5552
2027-07-11 12:00:00.000828266,0.5552
2027-07-11 13:00:00.000828266,0.5552
2027-07-11 14:00:00.000828505,0.5552
2027-07-11 15:00:00.000828505,0.5552
2027-07-11 16:00:00.000828743,0.5552
2027-07-11 17:00:00.000828743,0.5552
2027-07-11 18:00:00.000828981,0.5552
2027-07-11 19:00:00.000828981,0.5552
2027-07-11 20:00:00.000828981,0.5552
2027-07-11 21:00:00.000829220,0.5552
2027-07-11 22:00:00.000829220,0.5552
2027-07-11 23:00:00.000829458,0.5552
2027-07-12 00:00:00.000829458,0.5469
2027-07-12 01:00:00.000829697,0.5469
2027-07-12 02:00:00.000829697,0.5469
2027-07-12 03:00:00.000829697,0.5469
2027-07-12 04:00:00.000829935,0.5469
2027-07-12 05:00:00.000829935,0.5469
2027-07-12 06:00:00.000830173,0.5469
2027-07-12 07:00:00.000830173,0.5469
2027-07-12 08:00:00.000830412,0.5469
2027-07-12 09:00:00.000830412,0.5469
2027-07-12 10:00:00.000830650,0.5469
2027-07-12 11:00:00.000830650,0.5469
2027-07-12 12:00:00.000830650,0.5469
2027-07-12 13:00:00.000830889,0.5469
2027-07-12 14:00:00.000830889,0.5469
2027-07-12 15:00:00.000831127,0.5469
2027-07-12 16:00:00.000831127,0.5469
2027-07-12 17:00:00.000831366,0.5469
2027-07-12 18:00:00.000831366,0.5469
2027-07-12 19:00:00.000831604,0.5469
2027-07-12 20:00:00.000831604,0.5469
2027-07-12 21:00:00.000831604,0.5469
2027-07-12 22:00:00.000831842,0.5469
2027-07-12 23:00:00.000831842,0.5469
2027-07-13 00:00:00.000832081,0.5386
2027-07-13 01:00:00.000832081,0.5386
2027-07-13 02:00:00.000832319,0.5386
2027-07-13 03:00:00.000832319,0.5386
2027-07-13 04:00:00.000832319,0.5386
2027-07-13 05:00:00.000832558,0.5386
2027-07-13 06:00:00.000832558,0.5386
2027-07-13 07:00:00.000832796,0.5386
2027-07-13 08:00:00.000832796,0.5386
2027-07-13 09:00:00.000833035,0.5386
2027-07-13 10:00:00.000833035,0.5386
2027-07-13 11:00:00.000833273,0.5386
2027-07-13 12:00:00.000833273,0.5386
2027-07-13 13:00:00.000833273,0.5386
2027-07-13 14:00:00.000833511,0.5386
2027-07-13 15:00:00.000833511,0.5386
2027-07-13 16:00:00.000833750,0.5386
2027-07-13 17:00:00.000833750,0.5386
2027-07-13 18:00:00.000833988,0.5386
2027-07-13 19:00:00.000833988,0.5386
2027-07-13 20:00:00.000833988,0.5386
2027-07-13 21:00:00.000834227,0.5386
2027-07-13 22:00:00.000834227,0.5386
2027-07-13 23:00:00.000834465,0.5386
2027-07-14 00:00:00.000834465,0.5301
2027-07-14 01:00:00.000834703,0.5301
2027-07-14 02:00:00.000834703,0.5301
2027-07-14 03:00:00.000834942,0.5301
2027-07-14 04:00:00.000834942,0.5301
2027-07-14 05:00:00.000834942,0.5301
2027-07-14 06:00:00.000835180,0.5301
2027-07-14 07:00:00.000835180,0.5301
2027-07-14 08:00:00.000835419,0.5301
2027-07-14 09:00:00.000835419,0.5301
2027-07-14 10:00:00.000835657,0.5301
2027-07-14 11:00:00.000835657,0.5301
2027-07-14 12:00:00.000835896,0.5301
2027-07-14 13:00:00.000835896,0.5301
2027-07-14 14:00:00.000835896,0.5301
2027-07-14 15:00:00.000836134,0.5301
2027-07-14 16:00:00.000836134,0.5301
2027-07-14 17:00:00.000836372,0.5301
2027-07-14 18:00:00.000836372,0.5301
2027-07-14 19:00:00.000836611,0.5301
2027-07-14 20:00:00.000836611,0.5301
2027-07-14 21:00:00.000836611,0.5301
2027-07-14 22:00:00.000836849,0.5301
2027-07-14 23:00:00.000836849,0.5301
2027-07-15 00:00:00.000837088,0.5218
2027-07-15 01:00:00.000837088,0.5218
2027-07-15 02:00:00.000837326,0.5218
2027-07-15 03:00:00.000837326,0.5218
2027-07-15 04:00:00.000837564,0.5218
2027-07-15 05:00:00.000837564,0.5218
2027-07-15 06:00:00.000837564,0.5218
2027-07-15 07:00:00.000837803,0.5218
2027-07-15 08:00:00.000837803,0.5218
2027-07-15 09:00:00.000838041,0.5218
2027-07-15 10:00:00.000838041,0.5218
2027-07-15 11:00:00.000838280,0.5218
2027-07-15 12:00:00.000838280,0.5218
2027-07-15 13:00:00.000838518,0.5218
2027-07-15 14:00:00.000838518,0.5218
2027-07-15 15:00:00.000838518,0.5218
2027-07-15 16:00:00.000838757,0.5218
2027-07-15 17:00:00.000838757,0.5218
2027-07-15 18:00:00.000838995,0.5218
2027-07-15 19:00:00.000838995,0.5218
2027-07-15 20:00:00.000839233,0.5218
2027-07-15 21:00:00.000839233,0.5218
2027-07-15 22:00:00.000839233,0.5218
2027-07-15 23:00:00.000839472,0.5218
2027-07-16 00:00:00.000839472,0.5134
2027-07-16 01:00:00.000839710,0.5134
2027-07-16 02:00:00.000839710,0.5134
2027-07-16 03:00:00.000839949,0.5134
2027-07-16 04:00:00.000839949,0.5134
2027-07-16 05:00:00.000840187,0.5134
2027-07-16 06:00:00.000840187,0.5134
2027-07-16 07:00:00.000840187,0.5134
2027-07-16 08:00:00.000840425,0.5134
2027-07-16 09:00:00.000840425,0.5134
2027-07-16 10:00:00.000840664,0.5134
2027-07-16 11:00:00.000840664,0.5134
2027-07-16 12:00:00.000840902,0.5134
2027-07-16 13:00:00.000840902,0.5134
2027-07-16 14:00:00.000840902,0.5134
2027-07-16 15:00:00.000841141,0.5134
2027-07-16 16:00:00.000841141,0.5134
2027-07-16 17:00:00.000841379,0.5134
2027-07-16 18:00:00.000841379,0.5134
2027-07-16 19:00:00.000841618,0.5134
2027-07-16 20:00:00.000841618,0.5134
2027-07-16 21:00:00.000841856,0.5134
2027-07-16 22:00:00.000841856,0.5134
2027-07-16 23:00:00.000841856,0.5134
2027-07-17 00:00:00.000842094,0.505
2027-07-17 01:00:00.000842094,0.505
2027-07-17 02:00:00.000842333,0.505
2027-07-17 03:00:00.000842333,0.505
2027-07-17 04:00:00.000842571,0.505
2027-07-17 05:00:00.000842571,0.505
2027-07-17 06:00:00.000842810,0.505
2027-07-17 07:00:00.000842810,0.505
2027-07-17 08:00:00.000842810,0.505
2027-07-17 09:00:00.000843048,0.505
2027-07-17 10:00:00.000843048,0.505
2027-07-17 11:00:00.000843287,0.505
2027-07-17 12:00:00.000843287,0.505
2027-07-17 13:00:00.000843525,0.505
2027-07-17 14:00:00.000843525,0.505
2027-07-17 15:00:00.000843525,0.505
2027-07-17 16:00:00.000843763,0.505
2027-07-17 17:00:00.000843763,0.505
2027-07-17 18:00:00.000844002,0.505
2027-07-17 19:00:00.000844002,0.505
2027-07-17 20:00:00.000844240,0.505
2027-07-17 21:00:00.000844240,0.505
2027-07-17 22:00:00.000844479,0.505
2027-07-17 23:00:00.000844479,0.505
2027-07-18 00:00:00.000844479,0.4967
2027-07-18 01:00:00.000844717,0.4967
2027-07-18 02:00:00.000844717,0.4967
2027-07-18 03:00:00.000844955,0.4967
2027-07-18 04:00:00.000844955,0.4967
2027-07-18 05:00:00.000845194,0.4967
2027-07-18 06:00:00.000845194,0.4967
2027-07-18 07:00:00.000845432,0.4967
2027-07-18 08:00:00.000845432,0.4967
2027-07-18 09:00:00.000845432,0.4967
2027-07-18 10:00:00.000845671,0.4967
2027-07-18 11:00:00.000845671,0.4967
2027-07-18 12:00:00.000845909,0.4967
2027-07-18 13:00:00.000845909,0.4967
2027-07-18 14:00:00.000846148,0.4967
2027-07-18 15:00:00.000846148,0.4967
2027-07-18 16:00:00.000846148,0.4967
2027-07-18 17:00:00.000846386,0.4967
2027-07-18 18:00:00.000846386,0.4967
2027-07-18 19:00:00.000846624,0.4967
2027-07-18 20:00:00.000846624,0.4967
2027-07-18 21:00:00.000846863,0.4967
2027-07-18 22:00:00.000846863,0.4967
2027-07-18 23:00:00.000847101,0.4967
2027-07-19 00:00:00.000847101,0.4882
2027-07-19 01:00:00.000847101,0.4882
2027-07-19 02:00:00.000847340,0.4882
2027-07-19 03:00:00.000847340,0.4882
2027-07-19 04:00:00.000847578,0.4882
2027-07-19 05:00:00.000847578,0.4882
2027-07-19 06:00:00.000847816,0.4882
2027-07-19 07:00:00.000847816,0.4882
2027-07-19 08:00:00.000847816,0.4882
2027-07-19 09:00:00.000848055,0.4882
2027-07-19 10:00:00.000848055,0.4882
2027-07-19 11:00:00.000848293,0.4882
2027-07-19 12:00:00.000848293,0.4882
2027-07-19 13:00:00.000848532,0.4882
2027-07-19 14:00:00.000848532,0.4882
2027-07-19 15:00:00.000848770,0.4882
2027-07-19 16:00:00.000848770,0.4882
2027-07-19 17:00:00.000848770,0.4882
2027-07-19 18:00:00.000849009,0.4882
2027-07-19 19:00:00.000849009,0.4882
2027-07-19 20:00:00.000849247,0.4882
2027-07-19 21:00:00.000849247,0.4882
2027-07-19 22:00:00.000849485,0.4882
2027-07-19 23:00:00.000849485,0.4882
2027-07-20 00:00:00.000849724,0.4799
2027-07-20 01:00:00.000849724,0.4799
2027-07-20 02:00:00.000849724,0.4799
2027-07-20 03:00:00.000849962,0.4799
2027-07-20 04:00:00.000849962,0.4799
2027-07-20 05:00:00.000850201,0.4799
2027-07-20 06:00:00.000850201,0.4799
2027-07-20 07:00:00.000850439,0.4799
2027-07-20 08:00:00.000850439,0.4799
2027-07-20 09:00:00.000850439,0.4799
2027-07-20 10:00:00.000850677,0.4799
2027-07-20 11:00:00.000850677,0.4799
2027-07-20 12:00:00.000850916,0.4799
2027-07-20 13:00:00.000850916,0.4799
2027-07-20 14:00:00.000851154,0.4799
2027-07-20 15:00:00.000851154,0.4799
2027-07-20 16:00:00.000851393,0.4799
2027-07-20 17:00:00.000851393,0.4799
2027-07-20 18:00:00.000851393,0.4799
2027-07-20 19:00:00.000851631,0.4799
2027-07-20 20:00:00.000851631,0.4799
2027-07-20 21:00:00.000851870,0.4799
2027-07-20 22:00:00.000851870,0.4799
2027-07-20 23:00:00.000852108,0.4799
2027-07-21 00:00:00.000852108,0.4715
2027-07-21 01:00:00.000852346,0.4715
2027-07-21 02:00:00.000852346,0.4715
2027-07-21 03:00:00.000852346,0.4715
2027-07-21 04:00:00.000852585,0.4715
2027-07-21 05:00:00.000852585,0.4715
2027-07-21 06:00:00.000852823,0.4715
2027-07-21 07:00:00.000852823,0.4715
2027-07-21 08:00:00.000853062,0.4715
2027-07-21 09:00:00.000853062,0.4715
2027-07-21 10:00:00.000853062,0.4715
2027-07-21 11:00:00.000853300,0.4715
2027-07-21 12:00:00.000853300,0.4715
2027-07-21 13:00:00.000853539,0.4715
2027-07-21 14:00:00.000853539,0.4715
2027-07-21 15:00:00.000853777,0.4715
2027-07-21 16:00:00.000853777,0.4715
2027-07-21 17:00:00.000854015,0.4715
2027-07-21 18:00:00.000854015,0.4715
2027-07-21 19:00:00.000854015,0.4715
2027-07-21 20:00:00.000854254,0.4715
2027-07-21 21:00:00.000854254,0.4715
2027-07-21 22:00:00.000854492,0.4715
2027-07-21 23:00:00.000854492,0.4715
2027-07-22 00:00:00.000854731,0.4631
2027-07-22 01:00:00.000854731,0.4631
2027-07-22 02:00:00.000854731,0.4631
2027-07-22 03:00:00.000854969,0.4631
2027-07-22 04:00:00.000854969,0.4631
2027-07-22 05:00:00.000855207,0.4631
2027-07-22 06:00:00.000855207,0.4631
2027-07-22 07:00:00.000855446,0.4631
2027-07-22 08:00:00.000855446,0.4631
2027-07-22 09:00:00.000855684,0.4631
2027-07-22 10:00:00.000855684,0.4631
2027-07-22 11:00:00.000855684,0.4631
2027-07-22 12:00:00.000855923,0.4631
2027-07-22 13:00:00.000855923,0.4631
2027-07-22 14:00:00.000856161,0.4631
2027-07-22 15:00:00.000856161,0.4631
2027-07-22 16:00:00.000856400,0.4631
2027-07-22 17:00:00.000856400,0.4631
2027-07-22 18:00:00.000856638,0.4631
2027-07-22 19:00:00.000856638,0.4631
2027-07-22 20:00:00.000856638,0.4631
2027-07-22 21:00:00.000856876,0.4631
2027-07-22 22:00:00.000856876,0.4631
2027-07-22 23:00:00.000857115,0.4631
2027-07-23 00:00:00.000857115,0.4547
2027-07-23 01:00:00.000857353,0.4547
2027-07-23 02:00:00.000857353,0.4547
2027-07-23 03:00:00.000857353,0.4547
2027-07-23 04:00:00.000857592,0.4547
2027-07-23 05:00:00.000857592,0.4547
2027-07-23 06:00:00.000857830,0.4547
2027-07-23 07:00:00.000857830,0.4547
2027-07-23 08:00:00.000858068,0.4547
2027-07-23 09:00:00.000858068,0.4547
2027-07-23 10:00:00.000858307,0.4547
2027-07-23 11:00:00.000858307,0.4547
2027-07-23 12:00:00.000858307,0.4547
2027-07-23 13:00:00.000858545,0.4547
2027-07-23 14:00:00.000858545,0.4547
2027-07-23 15:00:00.000858784,0.4547
2027-07-23 16:00:00.000858784,0.4547
2027-07-23 17:00:00.000859022,0.4547
2027-07-23 18:00:00.000859022,0.4547
2027-07-23 19:00:00.000859261,0.4547
2027-07-23 20:00:00.000859261,0.4547
2027-07-23 21:00:00.000859261,0.4547
2027-07-23 22:00:00.000859499,0.4547
2027-07-23 23:00:00.000859499,0.4547
2027-07-24 00:00:00.000859737,0.4463
2027-07-24 01:00:00.000859737,0.4463
2027-07-24 02:00:00.000859976,0.4463
2027-07-24 03:00:00.000859976,0.4463
2027-07-24 04:00:00.000859976,0.4463
2027-07-24 05:00:00.000860214,0.4463
2027-07-24 06:00:00.000860214,0.4463
2027-07-24 07:00:00.000860453,0.4463
2027-07-24 08:00:00.000860453,0.4463
2027-07-24 09:00:00.000860691,0.4463
2027-07-24 10:00:00.000860691,0.4463
2027-07-24 11:00:00.000860929,0.4463
2027-07-24 12:00:00.000860929,0.4463
2027-07-24 13:00:00.000860929,0.4463
2027-07-24 14:00:00.000861168,0.4463
2027-07-24 15:00:00.000861168,0.4463
2027-07-24 16:00:00.000861406,0.4463
2027-07-24 17:00:00.000861406,0.4463
2027-07-24 18:00:00.000861645,0.4463
2027-07-24 19:00:00.000861645,0.4463
2027-07-24 20:00:00.000861883,0.4463
2027-07-24 21:00:00.000861883,0.4463
2027-07-24 22:00:00.000861883,0.4463
2027-07-24 23:00:00.000862122,0.4463
2027-07-25 00:00:00.000862122,0.438
2027-07-25 01:00:00.000862360,0.438
2027-07-25 02:00:00.000862360,0.438
2027-07-25 03:00:00.000862598,0.438
2027-07-25 04:00:00.000862598,0.438
2027-07-25 05:00:00.000862598,0.438
2027-07-25 06:00:00.000862837,0.438
2027-07-25 07:00:00.000862837,0.438
2027-07-25 08:00:00.000863075,0.438
2027-07-25 09:00:00.000863075,0.438
2027-07-25 10:00:00.000863314,0.438
2027-07-25 11:00:00.000863314,0.438
2027-07-25 12:00:00.000863552,0.438
2027-07-25 13:00:00.000863552,0.438
2027-07-25 14:00:00.000863552,0.438
2027-07-25 15:00:00.000863791,0.438
2027-07-25 16:00:00.000863791,0.438
2027-07-25 17:00:00.000864029,0.438
2027-07-25 18:00:00.000864029,0.438
2027-07-25 19:00:00.000864267,0.438
2027-07-25 20:00:00.000864267,0.438
2027-07-25 21:00:00.000864267,0.438
2027-07-25 22:00:00.000864506,0.438
2027-07-25 23:00:00.000864506,0.438
2027-07-26 00:00:00.000864744,0.4296
2027-07-26 01:00:00.000864744,0.4296
2027-07-26 02:00:00.000864983,0.4296
2027-07-26 03:00:00.000864983,0.4296
2027-07-26 04:00:00.000865221,0.4296
2027-07-26 05:00:00.000865221,0.4296
2027-07-26 06:00:00.000865221,0.4296
2027-07-26 07:00:00.000865459,0.4296
2027-07-26 08:00:00.000865459,0.4296
2027-07-26 09:00:00.000865698,0.4296
2027-07-26 10:00:00.000865698,0.4296
2027-07-26 11:00:00.000865936,0.4296
2027-07-26 12:00:00.000865936,0.4296
2027-07-26 13:00:00.000866175,0.4296
2027-07-26 14:00:00.000866175,0.4296
2027-07-26 15:00:00.000866175,0.4296
2027-07-26 16:00:00.000866413,0.4296
2027-07-26 17:00:00.000866413,0.4296
2027-07-26 18:00:00.000866652,0.4296
2027-07-26 19:00:00.000866652,0.4296
2027-07-26 20:00:00.000866890,0.4296
2027-07-26 21:00:00.000866890,0.4296
2027-07-26 22:00:00.000866890,0.4296
2027-07-26 23:00:00.000867128,0.4296
2027-07-27 00:00:00.000867128,0.4212
2027-07-27 01:00:00.000867367,0.4212
2027-07-27 02:00:00.000867367,0.4212
2027-07-27 03:00:00.000867605,0.4212
2027-07-27 04:00:00.000867605,0.4212
2027-07-27 05:00:00.000867844,0.4212
2027-07-27 06:00:00.000867844,0.4212
2027-07-27 07:00:00.000867844,0.4212
2027-07-27 08:00:00.000868082,0.4212
2027-07-27 09:00:00.000868082,0.4212
2027-07-27 10:00:00.000868320,0.4212
2027-07-27 11:00:00.000868320,0.4212
2027-07-27 12:00:00.000868559,0.4212
2027-07-27 13:00:00.000868559,0.4212
2027-07-27 14:00:00.000868797,0.4212
2027-07-27 15:00:00.000868797,0.4212
2027-07-27 16:00:00.000868797,0.4212
2027-07-27 17:00:00.000869036,0.4212
2027-07-27 18:00:00.000869036,0.4212
2027-07-27 19:00:00.000869274,0.4212
2027-07-27 20:00:00.000869274,0.4212
2027-07-27 21:00:00.000869513,0.4212
2027-07-27 22:00:00.000869513,0.4212
2027-07-27 23:00:00.000869513,0.4212
2027-07-28 00:00:00.000869751,0.4128
2027-07-28 01:00:00.000869751,0.4128
2027-07-28 02:00:00.000869989,0.4128
2027-07-28 03:00:00.000869989,0.4128
2027-07-28 04:00:00.000870228,0.4128
2027-07-28 05:00:00.000870228,0.4128
2027-07-28 06:00:00.000870466,0.4128
2027-07-28 07:00:00.000870466,0.4128
2027-07-28 08:00:00.000870466,0.4128
2027-07-28 09:00:00.000870705,0.4128
2027-07-28 10:00:00.000870705,0.4128
2027-07-28 11:00:00.000870943,0.4128
2027-07-28 12:00:00.000870943,0.4128
2027-07-28 13:00:00.000871181,0.4128
2027-07-28 14:00:00.000871181,0.4128
2027-07-28 15:00:00.000871181,0.4128
2027-07-28 16:00:00.000871420,0.4128
2027-07-28 17:00:00.000871420,0.4128
2027-07-28 18:00:00.000871658,0.4128
2027-07-28 19:00:00.000871658,0.4128
2027-07-28 20:00:00.000871897,0.4128
2027-07-28 21:00:00.000871897,0.4128
2027-07-28 22:00:00.000872135,0.4128
2027-07-28 23:00:00.000872135,0.4128
2027-07-29 00:00:00.000872135,0.4045
2027-07-29 01:00:00.000872374,0.4045
2027-07-29 02:00:00.000872374,0.4045
2027-07-29 03:00:00.000872612,0.4045
2027-07-29 04:00:00.000872612,0.4045
2027-07-29 05:00:00.000872850,0.4045
2027-07-29 06:00:00.000872850,0.4045
2027-07-29 07:00:00.000873089,0.4045
2027-07-29 08:00:00.000873089,0.4045
2027-07-29 09:00:00.000873089,0.4045
2027-07-29 10:00:00.000873327,0.4045
2027-07-29 11:00:00.000873327,0.4045
2027-07-29 12:00:00.000873566,0.4045
2027-07-29 13:00:00.000873566,0.4045
2027-07-29 14:00:00.000873804,0.4045
2027-07-29 15:00:00.000873804,0.4045
2027-07-29 16:00:00.000873804,0.4045
2027-07-29 17:00:00.000874043,0.4045
2027-07-29 18:00:00.000874043,0.4045
2027-07-29 19:00:00.000874281,0.4045
2027-07-29 20:00:00.000874281,0.4045
2027-07-29 21:00:00.000874519,0.4045
2027-07-29 22:00:00.000874519,0.4045
2027-07-29 23:00:00.000874758,0.4045
2027-07-30 00:00:00.000874758,0.396
2027-07-30 01:00:00.000874758,0.396
2027-07-30 02:00:00.000874996,0.396
2027-07-30 03:00:00.000874996,0.396
2027-07-30 04:00:00.000875235,0.396
2027-07-30 05:00:00.000875235,0.396
2027-07-30 06:00:00.000875473,0.396
2027-07-30 07:00:00.000875473,0.396
2027-07-30 08:00:00.000875711,0.396
2027-07-30 09:00:00.000875711,0.396
2027-07-30 10:00:00.000875711,0.396
2027-07-30 11:00:00.000875950,0.396
2027-07-30 12:00:00.000875950,0.396
2027-07-30 13:00:00.000876188,0.396
2027-07-30 14:00:00.000876188,0.396
2027-07-30 15:00:00.000876427,0.396
2027-07-30 16:00:00.000876427,0.396
2027-07-30 17:00:00.000876427,0.396
2027-07-30 18:00:00.000876665,0.396
2027-07-30 19:00:00.000876665,0.396
2027-07-30 20:00:00.000876904,0.396
2027-07-30 21:00:00.000876904,0.396
2027-07-30 22:00:00.000877142,0.396
2027-07-30 23:00:00.000877142,0.396
2027-07-31 00:00:00.000877380,0.3877
2027-07-31 01:00:00.000877380,0.3877
2027-07-31 02:00:00.000877380,0.3877
2027-07-31 03:00:00.000877619,0.3877
2027-07-31 04:00:00.000877619,0.3877
2027-07-31 05:00:00.000877857,0.3877
2027-07-31 06:00:00.000877857,0.3877
2027-07-31 07:00:00.000878096,0.3877
2027-07-31 08:00:00.000878096,0.3877
2027-07-31 09:00:00.000878096,0.3877
2027-07-31 10:00:00.000878334,0.3877
2027-07-31 11:00:00.000878334,0.3877
2027-07-31 12:00:00.000878572,0.3877
2027-07-31 13:00:00.000878572,0.3877
2027-07-31 14:00:00.000878811,0.3877
2027-07-31 15:00:00.000878811,0.3877
2027-07-31 16:00:00.000879049,0.3877
2027-07-31 17:00:00.000879049,0.3877
2027-07-31 18:00:00.000879049,0.3877
2027-07-31 19:00:00.000879288,0.3877
2027-07-31 20:00:00.000879288,0.3877
2027-07-31 21:00:00.000879526,0.3877
2027-07-31 22:00:00.000879526,0.3877
2027-07-31 23:00:00.000879765,0.3877
2027-08-01 00:00:00.000879765,0.3793
2027-08-01 01:00:00.000880003,0.3793
2027-08-01 02:00:00.000880003,0.3793
2027-08-01 03:00:00.000880003,0.3793
2027-08-01 04:00:00.000880241,0.3793
2027-08-01 05:00:00.000880241,0.3793
2027-08-01 06:00:00.000880480,0.3793
2027-08-01 07:00:00.000880480,0.3793
2027-08-01 08:00:00.000880718,0.3793
2027-08-01 09:00:00.000880718,0.3793
2027-08-01 10:00:00.000880718,0.3793
2027-08-01 11:00:00.000880957,0.3793
2027-08-01 12:00:00.000880957,0.3793
2027-08-01 13:00:00.000881195,0.3793
2027-08-01 14:00:00.000881195,0.3793
2027-08-01 15:00:00.000881433,0.3793
2027-08-01 16:00:00.000881433,0.3793
2027-08-01 17:00:00.000881672,0.3793
2027-08-01 18:00:00.000881672,0.3793
2027-08-01 19:00:00.000881672,0.3793
2027-08-01 20:00:00.000881910,0.3793
2027-08-01 21:00:00.000881910,0.3793
2027-08-01 22:00:00.000882149,0.3793
2027-08-01 23:00:00.000882149,0.3793
2027-08-02 00:00:00.000882387,0.3709
2027-08-02 01:00:00.000882387,0.3709
2027-08-02 02:00:00.000882626,0.3709
2027-08-02 03:00:00.000882626,0.3709
2027-08-02 04:00:00.000882626,0.3709
2027-08-02 05:00:00.000882864,0.3709
2027-08-02 06:00:00.000882864,0.3709
2027-08-02 07:00:00.000883102,0.3709
2027-08-02 08:00:00.000883102,0.3709
2027-08-02 09:00:00.000883341,0.3709
2027-08-02 10:00:00.000883341,0.3709
2027-08-02 11:00:00.000883341,0.3709
2027-08-02 12:00:00.000883579,0.3709
2027-08-02 13:00:00.000883579,0.3709
2027-08-02 14:00:00.000883818,0.3709
2027-08-02 15:00:00.000883818,0.3709
2027-08-02 16:00:00.000884056,0.3709
2027-08-02 17:00:00.000884056,0.3709
2027-08-02 18:00:00.000884295,0.3709
2027-08-02 19:00:00.000884295,0.3709
2027-08-02 20:00:00.000884295,0.3709
2027-08-02 21:00:00.000884533,0.3709
2027-08-02 22:00:00.000884533,0.3709
2027-08-02 23:00:00.000884771,0.3709
2027-08-03 00:00:00.000884771,0.3626
2027-08-03 01:00:00.000885010,0.3626
2027-08-03 02:00:00.000885010,0.3626
2027-08-03 03:00:00.000885010,0.3626
2027-08-03 04:00:00.000885248,0.3626
2027-08-03 05:00:00.000885248,0.3626
2027-08-03 06:00:00.000885487,0.3626
2027-08-03 07:00:00.000885487,0.3626
2027-08-03 08:00:00.000885725,0.3626
2027-08-03 09:00:00.000885725,0.3626
2027-08-03 10:00:00.000885963,0.3626
2027-08-03 11:00:00.000885963,0.3626
2027-08-03 12:00:00.000885963,0.3626
2027-08-03 13:00:00.000886202,0.3626
2027-08-03 14:00:00.000886202,0.3626
2027-08-03 15:00:00.000886440,0.3626
2027-08-03 16:00:00.000886440,0.3626
2027-08-03 17:00:00.000886679,0.3626
2027-08-03 18:00:00.000886679,0.3626
2027-08-03 19:00:00.000886917,0.3626
2027-08-03 20:00:00.000886917,0.3626
2027-08-03 21:00:00.000886917,0.3626
2027-08-03 22:00:00.000887156,0.3626
2027-08-03 23:00:00.000887156,0.3626
2027-08-04 00:00:00.000887394,0.3541
2027-08-04 01:00:00.000887394,0.3541
2027-08-04 02:00:00.000887632,0.3541
2027-08-04 03:00:00.000887632,0.3541
2027-08-04 04:00:00.000887632,0.3541
2027-08-04 05:00:00.000887871,0.3541
2027-08-04 06:00:00.000887871,0.3541
2027-08-04 07:00:00.000888109,0.3541
2027-08-04 08:00:00.000888109,0.3541
2027-08-04 09:00:00.000888348,0.3541
2027-08-04 10:00:00.000888348,0.3541
2027-08-04 11:00:00.000888586,0.3541
2027-08-04 12:00:00.000888586,0.3541
2027-08-04 13:00:00.000888586,0.3541
2027-08-04 14:00:00.000888824,0.3541
2027-08-04 15:00:00.000888824,0.3541
2027-08-04 16:00:00.000889063,0.3541
2027-08-04 17:00:00.000889063,0.3541
2027-08-04 18:00:00.000889301,0.3541
2027-08-04 19:00:00.000889301,0.3541
2027-08-04 20:00:00.000889540,0.3541
2027-08-04 21:00:00.000889540,0.3541
2027-08-04 22:00:00.000889540,0.3541
2027-08-04 23:00:00.000889778,0.3541
2027-08-05 00:00:00.000889778,0.3458
2027-08-05 01:00:00.000890017,0.3458
2027-08-05 02:00:00.000890017,0.3458
2027-08-05 03:00:00.000890255,0.3458
2027-08-05 04:00:00.000890255,0.3458
2027-08-05 05:00:00.000890255,0.3458
2027-08-05 06:00:00.000890493,0.3458
2027-08-05 07:00:00.000890493,0.3458
2027-08-05 08:00:00.000890732,0.3458
2027-08-05 09:00:00.000890732,0.3458
2027-08-05 10:00:00.000890970,0.3458
2027-08-05 11:00:00.000890970,0.3458
2027-08-05 12:00:00.000891209,0.3458
2027-08-05 13:00:00.000891209,0.3458
2027-08-05 14:00:00.000891209,0.3458
2027-08-05 15:00:00.000891447,0.3458
2027-08-05 16:00:00.000891447,0.3458
2027-08-05 17:00:00.000891685,0.3458
2027-08-05 18:00:00.000891685,0.3458
2027-08-05 19:00:00.000891924,0.3458
2027-08-05 20:00:00.000891924,0.3458
2027-08-05 21:00:00.000892162,0.3458
2027-08-05 22:00:00.000892162,0.3458
2027-08-05 23:00:00.000892162,0.3458
2027-08-06 00:00:00.000892401,0.3374
2027-08-06 01:00:00.000892401,0.3374
2027-08-06 02:00:00.000892639,0.3374
2027-08-06 03:00:00.000892639,0.3374
2027-08-06 04:00:00.000892878,0.3374
2027-08-06 05:00:00.000892878,0.3374
2027-08-06 06:00:00.000892878,0.3374
2027-08-06 07:00:00.000893116,0.3374
2027-08-06 08:00:00.000893116,0.3374
2027-08-06 09:00:00.000893354,0.3374
2027-08-06 10:00:00.000893354,0.3374
2027-08-06 11:00:00.000893593,0.3374
2027-08-06 12:00:00.000893593,0.3374
2027-08-06 13:00:00.000893831,0.3374
2027-08-06 14:00:00.000893831,0.3374
2027-08-06 15:00:00.000893831,0.3374
2027-08-06 16:00:00.000894070,0.3374
2027-08-06 17:00:00.000894070,0.3374
2027-08-06 18:00:00.000894308,0.3374
2027-08-06 19:00:00.000894308,0.3374
2027-08-06 20:00:00.000894547,0.3374
2027-08-06 21:00:00.000894547,0.3374
2027-08-06 22:00:00.000894547,0.3374
2027-08-06 23:00:00.000894785,0.3374
2027-08-07 00:00:00.000894785,0.329
2027-08-07 01:00:00.000895023,0.329
2027-08-07 02:00:00.000895023,0.329
2027-08-07 03:00:00.000895262,0.329
2027-08-07 04:00:00.000895262,0.329
2027-08-07 05:00:00.000895500,0.329
2027-08-07 06:00:00.000895500,0.329
2027-08-07 07:00:00.000895500,0.329
2027-08-07 08:00:00.000895739,0.329
2027-08-07 09:00:00.000895739,0.329
2027-08-07 10:00:00.000895977,0.329
2027-08-07 11:00:00.000895977,0.329
2027-08-07 12:00:00.000896215,0.329
2027-08-07 13:00:00.000896215,0.329
2027-08-07 14:00:00.000896454,0.329
2027-08-07 15:00:00.000896454,0.329
2027-08-07 16:00:00.000896454,0.329
2027-08-07 17:00:00.000896692,0.329
2027-08-07 18:00:00.000896692,0.329
2027-08-07 19:00:00.000896931,0.329
2027-08-07 20:00:00.000896931,0.329
2027-08-07 21:00:00.000897169,0.329
2027-08-07 22:00:00.000897169,0.329
2027-08-07 23:00:00.000897169,0.329
2027-08-08 00:00:00.000897408,0.3207
2027-08-08 01:00:00.000897408,0.3207
2027-08-08 02:00:00.000897646,0.3207
2027-08-08 03:00:00.000897646,0.3207
2027-08-08 04:00:00.000897884,0.3207
2027-08-08 05:00:00.000897884,0.3207
2027-08-08 06:00:00.000898123,0.3207
2027-08-08 07:00:00.000898123,0.3207
2027-08-08 08:00:00.000898123,0.3207
2027-08-08 09:00:00.000898361,0.3207
2027-08-08 10:00:00.000898361,0.3207
2027-08-08 11:00:00.000898600,0.3207
2027-08-08 12:00:00.000898600,0.3207
2027-08-08 13:00:00.000898838,0.3207
2027-08-08 14:00:00.000898838,0.3207
2027-08-08 15:00:00.000899076,0.3207
2027-08-08 16:00:00.000899076,0.3207
2027-08-08 17:00:00.000899076,0.3207
2027-08-08 18:00:00.000899315,0.3207
2027-08-08 19:00:00.000899315,0.3207
2027-08-08 20:00:00.000899553,0.3207
2027-08-08 21:00:00.000899553,0.3207
2027-08-08 22:00:00.000899792,0.3207
2027-08-08 23:00:00.000899792,0.3207
2027-08-09 00:00:00.000899792,0.3122
2027-08-09 01:00:00.000900030,0.3122
2027-08-09 02:00:00.000900030,0.3122
2027-08-09 03:00:00.000900269,0.3122
2027-08-09 04:00:00.000900269,0.3122
2027-08-09 05:00:00.000900507,0.3122
2027-08-09 06:00:00.000900507,0.3122
2027-08-09 07:00:00.000900745,0.3122
2027-08-09 08:00:00.000900745,0.3122
2027-08-09 09:00:00.000900745,0.3122
2027-08-09 10:00:00.000900984,0.3122
2027-08-09 11:00:00.000900984,0.3122
2027-08-09 12:00:00.000901222,0.3122
2027-08-09 13:00:00.000901222,0.3122
2027-08-09 14:00:00.000901461,0.3122
2027-08-09 15:00:00.000901461,0.3122
2027-08-09 16:00:00.000901461,0.3122
2027-08-09 17:00:00.000901699,0.3122
2027-08-09 18:00:00.000901699,0.3122
2027-08-09 19:00:00.000901937,0.3122
2027-08-09 20:00:00.000901937,0.3122
2027-08-09 21:00:00.000902176,0.3122
2027-08-09 22:00:00.000902176,0.3122
2027-08-09 23:00:00.000902414,0.3122
2027-08-10 00:00:00.000902414,0.3039
2027-08-10 01:00:00.000902414,0.3039
2027-08-10 02:00:00.000902653,0.3039
2027-08-10 03:00:00.000902653,0.3039
2027-08-10 04:00:00.000902891,0.3039
2027-08-10 05:00:00.000902891,0.3039
2027-08-10 06:00:00.000903130,0.3039
2027-08-10 07:00:00.000903130,0.3039
2027-08-10 08:00:00.000903368,0.3039
2027-08-10 09:00:00.000903368,0.3039
2027-08-10 10:00:00.000903368,0.3039
2027-08-10 11:00:00.000903606,0.3039
2027-08-10 12:00:00.000903606,0.3039
2027-08-10 13:00:00.000903845,0.3039
2027-08-10 14:00:00.000903845,0.3039
2027-08-10 15:00:00.000904083,0.3039
2027-08-10 16:00:00.000904083,0.3039
2027-08-10 17:00:00.000904083,0.3039
2027-08-10 18:00:00.000904322,0.3039
2027-08-10 19:00:00.000904322,0.3039
2027-08-10 20:00:00.000904560,0.3039
2027-08-10 21:00:00.000904560,0.3039
2027-08-10 22:00:00.000904799,0.3039
2027-08-10 23:00:00.000904799,0.3039
2027-08-11 00:00:00.000905037,0.2955
2027-08-11 01:00:00.000905037,0.2955
2027-08-11 02:00:00.000905037,0.2955
2027-08-11 03:00:00.000905275,0.2955
2027-08-11 04:00:00.000905275,0.2955
2027-08-11 05:00:00.000905514,0.2955
2027-08-11 06:00:00.000905514,0.2955
2027-08-11 07:00:00.000905752,0.2955
2027-08-11 08:00:00.000905752,0.2955
2027-08-11 09:00:00.000905991,0.2955
2027-08-11 10:00:00.000905991,0.2955
2027-08-11 11:00:00.000905991,0.2955
2027-08-11 12:00:00.000906229,0.2955
2027-08-11 13:00:00.000906229,0.2955
2027-08-11 14:00:00.000906467,0.2955
2027-08-11 15:00:00.000906467,0.2955
2027-08-11 16:00:00.000906706,0.2955
2027-08-11 17:00:00.000906706,0.2955
2027-08-11 18:00:00.000906706,0.2955
2027-08-11 19:00:00.000906944,0.2955
2027-08-11 20:00:00.000906944,0.2955
2027-08-11 21:00:00.000907183,0.2955
2027-08-11 22:00:00.000907183,0.2955
2027-08-11 23:00:00.000907421,0.2955
2027-08-12 00:00:00.000907421,0.2871
2027-08-12 01:00:00.000907660,0.2871
2027-08-12 02:00:00.000907660,0.2871
2027-08-12 03:00:00.000907660,0.2871
2027-08-12 04:00:00.000907898,0.2871
2027-08-12 05:00:00.000907898,0.2871
2027-08-12 06:00:00.000908136,0.2871
2027-08-12 07:00:00.000908136,0.2871
2027-08-12 08:00:00.000908375,0.2871
2027-08-12 09:00:00.000908375,0.2871
2027-08-12 10:00:00.000908375,0.2871
2027-08-12 11:00:00.000908613,0.2871
2027-08-12 12:00:00.000908613,0.2871
2027-08-12 13:00:00.000908852,0.2871
2027-08-12 14:00:00.000908852,0.2871
2027-08-12 15:00:00.000909090,0.2871
2027-08-12 16:00:00.000909090,0.2871
2027-08-12 17:00:00.000909328,0.2871
2027-08-12 18:00:00.000909328,0.2871
2027-08-12 19:00:00.000909328,0.2871
2027-08-12 20:00:00.000909567,0.2871
2027-08-12 21:00:00.000909567,0.2871
2027-08-12 22:00:00.000909805,0.2871
2027-08-12 23:00:00.000909805,0.2871
2027-08-13 00:00:00.000910044,0.2788
2027-08-13 01:00:00.000910044,0.2788
2027-08-13 02:00:00.000910282,0.2788
2027-08-13 03:00:00.000910282,0.2788
2027-08-13 04:00:00.000910282,0.2788
2027-08-13 05:00:00.000910521,0.2788
2027-08-13 06:00:00.000910521,0.2788
2027-08-13 07:00:00.000910759,0.2788
2027-08-13 08:00:00.000910759,0.2788
2027-08-13 09:00:00.000910997,0.2788
2027-08-13 10:00:00.000910997,0.2788
2027-08-13 11:00:00.000910997,0.2788
2027-08-13 12:00:00.000911236,0.2788
2027-08-13 13:00:00.000911236,0.2788
2027-08-13 14:00:00.000911474,0.2788
2027-08-13 15:00:00.000911474,0.2788
2027-08-13 16:00:00.000911713,0.2788
2027-08-13 17:00:00.000911713,0.2788
2027-08-13 18:00:00.000911951,0.2788
2027-08-13 19:00:00.000911951,0.2788
2027-08-13 20:00:00.000911951,0.2788
2027-08-13 21:00:00.000912189,0.2788
2027-08-13 22:00:00.000912189,0.2788
2027-08-13 23:00:00.000912428,0.2788
2027-08-14 00:00:00.000912428,0.2704
2027-08-14 01:00:00.000912666,0.2704
2027-08-14 02:00:00.000912666,0.2704
2027-08-14 03:00:00.000912905,0.2704
2027-08-14 04:00:00.000912905,0.2704
2027-08-14 05:00:00.000912905,0.2704
2027-08-14 06:00:00.000913143,0.2704
2027-08-14 07:00:00.000913143,0.2704
2027-08-14 08:00:00.000913382,0.2704
2027-08-14 09:00:00.000913382,0.2704
2027-08-14 10:00:00.000913620,0.2704
2027-08-14 11:00:00.000913620,0.2704
2027-08-14 12:00:00.000913620,0.2704
2027-08-14 13:00:00.000913858,0.2704
2027-08-14 14:00:00.000913858,0.2704
2027-08-14 15:00:00.000914097,0.2704
2027-08-14 16:00:00.000914097,0.2704
2027-08-14 17:00:00.000914335,0.2704
2027-08-14 18:00:00.000914335,0.2704
2027-08-14 19:00:00.000914574,0.2704
2027-08-14 20:00:00.000914574,0.2704
2027-08-14 21:00:00.000914574,0.2704
2027-08-14 22:00:00.000914812,0.2704
2027-08-14 23:00:00.000914812,0.2704
2027-08-15 00:00:00.000915051,0.262
2027-08-15 01:00:00.000915051,0.262
2027-08-15 02:00:00.000915289,0.262
2027-08-15 03:00:00.000915289,0.262
2027-08-15 04:00:00.000915527,0.262
2027-08-15 05:00:00.000915527,0.262
2027-08-15 06:00:00.000915527,0.262
2027-08-15 07:00:00.000915766,0.262
2027-08-15 08:00:00.000915766,0.262
2027-08-15 09:00:00.000916004,0.262
2027-08-15 10:00:00.000916004,0.262
2027-08-15 11:00:00.000916243,0.262
2027-08-15 12:00:00.000916243,0.262
2027-08-15 13:00:00.000916243,0.262
2027-08-15 14:00:00.000916481,0.262
2027-08-15 15:00:00.000916481,0.262
2027-08-15 16:00:00.000916719,0.262
2027-08-15 17:00:00.000916719,0.262
2027-08-15 18:00:00.000916958,0.262
2027-08-15 19:00:00.000916958,0.262
2027-08-15 20:00:00.000917196,0.262
2027-08-15 21:00:00.000917196,0.262
2027-08-15 22:00:00.000917196,0.262
2027-08-15 23:00:00.000917435,0.262
2027-08-16 00:00:00.000917435,0.2536
2027-08-16 01:00:00.000917673,0.2536
2027-08-16 02:00:00.000917673,0.2536
2027-08-16 03:00:00.000917912,0.2536
2027-08-16 04:00:00.000917912,0.2536
2027-08-16 05:00:00.000917912,0.2536
2027-08-16 06:00:00.000918150,0.2536
2027-08-16 07:00:00.000918150,0.2536
2027-08-16 08:00:00.000918388,0.2536
2027-08-16 09:00:00.000918388,0.2536
2027-08-16 10:00:00.000918627,0.2536
2027-08-16 11:00:00.000918627,0.2536
2027-08-16 12:00:00.000918865,0.2536
2027-08-16 13:00:00.000918865,0.2536
2027-08-16 14:00:00.000918865,0.2536
2027-08-16 15:00:00.000919104,0.2536
2027-08-16 16:00:00.000919104,0.2536
2027-08-16 17:00:00.000919342,0.2536
2027-08-16 18:00:00.000919342,0.2536
2027-08-16 19:00:00.000919580,0.2536
2027-08-16 20:00:00.000919580,0.2536
2027-08-16 21:00:00.000919819,0.2536
2027-08-16 22:00:00.000919819,0.2536
2027-08-16 23:00:00.000919819,0.2536
2027-08-17 00:00:00.000920057,0.2452
2027-08-17 01:00:00.000920057,0.2452
2027-08-17 02:00:00.000920296,0.2452
2027-08-17 03:00:00.000920296,0.2452
2027-08-17 04:00:00.000920534,0.2452
2027-08-17 05:00:00.000920534,0.2452
2027-08-17 06:00:00.000920534,0.2452
2027-08-17 07:00:00.000920773,0.2452
2027-08-17 08:00:00.000920773,0.2452
2027-08-17 09:00:00.000921011,0.2452
2027-08-17 10:00:00.000921011,0.2452
2027-08-17 11:00:00.000921249,0.2452
2027-08-17 12:00:00.000921249,0.2452
2027-08-17 13:00:00.000921488,0.2452
2027-08-17 14:00:00.000921488,0.2452
2027-08-17 15:00:00.000921488,0.2452
2027-08-17 16:00:00.000921726,0.2452
2027-08-17 17:00:00.000921726,0.2452
2027-08-17 18:00:00.000921965,0.2452
2027-08-17 19:00:00.000921965,0.2452
2027-08-17 20:00:00.000922203,0.2452
2027-08-17 21:00:00.000922203,0.2452
2027-08-17 22:00:00.000922441,0.2452
2027-08-17 23:00:00.000922441,0.2452
2027-08-18 00:00:00.000922441,0.2368
2027-08-18 01:00:00.000922680,0.2368
2027-08-18 02:00:00.000922680,0.2368
2027-08-18 03:00:00.000922918,0.2368
2027-08-18 04:00:00.000922918,0.2368
2027-08-18 05:00:00.000923157,0.2368
2027-08-18 06:00:00.000923157,0.2368
2027-08-18 07:00:00.000923157,0.2368
2027-08-18 08:00:00.000923395,0.2368
2027-08-18 09:00:00.000923395,0.2368
2027-08-18 10:00:00.000923634,0.2368
2027-08-18 11:00:00.000923634,0.2368
2027-08-18 12:00:00.000923872,0.2368
2027-08-18 13:00:00.000923872,0.2368
2027-08-18 14:00:00.000924110,0.2368
2027-08-18 15:00:00.000924110,0.2368
2027-08-18 16:00:00.000924110,0.2368
2027-08-18 17:00:00.000924349,0.2368
2027-08-18 18:00:00.000924349,0.2368
2027-08-18 19:00:00.000924587,0.2368
2027-08-18 20:00:00.000924587,0.2368
2027-08-18 21:00:00.000924826,0.2368
2027-08-18 22:00:00.000924826,0.2368
2027-08-18 23:00:00.000924826,0.2368
2027-08-19 00:00:00.000925064,0.2285
2027-08-19 01:00:00.000925064,0.2285
2027-08-19 02:00:00.000925303,0.2285
2027-08-19 03:00:00.000925303,0.2285
2027-08-19 04:00:00.000925541,0.2285
2027-08-19 05:00:00.000925541,0.2285
2027-08-19 06:00:00.000925779,0.2285
2027-08-19 07:00:00.000925779,0.2285
2027-08-19 08:00:00.000925779,0.2285
2027-08-19 09:00:00.000926018,0.2285
2027-08-19 10:00:00.000926018,0.2285
2027-08-19 11:00:00.000926256,0.2285
2027-08-19 12:00:00.000926256,0.2285
2027-08-19 13:00:00.000926495,0.2285
2027-08-19 14:00:00.000926495,0.2285
2027-08-19 15:00:00.000926733,0.2285
2027-08-19 16:00:00.000926733,0.2285
2027-08-19 17:00:00.000926733,0.2285
2027-08-19 18:00:00.000926971,0.2285
2027-08-19 19:00:00.000926971,0.2285
2027-08-19 20:00:00.000927210,0.2285
2027-08-19 21:00:00.000927210,0.2285
2027-08-19 22:00:00.000927448,0.2285
2027-08-19 23:00:00.000927448,0.2285
2027-08-20 00:00:00.000927448,0.2201
2027-08-20 01:00:00.000927687,0.2201
2027-08-20 02:00:00.000927687,0.2201
2027-08-20 03:00:00.000927925,0.2201
2027-08-20 04:00:00.000927925,0.2201
2027-08-20 05:00:00.000928164,0.2201
2027-08-20 06:00:00.000928164,0.2201
2027-08-20 07:00:00.000928402,0.2201
2027-08-20 08:00:00.000928402,0.2201
2027-08-20 09:00:00.000928402,0.2201
2027-08-20 10:00:00.000928640,0.2201
2027-08-20 11:00:00.000928640,0.2201
2027-08-20 12:00:00.000928879,0.2201
2027-08-20 13:00:00.000928879,0.2201
2027-08-20 14:00:00.000929117,0.2201
2027-08-20 15:00:00.000929117,0.2201
2027-08-20 16:00:00.000929356,0.2201
2027-08-20 17:00:00.000929356,0.2201
2027-08-20 18:00:00.000929356,0.2201
2027-08-20 19:00:00.000929594,0.2201
2027-08-20 20:00:00.000929594,0.2201
2027-08-20 21:00:00.000929832,0.2201
2027-08-20 22:00:00.000929832,0.2201
2027-08-20 23:00:00.000930071,0.2201
2027-08-21 00:00:00.000930071,0.2117
2027-08-21 01:00:00.000930071,0.2117
2027-08-21 02:00:00.000930309,0.2117
2027-08-21 03:00:00.000930309,0.2117
2027-08-21 04:00:00.000930548,0.2117
2027-08-21 05:00:00.000930548,0.2117
2027-08-21 06:00:00.000930786,0.2117
2027-08-21 07:00:00.000930786,0.2117
2027-08-21 08:00:00.000931025,0.2117
2027-08-21 09:00:00.000931025,0.2117
2027-08-21 10:00:00.000931025,0.2117
2027-08-21 11:00:00.000931263,0.2117
2027-08-21 12:00:00.000931263,0.2117
2027-08-21 13:00:00.000931501,0.2117
2027-08-21 14:00:00.000931501,0.2117
2027-08-21 15:00:00.000931740,0.2117
2027-08-21 16:00:00.000931740,0.2117
2027-08-21 17:00:00.000931740,0.2117
2027-08-21 18:00:00.000931978,0.2117
2027-08-21 19:00:00.000931978,0.2117
2027-08-21 20:00:00.000932217,0.2117
2027-08-21 21:00:00.000932217,0.2117
2027-08-21 22:00:00.000932455,0.2117
2027-08-21 23:00:00.000932455,0.2117
2027-08-22 00:00:00.000932693,0.2033
2027-08-22 01:00:00.000932693,0.2033
2027-08-22 02:00:00.000932693,0.2033
2027-08-22 03:00:00.000932932,0.2033
2027-08-22 04:00:00.000932932,0.2033
2027-08-22 05:00:00.000933170,0.2033
2027-08-22 06:00:00.000933170,0.2033
2027-08-22 07:00:00.000933409,0.2033
2027-08-22 08:00:00.000933409,0.2033
2027-08-22 09:00:00.000933647,0.2033
2027-08-22 10:00:00.000933647,0.2033
2027-08-22 11:00:00.000933647,0.2033
2027-08-22 12:00:00.000933886,0.2033
2027-08-22 13:00:00.000933886,0.2033
2027-08-22 14:00:00.000934124,0.2033
2027-08-22 15:00:00.000934124,0.2033
2027-08-22 16:00:00.000934362,0.2033
2027-08-22 17:00:00.000934362,0.2033
2027-08-22 18:00:00.000934362,0.2033
2027-08-22 19:00:00.000934601,0.2033
2027-08-22 20:00:00.000934601,0.2033
2027-08-22 21:00:00.000934839,0.2033
2027-08-22 22:00:00.000934839,0.2033
2027-08-22 23:00:00.000935078,0.2033
2027-08-23 00:00:00.000935078,0.1949
2027-08-23 01:00:00.000935316,0.1949
2027-08-23 02:00:00.000935316,0.1949
2027-08-23 03:00:00.000935316,0.1949
2027-08-23 04:00:00.000935555,0.1949
2027-08-23 05:00:00.000935555,0.1949
2027-08-23 06:00:00.000935793,0.1949
2027-08-23 07:00:00.000935793,0.1949
2027-08-23 08:00:00.000936031,0.1949
2027-08-23 09:00:00.000936031,0.1949
2027-08-23 10:00:00.000936270,0.1949
2027-08-23 11:00:00.000936270,0.1949
2027-08-23 12:00:00.000936270,0.1949
2027-08-23 13:00:00.000936508,0.1949
2027-08-23 14:00:00.000936508,0.1949
2027-08-23 15:00:00.000936747,0.1949
2027-08-23 16:00:00.000936747,0.1949
2027-08-23 17:00:00.000936985,0.1949
2027-08-23 18:00:00.000936985,0.1949
2027-08-23 19:00:00.000936985,0.1949
2027-08-23 20:00:00.000937223,0.1949
2027-08-23 21:00:00.000937223,0.1949
2027-08-23 22:00:00.000937462,0.1949
2027-08-23 23:00:00.000937462,0.1949
2027-08-24 00:00:00.000937700,0.1866
2027-08-24 01:00:00.000937700,0.1866
2027-08-24 02:00:00.000937939,0.1866
2027-08-24 03:00:00.000937939,0.1866
2027-08-24 04:00:00.000937939,0.1866
2027-08-24 05:00:00.000938177,0.1866
2027-08-24 06:00:00.000938177,0.1866
2027-08-24 07:00:00.000938416,0.1866
2027-08-24 08:00:00.000938416,0.1866
2027-08-24 09:00:00.000938654,0.1866
2027-08-24 10:00:00.000938654,0.1866
2027-08-24 11:00:00.000938892,0.1866
2027-08-24 12:00:00.000938892,0.1866
2027-08-24 13:00:00.000938892,0.1866
2027-08-24 14:00:00.000939131,0.1866
2027-08-24 15:00:00.000939131,0.1866
2027-08-24 16:00:00.000939369,0.1866
2027-08-24 17:00:00.000939369,0.1866
2027-08-24 18:00:00.000939608,0.1866
2027-08-24 19:00:00.000939608,0.1866
2027-08-24 20:00:00.000939608,0.1866
2027-08-24 21:00:00.000939846,0.1866
2027-08-24 22:00:00.000939846,0.1866
2027-08-24 23:00:00.000940084,0.1866
2027-08-25 00:00:00.000940084,0.1782
2027-08-25 01:00:00.000940323,0.1782
2027-08-25 02:00:00.000940323,0.1782
2027-08-25 03:00:00.000940561,0.1782
2027-08-25 04:00:00.000940561,0.1782
2027-08-25 05:00:00.000940561,0.1782
2027-08-25 06:00:00.000940800,0.1782
2027-08-25 07:00:00.000940800,0.1782
2027-08-25 08:00:00.000941038,0.1782
2027-08-25 09:00:00.000941038,0.1782
2027-08-25 10:00:00.000941277,0.1782
2027-08-25 11:00:00.000941277,0.1782
2027-08-25 12:00:00.000941277,0.1782
2027-08-25 13:00:00.000941515,0.1782
2027-08-25 14:00:00.000941515,0.1782
2027-08-25 15:00:00.000941753,0.1782
2027-08-25 16:00:00.000941753,0.1782
2027-08-25 17:00:00.000941992,0.1782
2027-08-25 18:00:00.000941992,0.1782
2027-08-25 19:00:00.000942230,0.1782
2027-08-25 20:00:00.000942230,0.1782
2027-08-25 21:00:00.000942230,0.1782
2027-08-25 22:00:00.000942469,0.1782
2027-08-25 23:00:00.000942469,0.1782
2027-08-26 00:00:00.000942707,0.1698
2027-08-26 01:00:00.000942707,0.1698
2027-08-26 02:00:00.000942945,0.1698
2027-08-26 03:00:00.000942945,0.1698
2027-08-26 04:00:00.000943184,0.1698
2027-08-26 05:00:00.000943184,0.1698
2027-08-26 06:00:00.000943184,0.1698
2027-08-26 07:00:00.000943422,0.1698
2027-08-26 08:00:00.000943422,0.1698
2027-08-26 09:00:00.000943661,0.1698
2027-08-26 10:00:00.000943661,0.1698
2027-08-26 11:00:00.000943899,0.1698
2027-08-26 12:00:00.000943899,0.1698
2027-08-26 13:00:00.000943899,0.1698
2027-08-26 14:00:00.000944138,0.1698
2027-08-26 15:00:00.000944138,0.1698
2027-08-26 16:00:00.000944376,0.1698
2027-08-26 17:00:00.000944376,0.1698
2027-08-26 18:00:00.000944614,0.1698
2027-08-26 19:00:00.000944614,0.1698
2027-08-26 20:00:00.000944853,0.1698
2027-08-26 21:00:00.000944853,0.1698
2027-08-26 22:00:00.000944853,0.1698
2027-08-26 23:00:00.000945091,0.1698
2027-08-27 00:00:00.000945091,0.1615
2027-08-27 01:00:00.000945330,0.1615
2027-08-27 02:00:00.000945330,0.1615
2027-08-27 03:00:00.000945568,0.1615
2027-08-27 04:00:00.000945568,0.1615
2027-08-27 05:00:00.000945807,0.1615
2027-08-27 06:00:00.000945807,0.1615
2027-08-27 07:00:00.000945807,0.1615
2027-08-27 08:00:00.000946045,0.1615
2027-08-27 09:00:00.000946045,0.1615
2027-08-27 10:00:00.000946283,0.1615
2027-08-27 11:00:00.000946283,0.1615
2027-08-27 12:00:00.000946522,0.1615
2027-08-27 13:00:00.000946522,0.1615
2027-08-27 14:00:00.000946522,0.1615
2027-08-27 15:00:00.000946760,0.1615
2027-08-27 16:00:00.000946760,0.1615
2027-08-27 17:00:00.000946999,0.1615
2027-08-27 18:00:00.000946999,0.1615
2027-08-27 19:00:00.000947237,0.1615
2027-08-27 20:00:00.000947237,0.1615
2027-08-27 21:00:00.000947475,0.1615
2027-08-27 22:00:00.000947475,0.1615
2027-08-27 23:00:00.000947475,0.1615
2027-08-28 00:00:00.000947714,0.153
2027-08-28 01:00:00.000947714,0.153
2027-08-28 02:00:00.000947952,0.153
2027-08-28 03:00:00.000947952,0.153
2027-08-28 04:00:00.000948191,0.153
2027-08-28 05:00:00.000948191,0.153
2027-08-28 06:00:00.000948191,0.153
2027-08-28 07:00:00.000948429,0.153
2027-08-28 08:00:00.000948429,0.153
2027-08-28 09:00:00.000948668,0.153
2027-08-28 10:00:00.000948668,0.153
2027-08-28 11:00:00.000948906,0.153
2027-08-28 12:00:00.000948906,0.153
2027-08-28 13:00:00.000949144,0.153
2027-08-28 14:00:00.000949144,0.153
2027-08-28 15:00:00.000949144,0.153
2027-08-28 16:00:00.000949383,0.153
2027-08-28 17:00:00.000949383,0.153
2027-08-28 18:00:00.000949621,0.153
2027-08-28 19:00:00.000949621,0.153
2027-08-28 20:00:00.000949860,0.153
2027-08-28 21:00:00.000949860,0.153
2027-08-28 22:00:00.000950098,0.153
2027-08-28 23:00:00.000950098,0.153
2027-08-29 00:00:00.000950098,0.1447
2027-08-29 01:00:00.000950336,0.1447
2027-08-29 02:00:00.000950336,0.1447
2027-08-29 03:00:00.000950575,0.1447
2027-08-29 04:00:00.000950575,0.1447
2027-08-29 05:00:00.000950813,0.1447
2027-08-29 06:00:00.000950813,0.1447
2027-08-29 07:00:00.000950813,0.1447
2027-08-29 08:00:00.000951052,0.1447
2027-08-29 09:00:00.000951052,0.1447
2027-08-29 10:00:00.000951290,0.1447
2027-08-29 11:00:00.000951290,0.1447
2027-08-29 12:00:00.000951529,0.1447
2027-08-29 13:00:00.000951529,0.1447
2027-08-29 14:00:00.000951767,0.1447
2027-08-29 15:00:00.000951767,0.1447
2027-08-29 16:00:00.000951767,0.1447
2027-08-29 17:00:00.000952005,0.1447
2027-08-29 18:00:00.000952005,0.1447
2027-08-29 19:00:00.000952244,0.1447
2027-08-29 20:00:00.000952244,0.1447
2027-08-29 21:00:00.000952482,0.1447
2027-08-29 22:00:00.000952482,0.1447
2027-08-29 23:00:00.000952721,0.1447
2027-08-30 00:00:00.000952721,0.1362
2027-08-30 01:00:00.000952721,0.1362
2027-08-30 02:00:00.000952959,0.1362
2027-08-30 03:00:00.000952959,0.1362
2027-08-30 04:00:00.000953197,0.1362
2027-08-30 05:00:00.000953197,0.1362
2027-08-30 06:00:00.000953436,0.1362
2027-08-30 07:00:00.000953436,0.1362
2027-08-30 08:00:00.000953436,0.1362
2027-08-30 09:00:00.000953674,0.1362
2027-08-30 10:00:00.000953674,0.1362
2027-08-30 11:00:00.000953913,0.1362
2027-08-30 12:00:00.000953913,0.1362
2027-08-30 13:00:00.000954151,0.1362
2027-08-30 14:00:00.000954151,0.1362
2027-08-30 15:00:00.000954390,0.1362
2027-08-30 16:00:00.000954390,0.1362
2027-08-30 17:00:00.000954390,0.1362
2027-08-30 18:00:00.000954628,0.1362
2027-08-30 19:00:00.000954628,0.1362
2027-08-30 20:00:00.000954866,0.1362
2027-08-30 21:00:00.000954866,0.1362
2027-08-30 22:00:00.000955105,0.1362
2027-08-30 23:00:00.000955105,0.1362
2027-08-31 00:00:00.000955105,0.1279
2027-08-31 01:00:00.000955343,0.1279
2027-08-31 02:00:00.000955343,0.1279
2027-08-31 03:00:00.000955582,0.1279
2027-08-31 04:00:00.000955582,0.1279
2027-08-31 05:00:00.000955820,0.1279
2027-08-31 06:00:00.000955820,0.1279
2027-08-31 07:00:00.000956059,0.1279
2027-08-31 08:00:00.000956059,0.1279
2027-08-31 09:00:00.000956059,0.1279
2027-08-31 10:00:00.000956297,0.1279
2027-08-31 11:00:00.000956297,0.1279
2027-08-31 12:00:00.000956535,0.1279
2027-08-31 13:00:00.000956535,0.1279
2027-08-31 14:00:00.000956774,0.1279
2027-08-31 15:00:00.000956774,0.1279
2027-08-31 16:00:00.000957012,0.1279
2027-08-31 17:00:00.000957012,0.1279
2027-08-31 18:00:00.000957012,0.1279
2027-08-31 19:00:00.000957251,0.1279
2027-08-31 20:00:00.000957251,0.1279
2027-08-31 21:00:00.000957489,0.1279
2027-08-31 22:00:00.000957489,0.1279
2027-08-31 23:00:00.000957727,0.1279
2027-09-01 00:00:00.000957727,0.1196
2027-09-01 01:00:00.000957727,0.1196
2027-09-01 02:00:00.000957966,0.1196
2027-09-01 03:00:00.000957966,0.1196
2027-09-01 04:00:00.000958204,0.1196
2027-09-01 05:00:00.000958204,0.1196
2027-09-01 06:00:00.000958443,0.1196
2027-09-01 07:00:00.000958443,0.1196
2027-09-01 08:00:00.000958681,0.1196
2027-09-01 09:00:00.000958681,0.1196
2027-09-01 10:00:00.000958681,0.1196
2027-09-01 11:00:00.000958920,0.1196
2027-09-01 12:00:00.000958920,0.1196
2027-09-01 13:00:00.000959158,0.1196
2027-09-01 14:00:00.000959158,0.1196
2027-09-01 15:00:00.000959396,0.1196
2027-09-01 16:00:00.000959396,0.1196
2027-09-01 17:00:00.000959635,0.1196
2027-09-01 18:00:00.000959635,0.1196
2027-09-01 19:00:00.000959635,0.1196
2027-09-01 20:00:00.000959873,0.1196
2027-09-01 21:00:00.000959873,0.1196
2027-09-01 22:00:00.000960112,0.1196
2027-09-01 23:00:00.000960112,0.1196
2027-09-02 00:00:00.000960350,0.1111
2027-09-02 01:00:00.000960350,0.1111
2027-09-02 02:00:00.000960350,0.1111
2027-09-02 03:00:00.000960588,0.1111
2027-09-02 04:00:00.000960588,0.1111
2027-09-02 05:00:00.000960827,0.1111
2027-09-02 06:00:00.000960827,0.1111
2027-09-02 07:00:00.000961065,0.1111
2027-09-02 08:00:00.000961065,0.1111
2027-09-02 09:00:00.000961304,0.1111
2027-09-02 10:00:00.000961304,0.1111
2027-09-02 11:00:00.000961304,0.1111
2027-09-02 12:00:00.000961542,0.1111
2027-09-02 13:00:00.000961542,0.1111
2027-09-02 14:00:00.000961781,0.1111
2027-09-02 15:00:00.000961781,0.1111
2027-09-02 16:00:00.000962019,0.1111
2027-09-02 17:00:00.000962019,0.1111
2027-09-02 18:00:00.000962019,0.1111
2027-09-02 19:00:00.000962257,0.1111
2027-09-02 20:00:00.000962257,0.1111
2027-09-02 21:00:00.000962496,0.1111
2027-09-02 22:00:00.000962496,0.1111
2027-09-02 23:00:00.000962734,0.1111
2027-09-03 00:00:00.000962734,0.1028
2027-09-03 01:00:00.000962973,0.1028
2027-09-03 02:00:00.000962973,0.1028
2027-09-03 03:00:00.000962973,0.1028
2027-09-03 04:00:00.000963211,0.1028
2027-09-03 05:00:00.000963211,0.1028
2027-09-03 06:00:00.000963449,0.1028
2027-09-03 07:00:00.000963449,0.1028
2027-09-03 08:00:00.000963688,0.1028
2027-09-03 09:00:00.000963688,0.1028
2027-09-03 10:00:00.000963926,0.1028
2027-09-03 11:00:00.000963926,0.1028
2027-09-03 12:00:00.000963926,0.1028
2027-09-03 13:00:00.000964165,0.1028
2027-09-03 14:00:00.000964165,0.1028
2027-09-03 15:00:00.000964403,0.1028
2027-09-03 16:00:00.000964403,0.1028
2027-09-03 17:00:00.000964642,0.1028
2027-09-03 18:00:00.000964642,0.1028
2027-09-03 19:00:00.000964642,0.1028
2027-09-03 20:00:00.000964880,0.1028
2027-09-03 21:00:00.000964880,0.1028
2027-09-03 22:00:00.000965118,0.1028
2027-09-03 23:00:00.000965118,0.1028
2027-09-04 00:00:00.000965357,0.0944
2027-09-04 01:00:00.000965357,0.0944
2027-09-04 02:00:00.000965595,0.0944
2027-09-04 03:00:00.000965595,0.0944
2027-09-04 04:00:00.000965595,0.0944
2027-09-04 05:00:00.000965834,0.0944
2027-09-04 06:00:00.000965834,0.0944
2027-09-04 07:00:00.000966072,0.0944
2027-09-04 08:00:00.000966072,0.0944
2027-09-04 09:00:00.000966311,0.0944
2027-09-04 10:00:00.000966311,0.0944
2027-09-04 11:00:00.000966549,0.0944
2027-09-04 12:00:00.000966549,0.0944
2027-09-04 13:00:00.000966549,0.0944
2027-09-04 14:00:00.000966787,0.0944
2027-09-04 15:00:00.000966787,0.0944
2027-09-04 16:00:00.000967026,0.0944
2027-09-04 17:00:00.000967026,0.0944
2027-09-04 18:00:00.000967264,0.0944
2027-09-04 19:00:00.000967264,0.0944
2027-09-04 20:00:00.000967264,0.0944
2027-09-04 21:00:00.000967503,0.0944
2027-09-04 22:00:00.000967503,0.0944
2027-09-04 23:00:00.000967741,0.0944
2027-09-05 00:00:00.000967741,0.086
2027-09-05 01:00:00.000967979,0.086
2027-09-05 02:00:00.000967979,0.086
2027-09-05 03:00:00.000968218,0.086
2027-09-05 04:00:00.000968218,0.086
2027-09-05 05:00:00.000968218,0.086
2027-09-05 06:00:00.000968456,0.086
2027-09-05 07:00:00.000968456,0.086
2027-09-05 08:00:00.000968695,0.086
2027-09-05 09:00:00.000968695,0.086
2027-09-05 10:00:00.000968933,0.086
2027-09-05 11:00:00.000968933,0.086
2027-09-05 12:00:00.000969172,0.086
2027-09-05 13:00:00.000969172,0.086
2027-09-05 14:00:00.000969172,0.086
2027-09-05 15:00:00.000969410,0.086
2027-09-05 16:00:00.000969410,0.086
2027-09-05 17:00:00.000969648,0.086
2027-09-05 18:00:00.000969648,0.086
2027-09-05 19:00:00.000969887,0.086
2027-09-05 20:00:00.000969887,0.086
2027-09-05 21:00:00.000969887,0.086
2027-09-05 22:00:00.000970125,0.086
2027-09-05 23:00:00.000970125,0.086
2027-09-06 00:00:00.000970364,0.0776
2027-09-06 01:00:00.000970364,0.0776
2027-09-06 02:00:00.000970602,0.0776
2027-09-06 03:00:00.000970602,0.0776
2027-09-06 04:00:00.000970840,0.0776
2027-09-06 05:00:00.000970840,0.0776
2027-09-06 06:00:00.000970840,0.0776
2027-09-06 07:00:00.000971079,0.0776
2027-09-06 08:00:00.000971079,0.0776
2027-09-06 09:00:00.000971317,0.0776
2027-09-06 10:00:00.000971317,0.0776
2027-09-06 11:00:00.000971556,0.0776
2027-09-06 12:00:00.000971556,0.0776
2027-09-06 13:00:00.000971556,0.0776
2027-09-06 14:00:00.000971794,0.0776
2027-09-06 15:00:00.000971794,0.0776
2027-09-06 16:00:00.000972033,0.0776
2027-09-06 17:00:00.000972033,0.0776
2027-09-06 18:00:00.000972271,0.0776
2027-09-06 19:00:00.000972271,0.0776
2027-09-06 20:00:00.000972509,0.0776
2027-09-06 21:00:00.000972509,0.0776
2027-09-06 22:00:00.000972509,0.0776
2027-09-06 23:00:00.000972748,0.0776
2027-09-07 00:00:00.000972748,0.0692
2027-09-07 01:00:00.000972986,0.0692
2027-09-07 02:00:00.000972986,0.0692
2027-09-07 03:00:00.000973225,0.0692
2027-09-07 04:00:00.000973225,0.0692
2027-09-07 05:00:00.000973463,0.0692
2027-09-07 06:00:00.000973463,0.0692
2027-09-07 07:00:00.000973463,0.0692
2027-09-07 08:00:00.000973701,0.0692
2027-09-07 09:00:00.000973701,0.0692
2027-09-07 10:00:00.000973940,0.0692
2027-09-07 11:00:00.000973940,0.0692
2027-09-07 12:00:00.000974178,0.0692
2027-09-07 13:00:00.000974178,0.0692
2027-09-07 14:00:00.000974178,0.0692
2027-09-07 15:00:00.000974417,0.0692
2027-09-07 16:00:00.000974417,0.0692
2027-09-07 17:00:00.000974655,0.0692
2027-09-07 18:00:00.000974655,0.0692
2027-09-07 19:00:00.000974894,0.0692
2027-09-07 20:00:00.000974894,0.0692
2027-09-07 21:00:00.000975132,0.0692
2027-09-07 22:00:00.000975132,0.0692
2027-09-07 23:00:00.000975132,0.0692
2027-09-08 00:00:00.000975370,0.0609
2027-09-08 01:00:00.000975370,0.0609
2027-09-08 02:00:00.000975609,0.0609
2027-09-08 03:00:00.000975609,0.0609
2027-09-08 04:00:00.000975847,0.0609
2027-09-08 05:00:00.000975847,0.0609
2027-09-08 06:00:00.000976086,0.0609
2027-09-08 07:00:00.000976086,0.0609
2027-09-08 08:00:00.000976086,0.0609
2027-09-08 09:00:00.000976324,0.0609
2027-09-08 10:00:00.000976324,0.0609
2027-09-08 11:00:00.000976562,0.0609
2027-09-08 12:00:00.000976562,0.0609
2027-09-08 13:00:00.000976801,0.0609
2027-09-08 14:00:00.000976801,0.0609
2027-09-08 15:00:00.000976801,0.0609
2027-09-08 16:00:00.000977039,0.0609
2027-09-08 17:00:00.000977039,0.0609
2027-09-08 18:00:00.000977278,0.0609
2027-09-08 19:00:00.000977278,0.0609
2027-09-08 20:00:00.000977516,0.0609
2027-09-08 21:00:00.000977516,0.0609
2027-09-08 22:00:00.000977755,0.0609
2027-09-08 23:00:00.000977755,0.0609
2027-09-09 00:00:00.000977755,0.0525
2027-09-09 01:00:00.000977992,0.0525
2027-09-09 02:00:00.000977992,0.0525
2027-09-09 03:00:00.000978231,0.0525
2027-09-09 04:00:00.000978231,0.0525
2027-09-09 05:00:00.000978470,0.0525
2027-09-09 06:00:00.000978470,0.0525
2027-09-09 07:00:00.000978470,0.0525
2027-09-09 08:00:00.000978708,0.0525
2027-09-09 09:00:00.000978708,0.0525
2027-09-09 10:00:00.000978947,0.0525
2027-09-09 11:00:00.000978947,0.0525
2027-09-09 12:00:00.000979185,0.0525
2027-09-09 13:00:00.000979185,0.0525
2027-09-09 14:00:00.000979424,0.0525
2027-09-09 15:00:00.000979424,0.0525
2027-09-09 16:00:00.000979424,0.0525
2027-09-09 17:00:00.000979662,0.0525
2027-09-09 18:00:00.000979662,0.0525
2027-09-09 19:00:00.000979899,0.0525
2027-09-09 20:00:00.000979899,0.0525
2027-09-09 21:00:00.000980139,0.0525
2027-09-09 22:00:00.000980139,0.0525
2027-09-09 23:00:00.000980376,0.0525
2027-09-10 00:00:00.000980376,0.0441
2027-09-10 01:00:00.000980376,0.0441
2027-09-10 02:00:00.000980615,0.0441
2027-09-10 03:00:00.000980615,0.0441
2027-09-10 04:00:00.000980854,0.0441
2027-09-10 05:00:00.000980854,0.0441
2027-09-10 06:00:00.000981092,0.0441
2027-09-10 07:00:00.000981092,0.0441
2027-09-10 08:00:00.000981092,0.0441
2027-09-10 09:00:00.000981331,0.0441
2027-09-10 10:00:00.000981331,0.0441
2027-09-10 11:00:00.000981569,0.0441
2027-09-10 12:00:00.000981569,0.0441
2027-09-10 13:00:00.000981808,0.0441
2027-09-10 14:00:00.000981808,0.0441
2027-09-10 15:00:00.000982046,0.0441
2027-09-10 16:00:00.000982046,0.0441
2027-09-10 17:00:00.000982046,0.0441
2027-09-10 18:00:00.000982285,0.0441
2027-09-10 19:00:00.000982285,0.0441
2027-09-10 20:00:00.000982522,0.0441
2027-09-10 21:00:00.000982522,0.0441
2027-09-10 22:00:00.000982761,0.0441
2027-09-10 23:00:00.000982761,0.0441
2027-09-11 00:00:00.000982999,0.0357
2027-09-11 01:00:00.000982999,0.0357
2027-09-11 02:00:00.000982999,0.0357
2027-09-11 03:00:00.000983238,0.0357
2027-09-11 04:00:00.000983238,0.0357
2027-09-11 05:00:00.000983477,0.0357
2027-09-11 06:00:00.000983477,0.0357
2027-09-11 07:00:00.000983715,0.0357
2027-09-11 08:00:00.000983715,0.0357
2027-09-11 09:00:00.000983715,0.0357
2027-09-11 10:00:00.000983953,0.0357
2027-09-11 11:00:00.000983953,0.0357
2027-09-11 12:00:00.000984192,0.0357
2027-09-11 13:00:00.000984192,0.0357
2027-09-11 14:00:00.000984429,0.0357
2027-09-11 15:00:00.000984429,0.0357
2027-09-11 16:00:00.000984669,0.0357
2027-09-11 17:00:00.000984669,0.0357
2027-09-11 18:00:00.000984669,0.0357
2027-09-11 19:00:00.000984906,0.0357
2027-09-11 20:00:00.000984906,0.0357
2027-09-11 21:00:00.000985145,0.0357
2027-09-11 22:00:00.000985145,0.0357
2027-09-11 23:00:00.000985384,0.0357
2027-09-12 00:00:00.000985384,0.0273
2027-09-12 01:00:00.000985384,0.0273
2027-09-12 02:00:00.000985622,0.0273
2027-09-12 03:00:00.000985622,0.0273
2027-09-12 04:00:00.000985861,0.0273
2027-09-12 05:00:00.000985861,0.0273
2027-09-12 06:00:00.000986099,0.0273
2027-09-12 07:00:00.000986099,0.0273
2027-09-12 08:00:00.000986338,0.0273
2027-09-12 09:00:00.000986338,0.0273
2027-09-12 10:00:00.000986338,0.0273
2027-09-12 11:00:00.000986576,0.0273
2027-09-12 12:00:00.000986576,0.0273
2027-09-12 13:00:00.000986813,0.0273
2027-09-12 14:00:00.000986813,0.0273
2027-09-12 15:00:00.000987053,0.0273
2027-09-12 16:00:00.000987053,0.0273
2027-09-12 17:00:00.000987291,0.0273
2027-09-12 18:00:00.000987291,0.0273
2027-09-12 19:00:00.000987291,0.0273
2027-09-12 20:00:00.000987529,0.0273
2027-09-12 21:00:00.000987529,0.0273
2027-09-12 22:00:00.000987768,0.0273
2027-09-12 23:00:00.000987768,0.0273
2027-09-13 00:00:00.000988007,0.019
2027-09-13 01:00:00.000988007,0.019
2027-09-13 02:00:00.000988007,0.019
2027-09-13 03:00:00.000988245,0.019
2027-09-13 04:00:00.000988245,0.019
2027-09-13 05:00:00.000988483,0.019
2027-09-13 06:00:00.000988483,0.019
2027-09-13 07:00:00.000988722,0.019
2027-09-13 08:00:00.000988722,0.019
2027-09-13 09:00:00.000988960,0.019
2027-09-13 10:00:00.000988960,0.019
2027-09-13 11:00:00.000988960,0.019
2027-09-13 12:00:00.000989199,0.019
2027-09-13 13:00:00.000989199,0.019
2027-09-13 14:00:00.000989436,0.019
2027-09-13 15:00:00.000989436,0.019
2027-09-13 16:00:00.000989676,0.019
2027-09-13 17:00:00.000989676,0.019
2027-09-13 18:00:00.000989913,0.019
2027-09-13 19:00:00.000989913,0.019
2027-09-13 20:00:00.000989913,0.019
2027-09-13 21:00:00.000990152,0.019
2027-09-13 22:00:00.000990152,0.019
2027-09-13 23:00:00.000990391,0.019
2027-09-14 00:00:00.000990391,0.0106
2027-09-14 01:00:00.000990629,0.0106
2027-09-14 02:00:00.000990629,0.0106
2027-09-14 03:00:00.000990629,0.0106
2027-09-14 04:00:00.000990868,0.0106
2027-09-14 05:00:00.000990868,0.0106
2027-09-14 06:00:00.000991106,0.0106
2027-09-14 07:00:00.000991106,0.0106
2027-09-14 08:00:00.000991343,0.0106
2027-09-14 09:00:00.000991343,0.0106
2027-09-14 10:00:00.000991583,0.0106
2027-09-14 11:00:00.000991583,0.0106
2027-09-14 12:00:00.000991583,0.0106
2027-09-14 13:00:00.000991820,0.0106
2027-09-14 14:00:00.000991820,0.0106
2027-09-14 15:00:00.000992059,0.0106
2027-09-14 16:00:00.000992059,0.0106
2027-09-14 17:00:00.000992298,0.0106
2027-09-14 18:00:00.000992298,0.0106
2027-09-14 19:00:00.000992298,0.0106
2027-09-14 20:00:00.000992536,0.0106
2027-09-14 21:00:00.000992536,0.0106
2027-09-14 22:00:00.000992775,0.0106
2027-09-14 23:00:00.000992775,0.0106
2027-09-15 00:00:00.000993013,0.0022
2027-09-15 01:00:00.000993013,0.0022
2027-09-15 02:00:00.000993252,0.0022
2027-09-15 03:00:00.000993252,0.0022
2027-09-15 04:00:00.000993252,0.0022
2027-09-15 05:00:00.000993490,0.0022
2027-09-15 06:00:00.000993490,0.0022
2027-09-15 07:00:00.000993729,0.0022
2027-09-15 08:00:00.000993729,0.0022
2027-09-15 09:00:00.000993966,0.0022
2027-09-15 10:00:00.000993966,0.0022
2027-09-15 11:00:00.000994205,0.0022
2027-09-15 12:00:00.000994205,0.0022
2027-09-15 13:00:00.000994205,0.0022
2027-09-15 14:00:00.000994443,0.0022
2027-09-15 15:00:00.000994443,0.0022
2027-09-15 16:00:00.000994682,0.0022
2027-09-15 17:00:00.000994682,0.0022
2027-09-15 18:00:00.000994921,0.0022
2027-09-15 19:00:00.000994921,0.0022
2027-09-15 20:00:00.000994921,0.0022
2027-09-15 21:00:00.000995159,0.0022
2027-09-15 22:00:00.000995159,0.0022
2027-09-15 23:00:00.000995398,0.0022
2027-09-16 00:00:00.000995398,-0.0062
2027-09-16 01:00:00.000995636,-0.0062
2027-09-16 02:00:00.000995636,-0.0062
